timestamp,cpu_pct,mem_pct,load1,net_in_kbps,net_out_kbps,incident,incident_type
2026-09-01 00:00:00,21.36,40.7,0.917,138.84,58.77,0,normal
2026-09-01 00:00:30,18.0,40.71,0.718,152.59,61.3,0,normal
2026-09-01 00:01:00,22.48,40.72,0.844,124.34,68.98,0,normal
2026-09-01 00:01:30,22.95,40.72,0.936,169.5,67.74,0,normal
2026-09-01 00:02:00,15.72,40.71,0.623,86.98,36.92,0,normal
2026-09-01 00:02:30,17.34,40.7,0.689,137.12,59.38,0,normal
2026-09-01 00:03:00,20.92,40.72,0.857,94.49,55.84,0,normal
2026-09-01 00:03:30,19.81,40.74,0.82,146.46,63.14,0,normal
2026-09-01 00:04:00,20.56,40.72,0.824,135.32,74.09,0,normal
2026-09-01 00:04:30,18.47,40.73,0.736,165.03,88.61,0,normal
2026-09-01 00:05:00,22.8,40.72,1.006,132.49,61.9,0,normal
2026-09-01 00:05:30,22.55,40.7,0.956,109.9,46.43,0,normal
2026-09-01 00:06:00,20.77,40.7,0.865,107.72,46.07,0,normal
2026-09-01 00:06:30,23.42,40.69,0.943,113.75,53.38,0,normal
2026-09-01 00:07:00,21.77,40.67,0.827,107.23,44.75,0,normal
2026-09-01 00:07:30,18.45,40.64,0.78,153.68,63.39,0,normal
2026-09-01 00:08:00,21.52,40.61,0.867,151.89,66.74,0,normal
2026-09-01 00:08:30,18.21,40.61,0.707,82.59,49.0,0,normal
2026-09-01 00:09:00,22.8,40.6,0.901,120.96,73.88,0,normal
2026-09-01 00:09:30,20.48,40.59,0.78,121.56,61.36,0,normal
2026-09-01 00:10:00,20.14,40.6,0.848,100.47,59.65,0,normal
2026-09-01 00:10:30,18.9,40.6,0.782,130.96,72.38,0,normal
2026-09-01 00:11:00,23.66,40.61,0.955,156.52,84.91,0,normal
2026-09-01 00:11:30,20.22,40.61,0.807,142.3,89.79,0,normal
2026-09-01 00:12:00,19.53,40.59,0.755,153.68,67.29,0,normal
2026-09-01 00:12:30,19.73,40.59,0.705,102.04,53.61,0,normal
2026-09-01 00:13:00,21.94,40.57,0.816,120.91,62.21,0,normal
2026-09-01 00:13:30,21.52,40.58,0.829,100.86,43.7,0,normal
2026-09-01 00:14:00,21.64,40.56,0.827,125.99,69.19,0,normal
2026-09-01 00:14:30,21.68,40.58,0.88,128.24,77.03,0,normal
2026-09-01 00:15:00,25.96,40.57,1.081,144.0,60.99,0,normal
2026-09-01 00:15:30,19.59,40.59,0.779,152.84,66.63,0,normal
2026-09-01 00:16:00,19.33,40.57,0.828,137.22,72.94,0,normal
2026-09-01 00:16:30,18.58,40.56,0.714,98.5,51.55,0,normal
2026-09-01 00:17:00,22.15,40.57,0.88,86.2,37.47,0,normal
2026-09-01 00:17:30,23.43,40.59,0.935,133.0,61.53,0,normal
2026-09-01 00:18:00,20.33,40.62,0.858,157.51,68.67,0,normal
2026-09-01 00:18:30,18.51,40.62,0.744,119.38,75.28,0,normal
2026-09-01 00:19:00,18.55,40.66,0.747,81.82,53.63,0,normal
2026-09-01 00:19:30,22.24,40.65,0.816,172.12,75.49,0,normal
2026-09-01 00:20:00,22.47,40.68,0.859,132.24,60.7,0,normal
2026-09-01 00:20:30,21.97,40.66,0.927,124.28,84.18,0,normal
2026-09-01 00:21:00,18.95,40.67,0.679,90.8,51.21,0,normal
2026-09-01 00:21:30,21.2,40.62,0.905,120.41,69.57,0,normal
2026-09-01 00:22:00,20.91,40.6,0.857,137.17,56.45,0,normal
2026-09-01 00:22:30,21.17,40.61,0.815,132.58,77.85,0,normal
2026-09-01 00:23:00,22.8,40.58,0.874,103.0,43.71,0,normal
2026-09-01 00:23:30,21.18,40.59,0.928,118.57,56.68,0,normal
2026-09-01 00:24:00,22.32,40.61,0.956,104.6,48.99,0,normal
2026-09-01 00:24:30,20.79,40.6,0.827,161.6,65.63,0,normal
2026-09-01 00:25:00,21.35,40.58,0.86,142.37,72.86,0,normal
2026-09-01 00:25:30,22.2,40.57,0.859,106.89,52.45,0,normal
2026-09-01 00:26:00,16.98,40.55,0.684,90.79,43.7,0,normal
2026-09-01 00:26:30,19.83,40.55,0.766,126.95,51.81,0,normal
2026-09-01 00:27:00,19.45,40.55,0.775,107.68,44.22,0,normal
2026-09-01 00:27:30,19.03,40.55,0.83,109.54,48.64,0,normal
2026-09-01 00:28:00,19.94,40.58,0.794,91.62,41.09,0,normal
2026-09-01 00:28:30,24.37,40.57,0.924,94.71,37.63,0,normal
2026-09-01 00:29:00,18.47,40.59,0.688,124.07,53.05,0,normal
2026-09-01 00:29:30,23.05,40.57,0.928,113.33,55.44,0,normal
2026-09-01 00:30:00,16.43,40.57,0.632,182.41,79.58,0,normal
2026-09-01 00:30:30,19.8,40.6,0.802,134.86,76.42,0,normal
2026-09-01 00:31:00,21.05,40.62,0.774,91.21,44.48,0,normal
2026-09-01 00:31:30,22.1,40.61,0.915,81.61,45.81,0,normal
2026-09-01 00:32:00,22.42,40.62,0.849,129.95,65.42,0,normal
2026-09-01 00:32:30,22.62,40.63,0.907,110.08,45.66,0,normal
2026-09-01 00:33:00,19.77,40.62,0.777,153.29,61.28,0,normal
2026-09-01 00:33:30,19.49,40.64,0.846,127.05,60.77,0,normal
2026-09-01 00:34:00,22.79,40.67,0.919,70.44,35.39,0,normal
2026-09-01 00:34:30,20.17,40.68,0.885,94.51,40.37,0,normal
2026-09-01 00:35:00,17.46,40.69,0.718,103.12,41.13,0,normal
2026-09-01 00:35:30,17.82,40.71,0.763,131.05,69.15,0,normal
2026-09-01 00:36:00,18.35,40.68,0.726,93.68,43.57,0,normal
2026-09-01 00:36:30,21.89,40.69,0.891,123.82,54.49,0,normal
2026-09-01 00:37:00,21.01,40.67,0.892,86.6,58.94,0,normal
2026-09-01 00:37:30,22.38,40.66,0.936,120.15,56.79,0,normal
2026-09-01 00:38:00,19.59,40.7,0.804,129.25,59.01,0,normal
2026-09-01 00:38:30,21.05,40.7,0.828,156.54,76.07,0,normal
2026-09-01 00:39:00,22.22,40.68,0.882,126.14,64.99,0,normal
2026-09-01 00:39:30,19.89,40.71,0.841,99.58,50.9,0,normal
2026-09-01 00:40:00,21.81,40.69,0.931,157.33,74.2,0,normal
2026-09-01 00:40:30,19.01,40.68,0.738,115.42,54.44,0,normal
2026-09-01 00:41:00,19.76,40.7,0.761,139.34,66.14,0,normal
2026-09-01 00:41:30,19.71,40.7,0.753,104.68,68.7,0,normal
2026-09-01 00:42:00,17.68,40.67,0.737,122.27,64.48,0,normal
2026-09-01 00:42:30,21.89,40.68,0.835,99.97,58.18,0,normal
2026-09-01 00:43:00,19.5,40.68,0.812,128.06,69.3,0,normal
2026-09-01 00:43:30,20.7,40.71,0.851,140.1,66.72,0,normal
2026-09-01 00:44:00,21.88,40.7,0.851,107.63,51.58,0,normal
2026-09-01 00:44:30,21.79,40.72,0.94,106.22,41.79,0,normal
2026-09-01 00:45:00,22.34,40.75,0.828,128.92,69.25,0,normal
2026-09-01 00:45:30,20.43,40.74,0.885,99.37,44.71,0,normal
2026-09-01 00:46:00,19.63,40.73,0.798,82.05,64.16,0,normal
2026-09-01 00:46:30,20.49,40.74,0.734,128.83,68.23,0,normal
2026-09-01 00:47:00,16.47,40.73,0.711,117.31,49.03,0,normal
2026-09-01 00:47:30,17.07,40.73,0.716,116.78,64.46,0,normal
2026-09-01 00:48:00,17.39,40.73,0.681,133.03,71.7,0,normal
2026-09-01 00:48:30,18.2,40.72,0.693,136.52,54.28,0,normal
2026-09-01 00:49:00,21.7,40.72,0.8,115.97,62.51,0,normal
2026-09-01 00:49:30,18.43,40.73,0.826,91.93,41.46,0,normal
2026-09-01 00:50:00,19.75,40.73,0.754,104.04,41.02,0,normal
2026-09-01 00:50:30,23.95,40.72,0.897,134.62,67.8,0,normal
2026-09-01 00:51:00,19.81,40.71,0.803,123.41,62.39,0,normal
2026-09-01 00:51:30,22.55,40.71,0.828,106.26,48.33,0,normal
2026-09-01 00:52:00,18.37,40.71,0.699,100.39,70.68,0,normal
2026-09-01 00:52:30,20.19,40.7,0.848,135.45,65.6,0,normal
2026-09-01 00:53:00,18.34,40.7,0.75,114.46,50.9,0,normal
2026-09-01 00:53:30,19.86,40.67,0.779,138.82,58.85,0,normal
2026-09-01 00:54:00,22.82,40.65,0.914,141.98,62.08,0,normal
2026-09-01 00:54:30,16.4,40.65,0.641,112.18,61.49,0,normal
2026-09-01 00:55:00,21.81,40.63,0.87,143.74,76.27,0,normal
2026-09-01 00:55:30,21.31,40.67,0.82,123.46,50.91,0,normal
2026-09-01 00:56:00,19.24,40.67,0.747,126.69,67.99,0,normal
2026-09-01 00:56:30,17.11,40.67,0.663,65.28,53.44,0,normal
2026-09-01 00:57:00,20.91,40.66,0.806,95.73,54.69,0,normal
2026-09-01 00:57:30,19.41,40.66,0.817,97.08,47.0,0,normal
2026-09-01 00:58:00,21.32,40.64,0.885,112.03,66.57,0,normal
2026-09-01 00:58:30,20.79,40.63,0.793,122.86,71.05,0,normal
2026-09-01 00:59:00,24.74,40.62,0.931,123.88,63.06,0,normal
2026-09-01 00:59:30,20.14,40.61,0.799,127.14,68.4,0,normal
2026-09-01 01:00:00,18.18,40.56,0.806,102.88,51.02,0,normal
2026-09-01 01:00:30,21.19,40.54,0.804,137.28,76.66,0,normal
2026-09-01 01:01:00,21.3,40.57,0.845,165.23,80.01,0,normal
2026-09-01 01:01:30,24.15,40.59,0.97,111.17,74.19,0,normal
2026-09-01 01:02:00,22.84,40.61,0.909,103.41,57.34,0,normal
2026-09-01 01:02:30,21.64,40.64,0.846,102.87,48.0,0,normal
2026-09-01 01:03:00,24.42,40.66,1.033,122.14,50.49,0,normal
2026-09-01 01:03:30,17.79,40.65,0.728,106.86,44.02,0,normal
2026-09-01 01:04:00,19.16,40.63,0.799,76.74,40.5,0,normal
2026-09-01 01:04:30,18.45,40.65,0.76,83.58,41.38,0,normal
2026-09-01 01:05:00,19.79,40.65,0.827,145.5,67.23,0,normal
2026-09-01 01:05:30,17.33,40.7,0.748,152.04,59.9,0,normal
2026-09-01 01:06:00,22.36,40.7,0.954,160.0,79.53,0,normal
2026-09-01 01:06:30,20.22,40.74,0.903,125.66,65.71,0,normal
2026-09-01 01:07:00,17.1,40.73,0.726,95.23,37.74,0,normal
2026-09-01 01:07:30,18.24,40.76,0.705,109.05,53.04,0,normal
2026-09-01 01:08:00,21.57,40.8,0.899,82.72,50.75,0,normal
2026-09-01 01:08:30,22.88,40.77,0.948,81.75,34.75,0,normal
2026-09-01 01:09:00,25.78,40.77,1.13,126.38,58.26,0,normal
2026-09-01 01:09:30,28.07,40.75,1.069,133.48,83.12,0,normal
2026-09-01 01:10:00,21.83,40.72,0.898,168.96,83.94,0,normal
2026-09-01 01:10:30,18.32,40.74,0.708,117.92,65.1,0,normal
2026-09-01 01:11:00,15.47,40.73,0.635,86.05,37.0,0,normal
2026-09-01 01:11:30,21.47,40.73,0.85,116.95,72.79,0,normal
2026-09-01 01:12:00,18.77,40.75,0.769,112.94,58.73,0,normal
2026-09-01 01:12:30,19.77,40.71,0.735,107.72,64.7,0,normal
2026-09-01 01:13:00,19.28,40.74,0.802,128.59,53.23,0,normal
2026-09-01 01:13:30,20.46,40.73,0.827,89.64,53.75,0,normal
2026-09-01 01:14:00,23.48,40.74,0.946,123.27,60.73,0,normal
2026-09-01 01:14:30,21.21,40.75,0.931,136.29,58.99,0,normal
2026-09-01 01:15:00,20.43,40.78,0.801,155.49,66.97,0,normal
2026-09-01 01:15:30,18.23,40.78,0.742,127.76,58.79,0,normal
2026-09-01 01:16:00,16.64,40.74,0.669,146.08,80.51,0,normal
2026-09-01 01:16:30,19.61,40.74,0.792,108.9,52.22,0,normal
2026-09-01 01:17:00,20.7,40.75,0.92,112.39,53.55,0,normal
2026-09-01 01:17:30,25.25,40.73,1.013,153.7,60.63,0,normal
2026-09-01 01:18:00,21.17,40.73,0.823,85.71,37.09,0,normal
2026-09-01 01:18:30,23.3,40.72,1.019,109.92,52.24,0,normal
2026-09-01 01:19:00,19.6,40.7,0.772,148.21,58.62,0,normal
2026-09-01 01:19:30,17.88,40.71,0.658,114.72,66.74,0,normal
2026-09-01 01:20:00,18.44,40.7,0.71,112.86,59.25,0,normal
2026-09-01 01:20:30,19.04,40.69,0.714,113.37,56.53,0,normal
2026-09-01 01:21:00,26.18,40.68,0.953,122.93,68.85,0,normal
2026-09-01 01:21:30,18.81,40.71,0.739,147.15,62.69,0,normal
2026-09-01 01:22:00,22.96,40.71,0.915,143.11,58.86,0,normal
2026-09-01 01:22:30,18.61,40.71,0.788,120.29,60.06,0,normal
2026-09-01 01:23:00,23.2,40.7,0.957,147.31,73.59,0,normal
2026-09-01 01:23:30,21.83,40.71,0.899,128.54,71.28,0,normal
2026-09-01 01:24:00,20.49,40.74,0.783,141.48,56.06,0,normal
2026-09-01 01:24:30,20.78,40.75,0.868,94.29,46.21,0,normal
2026-09-01 01:25:00,19.25,40.77,0.824,163.46,95.45,0,normal
2026-09-01 01:25:30,22.0,40.78,0.897,125.51,60.87,0,normal
2026-09-01 01:26:00,19.75,40.76,0.807,51.29,20.8,0,normal
2026-09-01 01:26:30,17.83,40.74,0.668,161.49,66.45,0,normal
2026-09-01 01:27:00,17.7,40.74,0.746,120.13,65.76,0,normal
2026-09-01 01:27:30,21.33,40.72,0.929,110.11,58.27,0,normal
2026-09-01 01:28:00,24.85,40.7,1.01,104.86,65.47,0,normal
2026-09-01 01:28:30,21.31,40.66,0.827,130.99,72.49,0,normal
2026-09-01 01:29:00,20.62,40.64,0.818,97.79,39.72,0,normal
2026-09-01 01:29:30,21.63,40.63,0.847,105.58,53.72,0,normal
2026-09-01 01:30:00,24.18,40.63,0.95,106.18,54.67,0,normal
2026-09-01 01:30:30,21.47,40.62,0.887,112.69,59.83,0,normal
2026-09-01 01:31:00,19.9,40.62,0.807,107.12,47.86,0,normal
2026-09-01 01:31:30,23.69,40.61,0.995,141.32,65.4,0,normal
2026-09-01 01:32:00,22.01,40.64,0.897,126.78,79.88,0,normal
2026-09-01 01:32:30,24.77,40.63,0.948,129.83,66.06,0,normal
2026-09-01 01:33:00,21.4,40.65,0.835,135.27,54.22,0,normal
2026-09-01 01:33:30,17.88,40.65,0.695,117.67,56.88,0,normal
2026-09-01 01:34:00,17.53,40.63,0.695,94.49,54.34,0,normal
2026-09-01 01:34:30,25.08,40.62,1.093,165.13,65.82,0,normal
2026-09-01 01:35:00,25.26,40.6,1.109,143.19,76.57,0,normal
2026-09-01 01:35:30,20.51,40.6,0.855,160.32,64.01,0,normal
2026-09-01 01:36:00,20.01,40.59,0.805,145.86,74.47,0,normal
2026-09-01 01:36:30,24.62,40.59,0.918,108.49,61.84,0,normal
2026-09-01 01:37:00,18.2,40.57,0.736,61.3,35.77,0,normal
2026-09-01 01:37:30,18.73,40.57,0.72,89.27,57.37,0,normal
2026-09-01 01:38:00,22.59,40.58,0.977,135.91,57.52,0,normal
2026-09-01 01:38:30,19.99,40.6,0.735,117.46,47.84,0,normal
2026-09-01 01:39:00,20.97,40.59,0.855,109.5,66.58,0,normal
2026-09-01 01:39:30,20.58,40.59,0.787,57.61,42.98,0,normal
2026-09-01 01:40:00,21.84,40.59,0.873,119.67,62.93,0,normal
2026-09-01 01:40:30,24.51,40.62,1.013,92.96,41.55,0,normal
2026-09-01 01:41:00,21.23,40.6,0.892,101.89,42.27,0,normal
2026-09-01 01:41:30,22.61,40.58,0.902,141.25,95.33,0,normal
2026-09-01 01:42:00,15.88,40.64,0.66,94.27,50.5,0,normal
2026-09-01 01:42:30,20.89,40.63,0.808,96.66,57.68,0,normal
2026-09-01 01:43:00,18.91,40.59,0.766,124.64,63.19,0,normal
2026-09-01 01:43:30,17.97,40.58,0.755,141.81,59.41,0,normal
2026-09-01 01:44:00,18.83,40.53,0.766,109.93,50.74,0,normal
2026-09-01 01:44:30,20.19,40.53,0.786,156.68,72.41,0,normal
2026-09-01 01:45:00,23.32,40.55,0.92,88.03,35.04,0,normal
2026-09-01 01:45:30,17.72,40.53,0.745,83.65,62.18,0,normal
2026-09-01 01:46:00,21.12,40.53,0.799,81.52,32.69,0,normal
2026-09-01 01:46:30,19.83,40.54,0.756,78.7,35.86,0,normal
2026-09-01 01:47:00,20.23,40.51,0.834,128.41,79.0,0,normal
2026-09-01 01:47:30,23.56,40.48,0.922,95.56,48.17,0,normal
2026-09-01 01:48:00,22.4,40.48,0.831,84.75,44.89,0,normal
2026-09-01 01:48:30,24.4,40.47,1.042,129.49,58.15,0,normal
2026-09-01 01:49:00,20.68,40.46,0.782,140.6,63.41,0,normal
2026-09-01 01:49:30,19.33,40.44,0.765,146.27,85.04,0,normal
2026-09-01 01:50:00,20.51,40.44,0.795,141.88,58.07,0,normal
2026-09-01 01:50:30,21.68,40.44,0.854,97.05,41.56,0,normal
2026-09-01 01:51:00,21.52,40.45,0.823,126.9,52.88,0,normal
2026-09-01 01:51:30,18.37,40.46,0.761,132.42,55.99,0,normal
2026-09-01 01:52:00,21.32,40.46,0.857,108.13,46.56,0,normal
2026-09-01 01:52:30,21.66,40.43,0.909,124.12,68.75,0,normal
2026-09-01 01:53:00,27.39,40.45,1.062,88.71,39.36,0,normal
2026-09-01 01:53:30,25.79,40.44,1.142,104.31,49.57,0,normal
2026-09-01 01:54:00,18.98,40.44,0.687,129.29,75.02,0,normal
2026-09-01 01:54:30,20.39,40.46,0.751,157.69,84.22,0,normal
2026-09-01 01:55:00,17.46,40.45,0.76,148.79,77.3,0,normal
2026-09-01 01:55:30,19.64,40.47,0.804,136.52,70.99,0,normal
2026-09-01 01:56:00,21.92,40.51,0.892,121.99,51.22,0,normal
2026-09-01 01:56:30,24.14,40.52,0.986,118.12,54.68,0,normal
2026-09-01 01:57:00,19.31,40.5,0.795,83.81,44.78,0,normal
2026-09-01 01:57:30,19.5,40.46,0.792,99.11,47.57,0,normal
2026-09-01 01:58:00,15.78,40.48,0.601,99.93,47.28,0,normal
2026-09-01 01:58:30,20.74,40.48,0.863,134.37,54.72,0,normal
2026-09-01 01:59:00,18.5,40.47,0.764,143.62,61.5,0,normal
2026-09-01 01:59:30,19.83,40.5,0.85,138.41,57.31,0,normal
2026-09-01 02:00:00,18.97,40.48,0.826,149.57,60.14,0,normal
2026-09-01 02:00:30,20.93,40.47,0.851,121.81,55.71,0,normal
2026-09-01 02:01:00,16.78,40.48,0.63,95.43,42.93,0,normal
2026-09-01 02:01:30,17.5,40.46,0.762,118.75,74.72,0,normal
2026-09-01 02:02:00,26.5,40.46,1.006,101.88,52.73,0,normal
2026-09-01 02:02:30,17.96,40.48,0.731,136.45,58.4,0,normal
2026-09-01 02:03:00,18.45,40.49,0.728,111.02,78.5,0,normal
2026-09-01 02:03:30,25.78,40.52,1.009,117.54,58.37,0,normal
2026-09-01 02:04:00,28.46,40.54,1.182,137.34,55.1,0,normal
2026-09-01 02:04:30,18.27,40.54,0.74,101.47,54.18,0,normal
2026-09-01 02:05:00,20.29,40.5,0.832,144.1,72.37,0,normal
2026-09-01 02:05:30,22.06,40.47,0.847,86.31,44.46,0,normal
2026-09-01 02:06:00,25.54,40.49,1.013,127.66,64.47,0,normal
2026-09-01 02:06:30,18.75,40.46,0.721,117.73,58.52,0,normal
2026-09-01 02:07:00,20.62,40.46,0.816,140.68,81.16,0,normal
2026-09-01 02:07:30,23.17,40.46,0.921,85.64,39.45,0,normal
2026-09-01 02:08:00,22.33,40.49,0.975,81.73,62.88,0,normal
2026-09-01 02:08:30,20.3,40.48,0.801,138.75,58.28,0,normal
2026-09-01 02:09:00,20.91,40.47,0.748,110.23,52.31,0,normal
2026-09-01 02:09:30,17.81,40.47,0.762,117.73,59.8,0,normal
2026-09-01 02:10:00,20.66,40.48,0.845,103.51,43.48,0,normal
2026-09-01 02:10:30,20.59,40.48,0.818,142.82,57.75,0,normal
2026-09-01 02:11:00,21.85,40.5,0.855,127.48,59.76,0,normal
2026-09-01 02:11:30,19.88,40.48,0.758,126.02,50.62,0,normal
2026-09-01 02:12:00,22.46,40.49,0.985,90.76,41.2,0,normal
2026-09-01 02:12:30,23.81,40.5,0.955,132.54,57.2,0,normal
2026-09-01 02:13:00,21.68,40.49,0.792,95.19,42.23,0,normal
2026-09-01 02:13:30,22.17,40.51,0.901,103.54,47.08,0,normal
2026-09-01 02:14:00,21.43,40.51,0.909,85.87,44.04,0,normal
2026-09-01 02:14:30,21.3,40.53,0.859,116.09,62.2,0,normal
2026-09-01 02:15:00,19.5,40.54,0.745,146.61,62.6,0,normal
2026-09-01 02:15:30,22.1,40.54,0.84,125.67,54.7,0,normal
2026-09-01 02:16:00,21.07,40.53,0.804,108.95,45.51,0,normal
2026-09-01 02:16:30,26.55,40.52,1.143,122.73,64.55,0,normal
2026-09-01 02:17:00,25.26,40.55,1.007,122.59,78.39,0,normal
2026-09-01 02:17:30,22.29,40.56,0.817,121.65,52.74,0,normal
2026-09-01 02:18:00,19.43,40.54,0.792,124.43,68.13,0,normal
2026-09-01 02:18:30,18.56,40.55,0.748,94.0,43.11,0,normal
2026-09-01 02:19:00,24.33,40.5,0.951,122.66,50.81,0,normal
2026-09-01 02:19:30,22.01,40.49,0.835,76.12,52.34,0,normal
2026-09-01 02:20:00,22.56,40.51,0.854,134.39,58.33,0,normal
2026-09-01 02:20:30,17.0,40.51,0.717,92.43,40.0,0,normal
2026-09-01 02:21:00,23.69,40.51,0.959,149.44,62.71,0,normal
2026-09-01 02:21:30,22.51,40.45,0.922,58.87,24.9,0,normal
2026-09-01 02:22:00,18.6,40.45,0.753,161.86,66.59,0,normal
2026-09-01 02:22:30,20.2,40.45,0.821,79.02,49.0,0,normal
2026-09-01 02:23:00,22.05,40.47,0.861,90.0,40.4,0,normal
2026-09-01 02:23:30,21.52,40.49,0.852,127.48,65.74,0,normal
2026-09-01 02:24:00,20.67,40.48,0.875,135.47,54.29,0,normal
2026-09-01 02:24:30,21.14,40.48,0.906,112.92,64.22,0,normal
2026-09-01 02:25:00,20.78,40.46,0.781,142.32,59.98,0,normal
2026-09-01 02:25:30,21.79,40.45,0.863,100.09,49.69,0,normal
2026-09-01 02:26:00,25.1,40.43,1.046,110.01,60.11,0,normal
2026-09-01 02:26:30,15.01,40.39,0.657,112.45,45.12,0,normal
2026-09-01 02:27:00,20.84,40.37,0.908,106.54,54.17,0,normal
2026-09-01 02:27:30,21.88,40.4,0.84,71.65,49.49,0,normal
2026-09-01 02:28:00,22.19,40.4,0.944,119.38,60.44,0,normal
2026-09-01 02:28:30,20.52,40.4,0.823,117.12,56.83,0,normal
2026-09-01 02:29:00,17.06,40.4,0.718,146.95,67.04,0,normal
2026-09-01 02:29:30,22.28,40.36,0.926,87.85,52.65,0,normal
2026-09-01 02:30:00,25.79,40.38,0.966,104.01,52.26,0,normal
2026-09-01 02:30:30,17.63,40.34,0.725,150.09,75.46,0,normal
2026-09-01 02:31:00,23.64,40.33,0.993,127.33,51.76,0,normal
2026-09-01 02:31:30,20.66,40.33,0.825,133.73,54.09,0,normal
2026-09-01 02:32:00,21.34,40.34,0.843,131.34,82.33,0,normal
2026-09-01 02:32:30,18.86,40.32,0.695,131.45,77.55,0,normal
2026-09-01 02:33:00,20.67,40.29,0.855,165.53,76.45,0,normal
2026-09-01 02:33:30,24.75,40.27,1.0,122.29,65.17,0,normal
2026-09-01 02:34:00,22.97,40.26,0.876,94.72,50.5,0,normal
2026-09-01 02:34:30,25.84,40.24,1.017,135.97,72.1,0,normal
2026-09-01 02:35:00,24.47,40.27,0.986,105.84,42.64,0,normal
2026-09-01 02:35:30,22.62,40.24,0.88,117.25,69.03,0,normal
2026-09-01 02:36:00,25.9,40.25,1.036,129.25,62.16,0,normal
2026-09-01 02:36:30,22.63,40.25,0.826,99.47,40.48,0,normal
2026-09-01 02:37:00,23.62,40.28,1.008,107.24,65.25,0,normal
2026-09-01 02:37:30,20.81,40.27,0.833,131.9,57.96,0,normal
2026-09-01 02:38:00,21.73,40.29,0.821,106.28,53.58,0,normal
2026-09-01 02:38:30,19.82,40.29,0.695,144.33,62.99,0,normal
2026-09-01 02:39:00,24.04,40.3,1.011,95.35,46.02,0,normal
2026-09-01 02:39:30,18.63,40.27,0.766,95.26,47.06,0,normal
2026-09-01 02:40:00,23.54,40.22,0.951,167.65,86.16,0,normal
2026-09-01 02:40:30,21.11,40.23,0.881,81.74,53.95,0,normal
2026-09-01 02:41:00,24.52,40.24,1.023,119.33,54.22,0,normal
2026-09-01 02:41:30,23.47,40.25,0.948,166.29,71.46,0,normal
2026-09-01 02:42:00,26.16,40.24,1.033,119.29,66.51,0,normal
2026-09-01 02:42:30,23.43,40.27,0.918,153.67,63.1,0,normal
2026-09-01 02:43:00,17.69,40.26,0.722,136.31,73.86,0,normal
2026-09-01 02:43:30,21.45,40.27,0.918,119.82,61.3,0,normal
2026-09-01 02:44:00,18.7,40.29,0.744,116.73,59.04,0,normal
2026-09-01 02:44:30,20.33,40.32,0.873,67.02,33.54,0,normal
2026-09-01 02:45:00,25.42,40.32,1.036,112.02,55.77,0,normal
2026-09-01 02:45:30,23.24,40.3,0.947,125.81,65.5,0,normal
2026-09-01 02:46:00,19.91,40.28,0.892,125.79,54.22,0,normal
2026-09-01 02:46:30,19.12,40.31,0.828,181.65,91.22,0,normal
2026-09-01 02:47:00,21.75,40.32,0.943,127.02,67.52,0,normal
2026-09-01 02:47:30,18.63,40.33,0.715,135.75,59.34,0,normal
2026-09-01 02:48:00,20.0,40.39,0.888,149.12,60.94,0,normal
2026-09-01 02:48:30,22.46,40.4,0.895,133.51,65.32,0,normal
2026-09-01 02:49:00,24.58,40.38,0.972,117.85,64.09,0,normal
2026-09-01 02:49:30,23.21,40.37,0.828,117.97,55.05,0,normal
2026-09-01 02:50:00,15.98,40.36,0.649,111.23,59.21,0,normal
2026-09-01 02:50:30,22.46,40.35,0.85,131.11,77.45,0,normal
2026-09-01 02:51:00,21.9,40.34,0.894,115.74,59.18,0,normal
2026-09-01 02:51:30,22.75,40.33,0.857,135.62,74.15,0,normal
2026-09-01 02:52:00,25.77,40.31,1.123,94.77,44.46,0,normal
2026-09-01 02:52:30,16.57,40.34,0.681,123.67,66.21,0,normal
2026-09-01 02:53:00,20.26,40.35,0.903,158.8,76.59,0,normal
2026-09-01 02:53:30,23.22,40.34,0.881,114.38,70.17,0,normal
2026-09-01 02:54:00,17.8,40.36,0.767,166.08,72.9,0,normal
2026-09-01 02:54:30,25.44,40.37,0.926,124.09,60.22,0,normal
2026-09-01 02:55:00,22.69,40.38,0.917,118.59,57.6,0,normal
2026-09-01 02:55:30,23.88,40.39,0.925,122.92,53.14,0,normal
2026-09-01 02:56:00,20.35,40.4,0.796,112.21,77.77,0,normal
2026-09-01 02:56:30,23.81,40.41,0.928,70.49,46.08,0,normal
2026-09-01 02:57:00,24.46,40.43,0.934,142.0,77.28,0,normal
2026-09-01 02:57:30,22.37,40.43,0.839,174.82,72.17,0,normal
2026-09-01 02:58:00,22.39,40.43,0.876,132.01,56.09,0,normal
2026-09-01 02:58:30,22.48,40.46,0.904,133.53,60.81,0,normal
2026-09-01 02:59:00,19.66,40.45,0.832,115.44,67.96,0,normal
2026-09-01 02:59:30,21.45,40.46,0.871,148.94,63.18,0,normal
2026-09-01 03:00:00,21.45,40.47,0.908,119.02,50.36,0,normal
2026-09-01 03:00:30,22.79,40.46,0.844,126.68,56.27,0,normal
2026-09-01 03:01:00,24.34,40.45,0.953,80.87,32.44,0,normal
2026-09-01 03:01:30,19.2,40.44,0.795,106.77,42.61,0,normal
2026-09-01 03:02:00,21.54,40.43,0.877,129.18,78.06,0,normal
2026-09-01 03:02:30,25.56,40.4,0.978,142.68,64.8,0,normal
2026-09-01 03:03:00,20.01,40.39,0.838,143.37,74.81,0,normal
2026-09-01 03:03:30,19.81,40.4,0.771,80.52,47.45,0,normal
2026-09-01 03:04:00,22.39,40.43,0.861,83.06,47.43,0,normal
2026-09-01 03:04:30,23.99,40.44,0.983,134.6,54.55,0,normal
2026-09-01 03:05:00,21.92,40.39,0.877,101.33,42.66,0,normal
2026-09-01 03:05:30,25.22,40.4,0.982,142.36,74.73,0,normal
2026-09-01 03:06:00,24.05,40.39,0.935,79.25,44.67,0,normal
2026-09-01 03:06:30,24.01,40.4,0.909,117.54,69.25,0,normal
2026-09-01 03:07:00,23.31,40.41,0.914,119.14,57.7,0,normal
2026-09-01 03:07:30,27.74,40.4,1.171,132.01,62.93,0,normal
2026-09-01 03:08:00,21.42,40.4,0.867,94.22,42.64,0,normal
2026-09-01 03:08:30,16.93,40.4,0.71,70.83,42.45,0,normal
2026-09-01 03:09:00,25.96,40.43,1.065,124.28,69.5,0,normal
2026-09-01 03:09:30,20.8,40.43,0.807,133.16,60.26,0,normal
2026-09-01 03:10:00,22.23,40.46,0.816,145.19,64.05,0,normal
2026-09-01 03:10:30,25.24,40.48,0.963,111.04,48.08,0,normal
2026-09-01 03:11:00,17.97,40.49,0.695,139.39,61.04,0,normal
2026-09-01 03:11:30,18.85,40.46,0.726,132.14,74.8,0,normal
2026-09-01 03:12:00,17.99,40.48,0.755,153.06,68.42,0,normal
2026-09-01 03:12:30,20.0,40.47,0.839,118.62,51.84,0,normal
2026-09-01 03:13:00,23.1,40.49,1.026,76.75,31.43,0,normal
2026-09-01 03:13:30,23.31,40.47,0.897,118.31,69.22,0,normal
2026-09-01 03:14:00,22.71,40.45,0.981,122.21,62.81,0,normal
2026-09-01 03:14:30,18.49,40.49,0.798,132.95,59.74,0,normal
2026-09-01 03:15:00,16.26,40.47,0.643,81.68,48.56,0,normal
2026-09-01 03:15:30,22.17,40.5,0.908,112.2,48.83,0,normal
2026-09-01 03:16:00,20.87,40.5,0.886,141.7,72.04,0,normal
2026-09-01 03:16:30,23.19,40.49,0.925,117.4,48.83,0,normal
2026-09-01 03:17:00,23.81,40.5,0.946,112.36,44.99,0,normal
2026-09-01 03:17:30,22.4,40.47,0.868,167.66,74.61,0,normal
2026-09-01 03:18:00,23.97,40.47,0.846,93.25,40.0,0,normal
2026-09-01 03:18:30,22.65,40.45,0.909,150.83,69.76,0,normal
2026-09-01 03:19:00,23.41,40.45,0.903,145.53,80.63,0,normal
2026-09-01 03:19:30,20.32,40.47,0.769,114.37,54.77,0,normal
2026-09-01 03:20:00,21.65,40.47,0.884,119.18,60.28,0,normal
2026-09-01 03:20:30,22.59,40.44,0.838,119.09,66.61,0,normal
2026-09-01 03:21:00,24.17,40.46,1.006,124.55,61.5,0,normal
2026-09-01 03:21:30,21.13,40.46,0.866,105.14,68.13,0,normal
2026-09-01 03:22:00,23.43,40.46,0.919,109.3,57.7,0,normal
2026-09-01 03:22:30,21.46,40.47,0.856,111.12,45.57,0,normal
2026-09-01 03:23:00,21.85,40.47,0.822,111.92,65.06,0,normal
2026-09-01 03:23:30,24.22,40.45,1.005,112.23,91.65,0,normal
2026-09-01 03:24:00,17.17,40.49,0.693,63.98,40.1,0,normal
2026-09-01 03:24:30,18.92,40.49,0.767,122.44,56.03,0,normal
2026-09-01 03:25:00,18.47,40.49,0.757,106.81,60.1,0,normal
2026-09-01 03:25:30,16.34,40.48,0.632,73.33,39.78,0,normal
2026-09-01 03:26:00,20.49,40.51,0.757,111.25,56.81,0,normal
2026-09-01 03:26:30,24.06,40.5,1.008,110.48,44.49,0,normal
2026-09-01 03:27:00,21.49,40.47,0.889,151.88,96.53,0,normal
2026-09-01 03:27:30,22.69,40.46,0.883,106.52,44.49,0,normal
2026-09-01 03:28:00,24.94,40.49,1.018,136.69,56.58,0,normal
2026-09-01 03:28:30,25.53,40.5,1.086,154.57,63.41,0,normal
2026-09-01 03:29:00,22.06,40.5,0.932,104.3,51.89,0,normal
2026-09-01 03:29:30,25.61,40.53,0.996,118.81,55.86,0,normal
2026-09-01 03:30:00,22.47,40.55,0.832,163.22,80.57,0,normal
2026-09-01 03:30:30,20.15,40.54,0.753,125.72,56.63,0,normal
2026-09-01 03:31:00,20.77,40.54,0.818,129.34,61.94,0,normal
2026-09-01 03:31:30,18.56,40.55,0.797,109.82,48.33,0,normal
2026-09-01 03:32:00,20.05,40.54,0.773,137.18,82.48,0,normal
2026-09-01 03:32:30,21.38,40.54,0.83,119.01,57.05,0,normal
2026-09-01 03:33:00,24.3,40.55,0.942,74.2,31.0,0,normal
2026-09-01 03:33:30,26.59,40.51,1.035,111.12,63.3,0,normal
2026-09-01 03:34:00,18.85,40.51,0.753,90.42,39.15,0,normal
2026-09-01 03:34:30,23.28,40.5,0.872,122.81,73.9,0,normal
2026-09-01 03:35:00,19.72,40.53,0.831,97.08,63.97,0,normal
2026-09-01 03:35:30,23.5,40.49,0.933,131.95,55.37,0,normal
2026-09-01 03:36:00,22.0,40.49,0.989,121.12,82.52,0,normal
2026-09-01 03:36:30,17.75,40.48,0.668,88.8,59.68,0,normal
2026-09-01 03:37:00,24.67,40.5,1.065,107.69,60.2,0,normal
2026-09-01 03:37:30,20.83,40.5,0.891,135.51,78.22,0,normal
2026-09-01 03:38:00,21.03,40.54,0.824,148.7,80.03,0,normal
2026-09-01 03:38:30,19.69,40.55,0.772,97.44,40.39,0,normal
2026-09-01 03:39:00,20.74,40.55,0.791,92.56,47.93,0,normal
2026-09-01 03:39:30,23.45,40.55,0.895,168.77,71.72,0,normal
2026-09-01 03:40:00,21.92,40.55,0.877,119.76,56.02,0,normal
2026-09-01 03:40:30,23.21,40.57,0.929,122.29,53.94,0,normal
2026-09-01 03:41:00,23.31,40.54,0.858,101.52,41.42,0,normal
2026-09-01 03:41:30,25.71,40.53,1.146,125.38,66.42,0,normal
2026-09-01 03:42:00,21.56,40.54,0.851,162.88,70.92,0,normal
2026-09-01 03:42:30,18.73,40.56,0.752,126.36,78.1,0,normal
2026-09-01 03:43:00,25.1,40.52,0.973,146.62,72.99,0,normal
2026-09-01 03:43:30,21.61,40.55,0.853,120.72,51.55,0,normal
2026-09-01 03:44:00,25.24,40.55,0.991,94.35,44.95,0,normal
2026-09-01 03:44:30,23.41,40.51,0.936,102.92,80.69,0,normal
2026-09-01 03:45:00,22.14,40.46,0.885,92.05,53.95,0,normal
2026-09-01 03:45:30,23.34,40.43,0.971,125.44,58.1,0,normal
2026-09-01 03:46:00,27.36,40.43,1.107,150.6,70.76,0,normal
2026-09-01 03:46:30,27.67,40.43,1.146,124.03,64.09,0,normal
2026-09-01 03:47:00,22.67,40.44,0.906,112.31,83.46,0,normal
2026-09-01 03:47:30,22.9,40.43,0.926,100.26,44.34,0,normal
2026-09-01 03:48:00,25.2,40.41,0.996,128.89,67.17,0,normal
2026-09-01 03:48:30,20.4,40.41,0.857,89.05,38.68,0,normal
2026-09-01 03:49:00,23.36,40.41,0.949,91.65,51.2,0,normal
2026-09-01 03:49:30,22.46,40.41,0.891,142.5,75.2,0,normal
2026-09-01 03:50:00,23.33,40.4,0.924,113.06,60.74,0,normal
2026-09-01 03:50:30,20.46,40.42,0.814,112.56,53.07,0,normal
2026-09-01 03:51:00,18.58,40.41,0.745,115.77,54.42,0,normal
2026-09-01 03:51:30,17.38,40.39,0.693,138.15,74.85,0,normal
2026-09-01 03:52:00,19.78,40.39,0.769,124.14,57.36,0,normal
2026-09-01 03:52:30,21.43,40.41,0.89,101.42,56.91,0,normal
2026-09-01 03:53:00,21.86,40.41,0.91,102.32,51.9,0,normal
2026-09-01 03:53:30,27.43,40.4,1.195,115.12,63.34,0,normal
2026-09-01 03:54:00,25.37,40.42,0.984,127.56,58.63,0,normal
2026-09-01 03:54:30,20.2,40.46,0.835,119.11,48.74,0,normal
2026-09-01 03:55:00,23.49,40.47,0.85,116.89,49.38,0,normal
2026-09-01 03:55:30,21.6,40.49,0.9,121.16,75.76,0,normal
2026-09-01 03:56:00,21.93,40.52,0.813,119.09,62.59,0,normal
2026-09-01 03:56:30,23.1,40.51,0.879,100.49,40.9,0,normal
2026-09-01 03:57:00,24.2,40.51,0.984,147.68,68.78,0,normal
2026-09-01 03:57:30,21.8,40.48,0.845,107.94,60.47,0,normal
2026-09-01 03:58:00,25.33,40.48,0.975,123.23,69.23,0,normal
2026-09-01 03:58:30,19.81,40.47,0.773,68.49,44.46,0,normal
2026-09-01 03:59:00,22.7,40.47,0.941,114.62,47.19,0,normal
2026-09-01 03:59:30,29.18,40.45,1.113,92.51,61.11,0,normal
2026-09-01 04:00:00,23.26,40.45,0.928,95.52,40.61,0,normal
2026-09-01 04:00:30,26.28,40.46,1.031,180.55,79.05,0,normal
2026-09-01 04:01:00,22.94,40.46,0.955,126.24,63.91,0,normal
2026-09-01 04:01:30,24.17,40.42,1.008,150.65,64.99,0,normal
2026-09-01 04:02:00,22.59,40.41,0.821,141.38,76.21,0,normal
2026-09-01 04:02:30,22.31,40.38,0.939,144.58,67.36,0,normal
2026-09-01 04:03:00,20.8,40.39,0.807,115.02,53.62,0,normal
2026-09-01 04:03:30,23.82,40.4,0.964,160.16,76.6,0,normal
2026-09-01 04:04:00,20.63,40.41,0.787,141.17,58.59,0,normal
2026-09-01 04:04:30,24.43,40.39,0.995,121.03,50.57,0,normal
2026-09-01 04:05:00,25.49,40.4,1.15,126.58,79.84,0,normal
2026-09-01 04:05:30,23.7,40.39,0.954,116.58,52.45,0,normal
2026-09-01 04:06:00,22.08,40.37,0.863,121.31,62.03,0,normal
2026-09-01 04:06:30,23.93,40.39,0.946,118.91,59.86,0,normal
2026-09-01 04:07:00,22.04,40.41,0.817,129.54,62.93,0,normal
2026-09-01 04:07:30,25.15,40.43,1.079,163.5,70.18,0,normal
2026-09-01 04:08:00,18.25,40.42,0.741,89.87,39.37,0,normal
2026-09-01 04:08:30,21.99,40.44,0.833,148.56,80.49,0,normal
2026-09-01 04:09:00,17.87,40.44,0.678,110.79,49.95,0,normal
2026-09-01 04:09:30,19.11,40.45,0.765,151.74,65.48,0,normal
2026-09-01 04:10:00,26.27,40.44,1.1,111.66,48.38,0,normal
2026-09-01 04:10:30,25.1,40.44,0.946,130.32,53.98,0,normal
2026-09-01 04:11:00,21.08,40.39,0.89,116.03,58.5,0,normal
2026-09-01 04:11:30,19.12,40.39,0.761,76.74,53.17,0,normal
2026-09-01 04:12:00,15.48,40.39,0.59,163.47,79.24,0,normal
2026-09-01 04:12:30,21.53,40.39,0.841,96.43,40.09,0,normal
2026-09-01 04:13:00,28.96,40.42,1.26,122.1,57.78,0,normal
2026-09-01 04:13:30,24.0,40.4,0.893,93.69,73.84,0,normal
2026-09-01 04:14:00,21.53,40.39,0.83,86.57,42.76,0,normal
2026-09-01 04:14:30,24.09,40.38,1.009,114.88,64.93,0,normal
2026-09-01 04:15:00,19.04,40.37,0.77,105.16,45.54,0,normal
2026-09-01 04:15:30,22.2,40.39,0.853,90.78,42.08,0,normal
2026-09-01 04:16:00,23.21,40.42,0.973,119.11,61.37,0,normal
2026-09-01 04:16:30,22.74,40.41,0.956,82.95,41.71,0,normal
2026-09-01 04:17:00,24.95,40.4,1.015,123.14,62.39,0,normal
2026-09-01 04:17:30,23.84,40.37,0.924,116.82,70.37,0,normal
2026-09-01 04:18:00,24.66,40.4,0.964,57.99,44.04,0,normal
2026-09-01 04:18:30,21.27,40.43,0.863,106.92,49.61,0,normal
2026-09-01 04:19:00,25.25,40.43,0.944,131.71,55.19,0,normal
2026-09-01 04:19:30,27.08,40.4,1.155,93.41,68.88,0,normal
2026-09-01 04:20:00,20.6,40.38,0.894,132.79,79.28,0,normal
2026-09-01 04:20:30,20.81,40.38,0.822,130.82,58.12,0,normal
2026-09-01 04:21:00,26.38,40.4,1.074,94.56,49.27,0,normal
2026-09-01 04:21:30,22.56,40.35,0.956,119.69,51.93,0,normal
2026-09-01 04:22:00,26.57,40.35,1.167,140.62,65.4,0,normal
2026-09-01 04:22:30,21.95,40.38,0.946,98.09,55.36,0,normal
2026-09-01 04:23:00,26.71,40.38,0.976,114.85,62.09,0,normal
2026-09-01 04:23:30,23.4,40.41,0.921,148.76,62.11,0,normal
2026-09-01 04:24:00,23.74,40.43,0.973,98.56,61.63,0,normal
2026-09-01 04:24:30,27.0,40.41,1.053,131.48,64.81,0,normal
2026-09-01 04:25:00,22.2,40.41,0.967,93.02,58.69,0,normal
2026-09-01 04:25:30,20.76,40.4,0.898,115.98,47.77,0,normal
2026-09-01 04:26:00,22.0,40.39,0.844,131.17,67.59,0,normal
2026-09-01 04:26:30,24.26,40.37,0.962,59.89,35.86,0,normal
2026-09-01 04:27:00,19.23,40.4,0.74,106.64,56.4,0,normal
2026-09-01 04:27:30,24.74,40.38,0.98,130.73,85.84,0,normal
2026-09-01 04:28:00,21.81,40.41,0.863,125.65,67.38,0,normal
2026-09-01 04:28:30,26.03,40.4,1.091,106.94,50.03,0,normal
2026-09-01 04:29:00,17.19,40.4,0.657,92.39,66.05,0,normal
2026-09-01 04:29:30,21.21,40.42,0.737,135.71,67.88,0,normal
2026-09-01 04:30:00,18.98,40.41,0.698,111.94,60.45,0,normal
2026-09-01 04:30:30,21.13,40.42,0.802,133.63,64.42,0,normal
2026-09-01 04:31:00,23.83,40.38,0.922,129.51,57.2,0,normal
2026-09-01 04:31:30,22.76,40.39,0.919,108.81,52.39,0,normal
2026-09-01 04:32:00,22.59,40.34,0.855,146.81,74.86,0,normal
2026-09-01 04:32:30,22.83,40.34,0.858,105.14,54.64,0,normal
2026-09-01 04:33:00,23.75,40.36,0.906,149.76,77.22,0,normal
2026-09-01 04:33:30,20.72,40.37,0.783,153.03,87.88,0,normal
2026-09-01 04:34:00,25.03,40.35,0.973,146.25,78.39,0,normal
2026-09-01 04:34:30,24.92,40.33,0.967,115.49,71.72,0,normal
2026-09-01 04:35:00,24.24,40.32,1.003,183.68,92.65,0,normal
2026-09-01 04:35:30,24.67,40.32,0.938,123.8,78.23,0,normal
2026-09-01 04:36:00,24.04,40.29,0.944,126.03,76.78,0,normal
2026-09-01 04:36:30,28.38,40.28,1.104,119.45,64.9,0,normal
2026-09-01 04:37:00,23.09,40.29,0.961,91.76,40.77,0,normal
2026-09-01 04:37:30,22.54,40.29,0.895,152.38,67.0,0,normal
2026-09-01 04:38:00,21.45,40.3,0.903,105.69,44.67,0,normal
2026-09-01 04:38:30,20.75,40.31,0.782,142.99,64.93,0,normal
2026-09-01 04:39:00,20.24,40.3,0.807,148.99,78.11,0,normal
2026-09-01 04:39:30,21.12,40.26,0.821,135.08,71.66,0,normal
2026-09-01 04:40:00,23.19,40.27,0.871,102.7,64.48,0,normal
2026-09-01 04:40:30,24.2,40.25,0.965,111.47,55.19,0,normal
2026-09-01 04:41:00,23.51,40.24,1.022,53.07,23.05,0,normal
2026-09-01 04:41:30,21.47,40.25,0.822,117.09,71.34,0,normal
2026-09-01 04:42:00,25.65,40.28,1.019,140.07,98.06,0,normal
2026-09-01 04:42:30,25.25,40.28,0.944,114.06,55.7,0,normal
2026-09-01 04:43:00,23.02,40.3,0.853,105.25,65.87,0,normal
2026-09-01 04:43:30,21.78,40.27,0.837,112.56,66.47,0,normal
2026-09-01 04:44:00,24.8,40.28,0.97,150.38,76.17,0,normal
2026-09-01 04:44:30,23.9,40.28,0.937,118.64,56.41,0,normal
2026-09-01 04:45:00,19.83,40.31,0.784,166.45,102.96,0,normal
2026-09-01 04:45:30,23.28,40.3,0.854,105.73,45.55,0,normal
2026-09-01 04:46:00,24.12,40.29,0.935,125.43,81.76,0,normal
2026-09-01 04:46:30,21.22,40.32,0.87,109.16,71.68,0,normal
2026-09-01 04:47:00,23.96,40.32,0.893,171.86,78.2,0,normal
2026-09-01 04:47:30,19.85,40.3,0.78,124.49,74.37,0,normal
2026-09-01 04:48:00,26.84,40.35,1.089,173.2,71.51,0,normal
2026-09-01 04:48:30,26.62,40.33,1.023,109.5,73.66,0,normal
2026-09-01 04:49:00,22.89,40.33,0.931,158.19,74.55,0,normal
2026-09-01 04:49:30,24.43,40.34,0.903,122.95,71.94,0,normal
2026-09-01 04:50:00,17.51,40.35,0.732,140.92,75.75,0,normal
2026-09-01 04:50:30,20.65,40.34,0.841,89.51,37.08,0,normal
2026-09-01 04:51:00,22.82,40.34,0.915,128.71,74.94,0,normal
2026-09-01 04:51:30,20.87,40.34,0.882,93.27,53.16,0,normal
2026-09-01 04:52:00,25.36,40.32,0.998,126.43,86.87,0,normal
2026-09-01 04:52:30,28.57,40.36,1.107,82.04,42.47,0,normal
2026-09-01 04:53:00,20.65,40.36,0.883,117.65,55.24,0,normal
2026-09-01 04:53:30,21.5,40.38,0.939,147.39,61.48,0,normal
2026-09-01 04:54:00,24.2,40.37,0.934,133.69,56.54,0,normal
2026-09-01 04:54:30,27.63,40.37,1.099,89.15,56.84,0,normal
2026-09-01 04:55:00,20.57,40.36,0.866,72.54,34.16,0,normal
2026-09-01 04:55:30,24.25,40.33,0.966,132.42,62.52,0,normal
2026-09-01 04:56:00,28.2,40.33,1.161,159.53,67.52,0,normal
2026-09-01 04:56:30,19.51,40.32,0.811,95.9,69.97,0,normal
2026-09-01 04:57:00,20.46,40.35,0.795,172.44,79.94,0,normal
2026-09-01 04:57:30,22.6,40.33,0.923,119.84,54.92,0,normal
2026-09-01 04:58:00,22.38,40.32,0.895,71.03,29.76,0,normal
2026-09-01 04:58:30,25.71,40.3,0.966,80.98,40.12,0,normal
2026-09-01 04:59:00,24.3,40.33,0.924,139.25,63.36,0,normal
2026-09-01 04:59:30,19.26,40.32,0.745,123.24,58.13,0,normal
2026-09-01 05:00:00,25.0,40.33,1.046,157.06,64.53,0,normal
2026-09-01 05:00:30,22.27,40.35,0.934,90.05,59.69,0,normal
2026-09-01 05:01:00,26.92,40.35,1.117,122.96,62.27,0,normal
2026-09-01 05:01:30,22.16,40.32,0.906,120.17,55.4,0,normal
2026-09-01 05:02:00,22.16,40.3,0.905,116.42,60.77,0,normal
2026-09-01 05:02:30,25.1,40.32,1.018,110.43,45.41,0,normal
2026-09-01 05:03:00,25.67,40.3,1.048,110.93,50.66,0,normal
2026-09-01 05:03:30,24.89,40.31,1.019,124.37,54.81,0,normal
2026-09-01 05:04:00,19.57,40.31,0.728,127.56,83.98,0,normal
2026-09-01 05:04:30,25.13,40.32,0.965,126.31,97.52,0,normal
2026-09-01 05:05:00,21.22,40.33,0.805,150.15,65.01,0,normal
2026-09-01 05:05:30,24.39,40.31,1.03,89.97,49.71,0,normal
2026-09-01 05:06:00,20.26,40.3,0.877,74.71,55.25,0,normal
2026-09-01 05:06:30,24.94,40.31,0.889,145.42,72.01,0,normal
2026-09-01 05:07:00,21.82,40.3,0.941,96.41,53.45,0,normal
2026-09-01 05:07:30,20.63,40.25,0.829,110.51,50.73,0,normal
2026-09-01 05:08:00,25.64,40.27,1.078,104.7,54.57,0,normal
2026-09-01 05:08:30,24.46,40.25,1.003,104.16,49.57,0,normal
2026-09-01 05:09:00,22.34,40.26,0.958,83.54,48.09,0,normal
2026-09-01 05:09:30,27.5,40.29,1.112,105.76,55.08,0,normal
2026-09-01 05:10:00,22.79,40.29,0.849,136.23,64.75,0,normal
2026-09-01 05:10:30,23.97,40.31,0.954,119.9,51.02,0,normal
2026-09-01 05:11:00,24.58,40.32,1.009,132.61,55.37,0,normal
2026-09-01 05:11:30,22.36,40.35,0.885,107.6,56.1,0,normal
2026-09-01 05:12:00,25.1,40.33,1.037,142.57,69.84,0,normal
2026-09-01 05:12:30,22.59,40.33,0.901,107.29,60.42,0,normal
2026-09-01 05:13:00,22.92,40.35,0.889,67.29,36.14,0,normal
2026-09-01 05:13:30,27.35,40.35,1.035,127.92,52.62,0,normal
2026-09-01 05:14:00,21.36,40.37,0.838,139.18,80.2,0,normal
2026-09-01 05:14:30,17.93,40.37,0.725,106.02,63.01,0,normal
2026-09-01 05:15:00,28.01,40.41,1.011,149.98,68.59,0,normal
2026-09-01 05:15:30,30.35,40.45,1.167,98.73,50.84,0,normal
2026-09-01 05:16:00,22.99,40.46,0.828,136.77,61.64,0,normal
2026-09-01 05:16:30,19.16,40.47,0.743,163.62,85.05,0,normal
2026-09-01 05:17:00,23.24,40.5,0.985,120.92,64.51,0,normal
2026-09-01 05:17:30,23.3,40.48,0.877,114.34,96.64,0,normal
2026-09-01 05:18:00,23.56,40.46,0.976,117.36,58.25,0,normal
2026-09-01 05:18:30,21.25,40.48,0.971,160.71,71.56,0,normal
2026-09-01 05:19:00,25.5,40.49,1.094,130.07,53.59,0,normal
2026-09-01 05:19:30,25.36,40.49,1.021,173.61,72.17,0,normal
2026-09-01 05:20:00,20.33,40.49,0.848,126.98,64.18,0,normal
2026-09-01 05:20:30,25.82,40.44,0.962,103.66,58.7,0,normal
2026-09-01 05:21:00,29.22,40.44,1.077,105.41,56.23,0,normal
2026-09-01 05:21:30,24.52,40.43,0.982,121.54,76.6,0,normal
2026-09-01 05:22:00,23.26,40.45,0.949,68.97,45.25,0,normal
2026-09-01 05:22:30,23.75,40.47,1.002,108.13,66.23,0,normal
2026-09-01 05:23:00,25.66,40.49,0.997,108.68,63.55,0,normal
2026-09-01 05:23:30,19.8,40.49,0.8,125.99,82.04,0,normal
2026-09-01 05:24:00,24.55,40.47,0.99,168.55,81.69,0,normal
2026-09-01 05:24:30,23.17,40.48,0.921,121.37,79.76,0,normal
2026-09-01 05:25:00,28.78,40.5,1.147,71.93,30.07,0,normal
2026-09-01 05:25:30,23.73,40.52,0.908,97.15,58.18,0,normal
2026-09-01 05:26:00,28.35,40.57,1.15,126.56,65.56,0,normal
2026-09-01 05:26:30,21.42,40.53,0.865,122.32,58.77,0,normal
2026-09-01 05:27:00,25.67,40.53,1.004,160.61,80.95,0,normal
2026-09-01 05:27:30,25.0,40.52,1.033,144.0,63.84,0,normal
2026-09-01 05:28:00,22.04,40.52,0.927,143.25,61.98,0,normal
2026-09-01 05:28:30,24.66,40.52,1.02,114.57,69.77,0,normal
2026-09-01 05:29:00,27.26,40.52,1.034,147.48,76.33,0,normal
2026-09-01 05:29:30,23.42,40.54,0.942,97.6,54.51,0,normal
2026-09-01 05:30:00,20.02,40.53,0.764,144.21,65.05,0,normal
2026-09-01 05:30:30,24.21,40.5,0.973,112.94,48.19,0,normal
2026-09-01 05:31:00,22.01,40.49,0.841,83.8,53.54,0,normal
2026-09-01 05:31:30,23.41,40.48,0.996,134.83,75.18,0,normal
2026-09-01 05:32:00,24.08,40.46,1.001,154.94,74.8,0,normal
2026-09-01 05:32:30,20.02,40.46,0.847,109.83,63.06,0,normal
2026-09-01 05:33:00,20.27,40.46,0.853,159.07,87.89,0,normal
2026-09-01 05:33:30,25.51,40.45,1.007,78.6,40.64,0,normal
2026-09-01 05:34:00,23.02,40.47,0.901,90.08,51.7,0,normal
2026-09-01 05:34:30,17.91,40.47,0.779,116.33,58.6,0,normal
2026-09-01 05:35:00,26.3,40.49,1.044,110.73,78.51,0,normal
2026-09-01 05:35:30,25.02,40.49,0.933,103.32,72.69,0,normal
2026-09-01 05:36:00,22.58,40.49,0.949,123.34,57.46,0,normal
2026-09-01 05:36:30,21.07,40.48,0.849,106.79,61.78,0,normal
2026-09-01 05:37:00,26.47,40.48,1.138,111.03,50.45,0,normal
2026-09-01 05:37:30,25.25,40.5,1.022,126.96,71.54,0,normal
2026-09-01 05:38:00,30.35,40.49,1.213,103.31,54.68,0,normal
2026-09-01 05:38:30,25.45,40.5,1.096,117.35,62.34,0,normal
2026-09-01 05:39:00,25.38,40.49,0.937,103.86,62.63,0,normal
2026-09-01 05:39:30,24.0,40.51,0.932,89.86,52.9,0,normal
2026-09-01 05:40:00,26.48,40.5,1.012,139.09,61.1,0,normal
2026-09-01 05:40:30,26.0,40.52,0.926,162.69,70.03,0,normal
2026-09-01 05:41:00,27.58,40.52,1.151,146.61,75.54,0,normal
2026-09-01 05:41:30,23.15,40.55,0.9,128.29,57.23,0,normal
2026-09-01 05:42:00,23.38,40.53,0.978,103.96,49.12,0,normal
2026-09-01 05:42:30,23.27,40.5,0.949,112.83,69.44,0,normal
2026-09-01 05:43:00,26.47,40.5,1.091,146.43,75.04,0,normal
2026-09-01 05:43:30,28.23,40.47,1.104,62.96,31.58,0,normal
2026-09-01 05:44:00,23.36,40.44,0.899,110.92,87.29,0,normal
2026-09-01 05:44:30,23.45,40.46,0.942,138.35,58.76,0,normal
2026-09-01 05:45:00,25.31,40.46,1.059,91.54,42.47,0,normal
2026-09-01 05:45:30,23.91,40.45,0.954,130.58,59.0,0,normal
2026-09-01 05:46:00,26.92,40.45,1.039,129.42,63.41,0,normal
2026-09-01 05:46:30,18.91,40.44,0.711,83.64,49.18,0,normal
2026-09-01 05:47:00,22.5,40.47,0.909,122.17,51.82,0,normal
2026-09-01 05:47:30,22.61,40.46,0.879,104.56,55.77,0,normal
2026-09-01 05:48:00,18.78,40.44,0.748,130.4,59.08,0,normal
2026-09-01 05:48:30,22.17,40.45,0.876,136.74,68.57,0,normal
2026-09-01 05:49:00,22.31,40.45,0.873,129.97,55.37,0,normal
2026-09-01 05:49:30,24.1,40.49,0.978,121.81,56.56,0,normal
2026-09-01 05:50:00,27.4,40.49,1.126,127.22,70.06,0,normal
2026-09-01 05:50:30,24.0,40.5,1.055,90.6,41.0,0,normal
2026-09-01 05:51:00,22.06,40.53,0.916,119.23,71.27,0,normal
2026-09-01 05:51:30,24.49,40.52,1.058,100.09,45.54,0,normal
2026-09-01 05:52:00,27.28,40.51,1.046,145.79,72.91,0,normal
2026-09-01 05:52:30,22.21,40.52,0.817,137.08,88.8,0,normal
2026-09-01 05:53:00,22.4,40.54,0.895,137.01,58.5,0,normal
2026-09-01 05:53:30,26.07,40.51,1.087,162.84,70.61,0,normal
2026-09-01 05:54:00,24.14,40.49,0.999,111.75,61.73,0,normal
2026-09-01 05:54:30,26.31,40.44,1.116,106.27,61.23,0,normal
2026-09-01 05:55:00,24.67,40.46,0.862,111.16,47.51,0,normal
2026-09-01 05:55:30,26.46,40.45,1.125,79.94,50.14,0,normal
2026-09-01 05:56:00,22.14,40.45,0.9,81.91,42.66,0,normal
2026-09-01 05:56:30,24.7,40.42,0.912,135.53,64.37,0,normal
2026-09-01 05:57:00,24.22,40.4,1.004,85.12,59.35,0,normal
2026-09-01 05:57:30,21.71,40.39,0.876,93.13,66.65,0,normal
2026-09-01 05:58:00,20.85,40.38,0.85,117.46,52.93,0,normal
2026-09-01 05:58:30,26.48,40.39,1.112,109.69,63.05,0,normal
2026-09-01 05:59:00,23.9,40.4,0.977,142.14,64.38,0,normal
2026-09-01 05:59:30,22.23,40.45,0.824,121.51,71.34,0,normal
2026-09-01 06:00:00,24.56,40.45,0.975,100.04,51.13,0,normal
2026-09-01 06:00:30,27.62,40.47,1.015,144.29,86.57,0,normal
2026-09-01 06:01:00,19.12,40.46,0.789,138.22,66.25,0,normal
2026-09-01 06:01:30,21.08,40.43,0.902,84.73,63.04,0,normal
2026-09-01 06:02:00,22.53,40.42,0.845,126.31,57.07,0,normal
2026-09-01 06:02:30,28.49,40.39,1.101,102.12,63.02,0,normal
2026-09-01 06:03:00,25.56,40.4,0.977,101.46,51.71,0,normal
2026-09-01 06:03:30,26.77,40.38,1.047,166.74,84.69,0,normal
2026-09-01 06:04:00,22.02,40.35,0.899,123.11,66.24,0,normal
2026-09-01 06:04:30,22.07,40.38,0.863,114.56,52.36,0,normal
2026-09-01 06:05:00,26.01,40.37,1.074,122.12,77.93,0,normal
2026-09-01 06:05:30,25.04,40.34,1.055,141.86,64.4,0,normal
2026-09-01 06:06:00,26.28,40.36,1.109,102.46,49.62,0,normal
2026-09-01 06:06:30,24.44,40.35,0.923,106.73,50.98,0,normal
2026-09-01 06:07:00,25.62,40.37,1.096,136.42,76.81,0,normal
2026-09-01 06:07:30,25.32,40.36,1.087,82.09,35.87,0,normal
2026-09-01 06:08:00,26.89,40.35,1.159,144.77,96.05,0,normal
2026-09-01 06:08:30,26.96,40.36,1.07,79.87,47.13,0,normal
2026-09-01 06:09:00,20.92,40.38,0.805,113.86,56.85,0,normal
2026-09-01 06:09:30,19.35,40.39,0.736,80.03,50.68,0,normal
2026-09-01 06:10:00,27.49,40.39,1.039,93.59,53.02,0,normal
2026-09-01 06:10:30,27.95,40.4,1.119,152.44,84.79,0,normal
2026-09-01 06:11:00,22.45,40.42,0.936,146.11,75.07,0,normal
2026-09-01 06:11:30,20.35,40.43,0.867,148.78,75.14,0,normal
2026-09-01 06:12:00,25.27,40.43,0.986,83.78,53.97,0,normal
2026-09-01 06:12:30,27.35,40.4,1.092,93.72,47.08,0,normal
2026-09-01 06:13:00,29.53,40.42,1.175,128.5,55.55,0,normal
2026-09-01 06:13:30,26.33,40.42,1.02,137.88,63.72,0,normal
2026-09-01 06:14:00,24.13,40.41,1.001,100.01,66.0,0,normal
2026-09-01 06:14:30,22.82,40.44,0.93,105.53,47.11,0,normal
2026-09-01 06:15:00,25.1,40.41,1.011,91.72,43.55,0,normal
2026-09-01 06:15:30,24.33,40.45,0.99,161.46,84.52,0,normal
2026-09-01 06:16:00,22.56,40.45,0.93,108.13,59.55,0,normal
2026-09-01 06:16:30,30.21,40.46,1.245,120.78,62.7,0,normal
2026-09-01 06:17:00,29.57,40.45,1.133,122.09,60.9,0,normal
2026-09-01 06:17:30,27.95,40.42,1.168,147.64,82.87,0,normal
2026-09-01 06:18:00,22.83,40.42,0.925,96.19,49.08,0,normal
2026-09-01 06:18:30,27.27,40.43,1.067,149.21,80.88,0,normal
2026-09-01 06:19:00,26.75,40.45,1.082,88.03,41.55,0,normal
2026-09-01 06:19:30,26.25,40.44,1.068,149.14,77.54,0,normal
2026-09-01 06:20:00,28.29,40.4,1.193,77.12,38.21,0,normal
2026-09-01 06:20:30,26.75,40.37,1.014,117.39,65.28,0,normal
2026-09-01 06:21:00,27.03,40.42,1.153,160.64,81.77,0,normal
2026-09-01 06:21:30,26.78,40.4,1.072,137.43,60.66,0,normal
2026-09-01 06:22:00,26.05,40.43,1.016,130.53,69.66,0,normal
2026-09-01 06:22:30,20.74,40.41,0.807,93.79,75.58,0,normal
2026-09-01 06:23:00,25.43,40.41,0.966,101.63,68.89,0,normal
2026-09-01 06:23:30,23.83,40.42,0.87,153.61,83.66,0,normal
2026-09-01 06:24:00,22.04,40.41,0.911,131.81,65.96,0,normal
2026-09-01 06:24:30,29.44,40.44,1.294,142.26,81.53,0,normal
2026-09-01 06:25:00,29.58,40.45,1.087,121.84,54.05,0,normal
2026-09-01 06:25:30,28.66,40.46,1.092,112.96,50.92,0,normal
2026-09-01 06:26:00,25.91,40.46,1.075,139.17,60.64,0,normal
2026-09-01 06:26:30,28.65,40.47,1.143,126.48,59.98,0,normal
2026-09-01 06:27:00,25.32,40.5,1.055,115.75,53.47,0,normal
2026-09-01 06:27:30,25.8,40.5,1.027,84.65,39.66,0,normal
2026-09-01 06:28:00,22.58,40.54,0.877,143.85,80.49,0,normal
2026-09-01 06:28:30,26.3,40.53,1.04,131.0,55.09,0,normal
2026-09-01 06:29:00,25.48,40.55,0.898,104.84,44.59,0,normal
2026-09-01 06:29:30,22.07,40.56,0.832,149.48,74.68,0,normal
2026-09-01 06:30:00,25.22,40.54,1.057,126.1,61.14,0,normal
2026-09-01 06:30:30,25.15,40.54,1.066,126.58,66.6,0,normal
2026-09-01 06:31:00,29.86,40.55,1.278,142.1,60.95,0,normal
2026-09-01 06:31:30,27.6,40.53,1.128,136.72,63.89,0,normal
2026-09-01 06:32:00,25.41,40.54,0.902,127.34,62.2,0,normal
2026-09-01 06:32:30,26.01,40.55,1.007,115.29,56.43,0,normal
2026-09-01 06:33:00,25.51,40.55,1.088,169.59,92.01,0,normal
2026-09-01 06:33:30,24.9,40.55,1.077,101.65,85.88,0,normal
2026-09-01 06:34:00,22.71,40.55,0.97,138.65,63.78,0,normal
2026-09-01 06:34:30,25.04,40.54,0.99,117.9,51.38,0,normal
2026-09-01 06:35:00,23.57,40.55,0.881,131.37,71.56,0,normal
2026-09-01 06:35:30,22.31,40.54,0.891,150.84,83.97,0,normal
2026-09-01 06:36:00,26.74,40.59,1.07,112.21,62.8,0,normal
2026-09-01 06:36:30,26.44,40.57,1.14,135.05,70.37,0,normal
2026-09-01 06:37:00,21.01,40.56,0.85,126.64,59.45,0,normal
2026-09-01 06:37:30,25.17,40.55,1.008,103.97,76.3,0,normal
2026-09-01 06:38:00,27.98,40.59,1.123,151.45,71.7,0,normal
2026-09-01 06:38:30,28.14,40.57,1.148,137.78,79.56,0,normal
2026-09-01 06:39:00,28.08,40.58,1.158,109.14,61.66,0,normal
2026-09-01 06:39:30,25.61,40.58,0.987,147.59,87.46,0,normal
2026-09-01 06:40:00,23.42,40.59,0.887,99.21,68.27,0,normal
2026-09-01 06:40:30,22.82,40.62,0.975,119.28,59.7,0,normal
2026-09-01 06:41:00,26.41,40.65,0.97,109.27,58.83,0,normal
2026-09-01 06:41:30,26.5,40.64,1.147,138.78,61.52,0,normal
2026-09-01 06:42:00,28.78,40.65,1.041,108.01,81.73,0,normal
2026-09-01 06:42:30,28.32,40.61,1.1,138.96,62.86,0,normal
2026-09-01 06:43:00,25.25,40.62,1.059,134.86,65.42,0,normal
2026-09-01 06:43:30,22.47,40.6,0.899,110.62,69.46,0,normal
2026-09-01 06:44:00,24.8,40.6,0.927,165.74,71.04,0,normal
2026-09-01 06:44:30,26.14,40.57,1.068,101.37,48.82,0,normal
2026-09-01 06:45:00,25.11,40.58,1.008,84.77,44.46,0,normal
2026-09-01 06:45:30,24.17,40.54,0.957,141.4,64.37,0,normal
2026-09-01 06:46:00,26.27,40.55,1.018,66.26,28.74,0,normal
2026-09-01 06:46:30,24.38,40.53,0.973,157.3,78.04,0,normal
2026-09-01 06:47:00,24.09,40.51,0.935,122.54,55.54,0,normal
2026-09-01 06:47:30,26.43,40.54,1.186,84.33,43.85,0,normal
2026-09-01 06:48:00,24.67,40.55,0.975,96.29,79.42,0,normal
2026-09-01 06:48:30,26.28,40.58,1.032,79.15,43.34,0,normal
2026-09-01 06:49:00,26.37,40.61,1.026,129.57,63.16,0,normal
2026-09-01 06:49:30,22.84,40.6,0.995,86.83,39.56,0,normal
2026-09-01 06:50:00,24.51,40.63,0.9,132.55,62.47,0,normal
2026-09-01 06:50:30,29.3,40.6,1.193,112.38,48.41,0,normal
2026-09-01 06:51:00,22.82,40.62,0.902,108.12,57.84,0,normal
2026-09-01 06:51:30,20.44,40.61,0.759,132.73,65.4,0,normal
2026-09-01 06:52:00,21.09,40.6,0.809,135.59,70.03,0,normal
2026-09-01 06:52:30,25.82,40.61,1.049,148.65,84.76,0,normal
2026-09-01 06:53:00,25.84,40.63,0.989,104.16,46.42,0,normal
2026-09-01 06:53:30,25.47,40.65,1.032,119.25,50.65,0,normal
2026-09-01 06:54:00,28.82,40.66,1.252,104.12,58.94,0,normal
2026-09-01 06:54:30,19.1,40.66,0.77,124.07,66.09,0,normal
2026-09-01 06:55:00,26.79,40.67,0.994,100.54,54.55,0,normal
2026-09-01 06:55:30,29.7,40.68,1.138,109.4,67.05,0,normal
2026-09-01 06:56:00,23.0,40.7,0.907,109.52,54.7,0,normal
2026-09-01 06:56:30,24.87,40.7,0.977,127.33,57.54,0,normal
2026-09-01 06:57:00,23.95,40.72,0.965,120.07,77.63,0,normal
2026-09-01 06:57:30,23.6,40.69,0.959,132.66,62.61,0,normal
2026-09-01 06:58:00,25.04,40.69,1.088,117.33,58.67,0,normal
2026-09-01 06:58:30,29.42,40.66,1.177,105.51,46.07,0,normal
2026-09-01 06:59:00,30.46,40.67,1.148,124.78,53.8,0,normal
2026-09-01 06:59:30,25.03,40.7,1.059,97.07,63.57,0,normal
2026-09-01 07:00:00,30.65,40.7,1.303,134.23,58.17,0,normal
2026-09-01 07:00:30,25.98,40.7,1.051,112.86,48.08,0,normal
2026-09-01 07:01:00,30.29,40.72,1.197,125.11,55.29,0,normal
2026-09-01 07:01:30,25.67,40.68,1.059,125.5,55.29,0,normal
2026-09-01 07:02:00,26.25,40.67,1.039,160.04,72.24,0,normal
2026-09-01 07:02:30,26.84,40.68,0.963,129.54,61.56,0,normal
2026-09-01 07:03:00,33.89,40.63,1.394,121.83,67.07,0,normal
2026-09-01 07:03:30,28.07,40.61,1.173,102.69,58.01,0,normal
2026-09-01 07:04:00,24.19,40.63,1.037,140.06,77.59,0,normal
2026-09-01 07:04:30,28.38,40.65,1.094,113.24,50.23,0,normal
2026-09-01 07:05:00,25.07,40.66,1.014,81.86,61.8,0,normal
2026-09-01 07:05:30,24.75,40.68,1.002,115.12,65.19,0,normal
2026-09-01 07:06:00,28.26,40.69,1.135,124.79,60.4,0,normal
2026-09-01 07:06:30,26.07,40.7,1.049,99.54,45.83,0,normal
2026-09-01 07:07:00,26.71,40.7,1.07,117.05,51.42,0,normal
2026-09-01 07:07:30,26.05,40.7,1.053,118.21,63.51,0,normal
2026-09-01 07:08:00,26.87,40.69,1.115,118.6,53.98,0,normal
2026-09-01 07:08:30,27.09,40.72,1.15,150.87,72.44,0,normal
2026-09-01 07:09:00,21.2,40.75,0.816,87.21,42.75,0,normal
2026-09-01 07:09:30,27.71,40.78,1.099,170.85,84.12,0,normal
2026-09-01 07:10:00,23.61,40.78,0.924,119.18,68.73,0,normal
2026-09-01 07:10:30,22.46,40.76,0.873,134.51,59.3,0,normal
2026-09-01 07:11:00,25.93,40.79,0.954,123.2,55.03,0,normal
2026-09-01 07:11:30,26.29,40.8,1.053,76.85,61.02,0,normal
2026-09-01 07:12:00,24.36,40.81,0.998,93.59,73.47,0,normal
2026-09-01 07:12:30,28.18,40.8,1.118,106.89,51.47,0,normal
2026-09-01 07:13:00,22.76,40.81,0.91,144.84,71.12,0,normal
2026-09-01 07:13:30,25.1,40.79,1.025,85.39,42.38,0,normal
2026-09-01 07:14:00,24.67,40.8,1.056,98.61,48.34,0,normal
2026-09-01 07:14:30,26.02,40.83,1.019,124.12,56.13,0,normal
2026-09-01 07:15:00,26.85,40.87,1.011,131.82,74.53,0,normal
2026-09-01 07:15:30,23.63,40.88,0.941,131.07,92.74,0,normal
2026-09-01 07:16:00,27.98,40.86,1.225,95.4,57.83,0,normal
2026-09-01 07:16:30,26.32,40.86,0.992,80.05,42.11,0,normal
2026-09-01 07:17:00,21.45,40.91,0.886,133.48,70.32,0,normal
2026-09-01 07:17:30,21.29,40.89,0.901,155.83,72.84,0,normal
2026-09-01 07:18:00,26.17,40.89,0.923,111.37,59.58,0,normal
2026-09-01 07:18:30,25.65,40.92,1.047,91.38,49.14,0,normal
2026-09-01 07:19:00,25.96,40.94,1.07,109.25,52.51,0,normal
2026-09-01 07:19:30,26.15,40.99,1.032,129.85,70.17,0,normal
2026-09-01 07:20:00,26.8,40.98,1.037,114.17,70.01,0,normal
2026-09-01 07:20:30,28.61,40.96,1.11,155.18,73.83,0,normal
2026-09-01 07:21:00,23.48,40.99,0.924,143.12,66.19,0,normal
2026-09-01 07:21:30,23.32,40.96,0.919,124.61,81.08,0,normal
2026-09-01 07:22:00,23.54,40.96,0.918,71.14,38.55,0,normal
2026-09-01 07:22:30,26.99,40.96,1.061,102.69,49.75,0,normal
2026-09-01 07:23:00,29.4,40.98,1.246,106.3,49.55,0,normal
2026-09-01 07:23:30,25.21,41.0,0.947,101.33,73.37,0,normal
2026-09-01 07:24:00,20.05,41.01,0.732,124.77,58.3,0,normal
2026-09-01 07:24:30,22.05,41.0,0.935,125.29,61.99,0,normal
2026-09-01 07:25:00,24.24,41.03,0.96,78.15,36.77,0,normal
2026-09-01 07:25:30,24.93,41.11,0.978,140.11,75.73,0,normal
2026-09-01 07:26:00,25.32,41.13,1.007,120.4,68.11,0,normal
2026-09-01 07:26:30,26.44,41.13,1.068,128.94,55.11,0,normal
2026-09-01 07:27:00,25.58,41.11,0.996,138.62,65.0,0,normal
2026-09-01 07:27:30,28.98,41.1,1.189,100.83,49.3,0,normal
2026-09-01 07:28:00,24.68,41.1,0.94,151.47,90.28,0,normal
2026-09-01 07:28:30,24.22,41.08,0.954,116.46,51.0,0,normal
2026-09-01 07:29:00,27.59,41.09,0.981,157.81,68.29,0,normal
2026-09-01 07:29:30,22.55,41.12,0.955,97.65,53.75,0,normal
2026-09-01 07:30:00,27.38,41.15,1.086,155.96,93.83,1,cpu_spike
2026-09-01 07:30:30,35.68,41.15,1.499,97.4,92.09,1,cpu_spike
2026-09-01 07:31:00,44.08,41.13,1.835,183.72,226.44,1,cpu_spike
2026-09-01 07:31:30,57.43,41.16,2.598,96.2,257.06,1,cpu_spike
2026-09-01 07:32:00,60.93,41.16,2.428,146.41,332.06,1,cpu_spike
2026-09-01 07:32:30,76.65,41.12,3.607,110.94,550.8,1,cpu_spike
2026-09-01 07:33:00,70.95,41.14,2.761,137.88,423.21,1,cpu_spike
2026-09-01 07:33:30,68.32,41.16,2.453,118.99,387.57,1,cpu_spike
2026-09-01 07:34:00,71.71,41.12,2.97,92.72,511.0,1,cpu_spike
2026-09-01 07:34:30,68.84,41.1,2.573,50.08,280.28,1,cpu_spike
2026-09-01 07:35:00,69.67,41.1,2.953,182.69,386.68,1,cpu_spike
2026-09-01 07:35:30,72.54,41.12,3.136,121.83,337.27,1,cpu_spike
2026-09-01 07:36:00,72.96,41.11,3.013,46.41,505.93,1,cpu_spike
2026-09-01 07:36:30,70.01,41.09,2.757,127.57,530.17,1,cpu_spike
2026-09-01 07:37:00,74.05,41.11,3.269,137.24,455.84,1,cpu_spike
2026-09-01 07:37:30,74.48,41.1,3.284,102.12,346.67,1,cpu_spike
2026-09-01 07:38:00,75.19,41.12,3.421,102.29,386.77,1,cpu_spike
2026-09-01 07:38:30,72.92,41.1,3.132,119.5,452.65,1,cpu_spike
2026-09-01 07:39:00,75.03,41.07,3.123,150.06,443.9,1,cpu_spike
2026-09-01 07:39:30,66.92,41.09,2.185,122.5,353.54,1,cpu_spike
2026-09-01 07:40:00,70.84,41.1,2.833,156.58,308.77,1,cpu_spike
2026-09-01 07:40:30,69.47,41.12,2.81,148.28,536.0,1,cpu_spike
2026-09-01 07:41:00,71.95,41.11,2.957,114.28,459.24,1,cpu_spike
2026-09-01 07:41:30,70.22,41.09,2.992,80.74,308.26,1,cpu_spike
2026-09-01 07:42:00,71.25,41.12,2.927,114.33,552.04,1,cpu_spike
2026-09-01 07:42:30,76.37,41.09,3.745,133.16,397.63,1,cpu_spike
2026-09-01 07:43:00,71.26,41.12,3.103,121.5,485.51,1,cpu_spike
2026-09-01 07:43:30,72.72,41.15,3.261,135.86,318.89,1,cpu_spike
2026-09-01 07:44:00,71.12,41.17,2.743,141.59,560.51,1,cpu_spike
2026-09-01 07:44:30,71.89,41.16,3.008,133.27,288.34,1,cpu_spike
2026-09-01 07:45:00,71.73,41.14,3.17,113.12,543.48,1,cpu_spike
2026-09-01 07:45:30,72.84,41.14,3.154,133.0,478.06,1,cpu_spike
2026-09-01 07:46:00,74.65,41.12,3.406,175.89,369.13,1,cpu_spike
2026-09-01 07:46:30,75.85,41.1,3.209,82.75,320.4,1,cpu_spike
2026-09-01 07:47:00,72.52,41.11,3.371,132.18,509.59,1,cpu_spike
2026-09-01 07:47:30,64.21,41.13,2.64,165.8,250.54,1,cpu_spike
2026-09-01 07:48:00,50.87,41.11,1.785,90.64,196.66,1,cpu_spike
2026-09-01 07:48:30,44.51,41.12,1.79,145.03,241.62,1,cpu_spike
2026-09-01 07:49:00,38.09,41.14,1.388,148.37,114.61,1,cpu_spike
2026-09-01 07:49:30,28.89,41.17,1.093,83.08,46.06,1,cpu_spike
2026-09-01 07:50:00,27.27,41.18,1.23,137.81,67.09,0,normal
2026-09-01 07:50:30,28.96,41.2,1.136,113.22,63.18,0,normal
2026-09-01 07:51:00,27.98,41.22,1.039,118.49,68.89,0,normal
2026-09-01 07:51:30,29.76,41.24,1.192,111.88,48.55,0,normal
2026-09-01 07:52:00,27.5,41.21,1.05,152.82,68.31,0,normal
2026-09-01 07:52:30,25.88,41.21,1.08,117.2,54.23,0,normal
2026-09-01 07:53:00,27.63,41.21,1.056,108.42,48.3,0,normal
2026-09-01 07:53:30,19.46,41.21,0.789,108.84,72.06,0,normal
2026-09-01 07:54:00,27.76,41.22,1.047,111.48,79.33,0,normal
2026-09-01 07:54:30,17.68,41.23,0.799,93.01,50.82,0,normal
2026-09-01 07:55:00,22.51,41.25,0.923,108.2,56.2,0,normal
2026-09-01 07:55:30,27.95,41.24,1.11,122.94,56.04,0,normal
2026-09-01 07:56:00,28.03,41.23,1.105,130.11,64.01,0,normal
2026-09-01 07:56:30,23.93,41.25,0.931,150.1,77.88,0,normal
2026-09-01 07:57:00,25.07,41.26,0.965,126.02,68.0,0,normal
2026-09-01 07:57:30,30.28,41.24,1.163,108.14,61.55,0,normal
2026-09-01 07:58:00,25.66,41.24,1.112,94.72,44.11,0,normal
2026-09-01 07:58:30,32.48,41.21,1.263,127.36,64.01,0,normal
2026-09-01 07:59:00,26.88,41.21,0.961,117.07,61.63,0,normal
2026-09-01 07:59:30,27.9,41.21,1.051,117.89,55.2,0,normal
2026-09-01 08:00:00,30.94,41.2,1.295,126.56,66.2,0,normal
2026-09-01 08:00:30,27.23,41.23,1.075,132.98,57.13,0,normal
2026-09-01 08:01:00,24.41,41.21,0.97,126.74,74.71,0,normal
2026-09-01 08:01:30,26.64,41.23,1.128,115.74,61.9,0,normal
2026-09-01 08:02:00,26.84,41.27,1.032,99.97,57.15,0,normal
2026-09-01 08:02:30,23.52,41.3,0.971,104.68,58.9,0,normal
2026-09-01 08:03:00,26.31,41.3,1.017,141.21,64.42,0,normal
2026-09-01 08:03:30,25.09,41.28,1.033,109.41,74.38,0,normal
2026-09-01 08:04:00,29.27,41.25,1.148,86.35,58.0,0,normal
2026-09-01 08:04:30,27.05,41.24,1.069,148.99,73.17,0,normal
2026-09-01 08:05:00,26.27,41.23,1.094,96.44,48.59,0,normal
2026-09-01 08:05:30,26.71,41.22,1.109,120.88,72.3,0,normal
2026-09-01 08:06:00,27.55,41.22,1.093,132.28,57.23,0,normal
2026-09-01 08:06:30,28.54,41.22,1.115,120.08,55.48,0,normal
2026-09-01 08:07:00,24.51,41.23,1.059,58.05,52.22,0,normal
2026-09-01 08:07:30,24.41,41.2,1.005,129.76,68.51,0,normal
2026-09-01 08:08:00,29.79,41.19,1.168,153.16,73.38,0,normal
2026-09-01 08:08:30,25.99,41.19,1.006,139.66,84.87,0,normal
2026-09-01 08:09:00,23.5,41.19,0.988,66.9,62.94,0,normal
2026-09-01 08:09:30,28.15,41.23,1.133,173.18,89.66,0,normal
2026-09-01 08:10:00,28.22,41.23,1.119,86.85,57.22,0,normal
2026-09-01 08:10:30,23.23,41.2,0.935,93.04,45.13,0,normal
2026-09-01 08:11:00,27.65,41.21,1.125,139.55,62.04,0,normal
2026-09-01 08:11:30,28.91,41.23,1.153,131.32,56.59,0,normal
2026-09-01 08:12:00,28.02,41.23,1.188,122.01,66.58,0,normal
2026-09-01 08:12:30,28.67,41.2,1.219,105.76,47.66,0,normal
2026-09-01 08:13:00,23.59,41.24,0.969,153.27,87.08,0,normal
2026-09-01 08:13:30,27.93,41.22,1.194,119.02,52.4,0,normal
2026-09-01 08:14:00,26.36,41.24,1.055,80.85,47.16,0,normal
2026-09-01 08:14:30,25.91,41.24,1.072,150.81,70.22,0,normal
2026-09-01 08:15:00,29.31,41.26,1.231,125.48,60.53,0,normal
2026-09-01 08:15:30,30.83,41.29,1.296,147.88,93.14,0,normal
2026-09-01 08:16:00,31.63,41.3,1.323,134.31,88.53,0,normal
2026-09-01 08:16:30,30.44,41.29,1.256,179.79,82.11,0,normal
2026-09-01 08:17:00,26.89,41.32,1.181,112.25,63.92,0,normal
2026-09-01 08:17:30,28.05,41.31,1.092,120.4,55.29,0,normal
2026-09-01 08:18:00,29.1,41.31,1.155,138.0,91.46,0,normal
2026-09-01 08:18:30,27.48,41.29,1.087,112.41,69.94,0,normal
2026-09-01 08:19:00,27.52,41.27,1.081,140.07,70.38,0,normal
2026-09-01 08:19:30,29.25,41.27,1.054,46.31,22.0,0,normal
2026-09-01 08:20:00,27.06,41.28,1.157,118.18,57.76,0,normal
2026-09-01 08:20:30,25.39,41.25,0.963,117.43,59.22,0,normal
2026-09-01 08:21:00,26.19,41.26,1.056,116.52,65.98,0,normal
2026-09-01 08:21:30,28.81,41.24,1.07,98.08,51.46,0,normal
2026-09-01 08:22:00,27.25,41.27,1.124,142.65,63.33,0,normal
2026-09-01 08:22:30,28.09,41.27,1.079,107.39,51.34,0,normal
2026-09-01 08:23:00,28.93,41.25,1.091,125.01,61.24,0,normal
2026-09-01 08:23:30,26.32,41.25,1.063,119.07,53.25,0,normal
2026-09-01 08:24:00,29.16,41.23,1.126,132.51,59.09,0,normal
2026-09-01 08:24:30,28.22,41.26,1.096,155.77,69.65,0,normal
2026-09-01 08:25:00,24.2,41.26,0.976,124.88,66.04,0,normal
2026-09-01 08:25:30,30.89,41.26,1.285,141.03,74.51,0,normal
2026-09-01 08:26:00,26.05,41.28,0.999,123.62,61.08,0,normal
2026-09-01 08:26:30,23.16,41.25,0.881,107.35,46.67,0,normal
2026-09-01 08:27:00,24.7,41.23,0.989,116.46,78.19,0,normal
2026-09-01 08:27:30,24.76,41.24,1.017,112.91,62.76,0,normal
2026-09-01 08:28:00,27.46,41.22,1.179,134.2,58.04,0,normal
2026-09-01 08:28:30,26.64,41.2,1.009,122.67,68.78,0,normal
2026-09-01 08:29:00,26.5,41.22,1.043,100.14,67.36,0,normal
2026-09-01 08:29:30,28.89,41.23,1.224,114.45,49.9,0,normal
2026-09-01 08:30:00,28.21,41.21,1.24,81.85,55.27,0,normal
2026-09-01 08:30:30,28.15,41.2,1.07,115.38,73.26,0,normal
2026-09-01 08:31:00,28.4,41.18,1.094,120.03,72.02,0,normal
2026-09-01 08:31:30,28.91,41.22,1.179,165.21,84.79,0,normal
2026-09-01 08:32:00,22.12,41.24,0.859,153.71,71.06,0,normal
2026-09-01 08:32:30,26.47,41.23,1.019,94.15,47.42,0,normal
2026-09-01 08:33:00,21.95,41.25,0.889,125.04,82.22,0,normal
2026-09-01 08:33:30,27.49,41.22,1.185,125.48,58.94,0,normal
2026-09-01 08:34:00,27.4,41.21,1.024,114.24,61.91,0,normal
2026-09-01 08:34:30,30.03,41.21,1.291,115.83,59.77,0,normal
2026-09-01 08:35:00,30.4,41.22,1.181,111.15,48.4,0,normal
2026-09-01 08:35:30,27.94,41.22,1.137,166.82,86.03,0,normal
2026-09-01 08:36:00,26.19,41.23,1.131,109.6,64.28,0,normal
2026-09-01 08:36:30,28.66,41.23,1.165,128.52,82.68,0,normal
2026-09-01 08:37:00,26.14,41.23,1.03,56.77,36.06,0,normal
2026-09-01 08:37:30,27.45,41.22,1.138,140.59,70.54,0,normal
2026-09-01 08:38:00,29.94,41.22,1.187,149.61,73.15,0,normal
2026-09-01 08:38:30,26.08,41.22,1.07,93.7,50.13,0,normal
2026-09-01 08:39:00,29.5,41.23,1.168,107.2,49.13,0,normal
2026-09-01 08:39:30,29.18,41.24,1.217,131.29,60.1,0,normal
2026-09-01 08:40:00,25.11,41.22,0.934,120.49,53.93,0,normal
2026-09-01 08:40:30,29.93,41.2,1.137,131.66,69.08,0,normal
2026-09-01 08:41:00,29.26,41.21,1.088,112.82,51.18,0,normal
2026-09-01 08:41:30,27.77,41.24,1.108,166.58,88.24,0,normal
2026-09-01 08:42:00,25.62,41.25,0.946,103.26,55.55,0,normal
2026-09-01 08:42:30,25.38,41.24,0.98,187.29,91.63,0,normal
2026-09-01 08:43:00,26.2,41.24,0.99,151.05,65.29,0,normal
2026-09-01 08:43:30,28.9,41.22,1.241,140.8,70.53,0,normal
2026-09-01 08:44:00,25.17,41.25,0.957,93.99,45.25,0,normal
2026-09-01 08:44:30,28.65,41.26,1.072,142.74,74.94,0,normal
2026-09-01 08:45:00,24.46,41.24,0.991,135.1,58.86,0,normal
2026-09-01 08:45:30,27.06,41.24,1.174,67.01,31.21,0,normal
2026-09-01 08:46:00,27.86,41.23,1.108,84.88,76.11,0,normal
2026-09-01 08:46:30,33.7,41.26,1.345,128.94,74.1,0,normal
2026-09-01 08:47:00,24.15,41.26,1.028,116.67,90.41,0,normal
2026-09-01 08:47:30,31.28,41.26,1.306,107.09,55.82,0,normal
2026-09-01 08:48:00,27.98,41.28,1.143,146.97,89.23,0,normal
2026-09-01 08:48:30,28.64,41.26,1.112,97.91,53.2,0,normal
2026-09-01 08:49:00,27.92,41.27,1.142,108.62,66.4,0,normal
2026-09-01 08:49:30,28.74,41.27,1.071,103.82,58.43,0,normal
2026-09-01 08:50:00,27.25,41.25,1.056,132.75,73.35,0,normal
2026-09-01 08:50:30,31.27,41.25,1.34,77.01,47.73,0,normal
2026-09-01 08:51:00,26.51,41.25,1.129,107.56,47.22,0,normal
2026-09-01 08:51:30,30.48,41.26,1.246,76.93,49.39,0,normal
2026-09-01 08:52:00,26.05,41.26,0.942,112.18,49.11,0,normal
2026-09-01 08:52:30,27.51,41.27,1.034,138.08,73.63,0,normal
2026-09-01 08:53:00,25.0,41.3,0.966,138.52,64.44,0,normal
2026-09-01 08:53:30,28.82,41.27,1.143,101.81,67.95,0,normal
2026-09-01 08:54:00,31.3,41.27,1.174,133.33,64.73,0,normal
2026-09-01 08:54:30,27.5,41.28,1.086,115.37,61.6,0,normal
2026-09-01 08:55:00,27.21,41.29,1.185,154.03,75.92,0,normal
2026-09-01 08:55:30,24.92,41.3,1.017,116.75,50.91,0,normal
2026-09-01 08:56:00,27.14,41.36,1.098,45.67,22.8,0,normal
2026-09-01 08:56:30,23.74,41.37,0.901,142.37,63.04,0,normal
2026-09-01 08:57:00,25.45,41.4,0.935,108.52,58.23,0,normal
2026-09-01 08:57:30,28.3,41.39,1.062,113.15,80.73,0,normal
2026-09-01 08:58:00,31.04,41.38,1.137,128.4,60.84,0,normal
2026-09-01 08:58:30,34.77,41.37,1.396,84.38,46.76,0,normal
2026-09-01 08:59:00,26.29,41.39,1.072,121.87,56.48,0,normal
2026-09-01 08:59:30,31.35,41.4,1.193,133.36,74.63,0,normal
2026-09-01 09:00:00,28.38,41.41,1.144,129.1,91.41,0,normal
2026-09-01 09:00:30,27.39,41.4,1.176,105.03,70.99,0,normal
2026-09-01 09:01:00,28.86,41.4,1.268,144.8,65.51,0,normal
2026-09-01 09:01:30,27.94,41.39,1.161,95.06,63.88,0,normal
2026-09-01 09:02:00,28.07,41.41,1.113,104.36,57.13,0,normal
2026-09-01 09:02:30,26.77,41.43,1.111,116.6,62.41,0,normal
2026-09-01 09:03:00,24.31,41.41,1.038,127.39,92.7,0,normal
2026-09-01 09:03:30,23.95,41.43,0.862,111.89,55.4,0,normal
2026-09-01 09:04:00,29.45,41.42,1.265,150.71,65.86,0,normal
2026-09-01 09:04:30,27.13,41.43,1.056,127.38,61.95,0,normal
2026-09-01 09:05:00,26.34,41.42,1.026,121.89,69.48,0,normal
2026-09-01 09:05:30,27.86,41.46,1.094,126.5,57.49,0,normal
2026-09-01 09:06:00,29.83,41.45,1.212,138.32,62.61,0,normal
2026-09-01 09:06:30,28.3,41.45,1.069,126.02,69.41,0,normal
2026-09-01 09:07:00,26.22,41.47,1.034,74.76,37.01,0,normal
2026-09-01 09:07:30,30.92,41.45,1.269,147.24,70.47,0,normal
2026-09-01 09:08:00,31.82,41.45,1.287,122.99,57.65,0,normal
2026-09-01 09:08:30,29.11,41.45,1.186,137.12,72.58,0,normal
2026-09-01 09:09:00,30.32,41.44,1.193,109.85,59.93,0,normal
2026-09-01 09:09:30,30.99,41.43,1.283,74.33,78.29,0,normal
2026-09-01 09:10:00,30.72,41.46,1.294,63.03,30.89,0,normal
2026-09-01 09:10:30,29.43,41.44,1.236,96.39,45.27,0,normal
2026-09-01 09:11:00,29.4,41.46,1.201,132.93,75.02,0,normal
2026-09-01 09:11:30,29.21,41.46,1.223,152.45,88.75,0,normal
2026-09-01 09:12:00,25.18,41.44,1.051,127.55,63.96,0,normal
2026-09-01 09:12:30,29.67,41.45,1.346,93.69,42.37,0,normal
2026-09-01 09:13:00,24.54,41.42,1.042,100.4,44.99,0,normal
2026-09-01 09:13:30,25.95,41.44,1.033,154.02,101.11,0,normal
2026-09-01 09:14:00,31.2,41.43,1.191,87.23,64.16,0,normal
2026-09-01 09:14:30,30.05,41.43,1.186,172.54,91.82,0,normal
2026-09-01 09:15:00,31.68,41.41,1.246,166.9,75.29,0,normal
2026-09-01 09:15:30,27.28,41.41,1.119,173.37,75.29,0,normal
2026-09-01 09:16:00,25.09,41.43,0.968,129.52,76.22,0,normal
2026-09-01 09:16:30,27.37,41.41,1.16,111.46,48.45,0,normal
2026-09-01 09:17:00,28.24,41.41,1.051,128.91,61.6,0,normal
2026-09-01 09:17:30,28.18,41.41,1.035,142.71,71.24,0,normal
2026-09-01 09:18:00,30.83,41.43,1.225,103.73,66.97,0,normal
2026-09-01 09:18:30,27.09,41.38,1.038,92.47,53.18,0,normal
2026-09-01 09:19:00,28.89,41.42,1.083,112.9,78.62,0,normal
2026-09-01 09:19:30,25.53,41.43,0.989,100.69,48.97,0,normal
2026-09-01 09:20:00,29.14,41.45,1.121,151.02,77.45,0,normal
2026-09-01 09:20:30,28.03,41.45,1.122,104.59,48.38,0,normal
2026-09-01 09:21:00,26.15,41.41,1.014,122.39,57.85,0,normal
2026-09-01 09:21:30,27.44,41.42,1.068,144.58,72.35,0,normal
2026-09-01 09:22:00,27.58,41.42,1.103,152.0,86.23,0,normal
2026-09-01 09:22:30,27.37,41.43,1.15,125.21,60.0,0,normal
2026-09-01 09:23:00,32.48,41.42,1.395,129.61,68.17,0,normal
2026-09-01 09:23:30,27.81,41.43,1.12,94.58,47.01,0,normal
2026-09-01 09:24:00,27.45,41.42,1.111,145.58,79.41,0,normal
2026-09-01 09:24:30,22.82,41.43,0.904,151.59,108.47,0,normal
2026-09-01 09:25:00,25.84,41.41,1.058,73.24,36.5,0,normal
2026-09-01 09:25:30,27.42,41.46,1.118,164.07,79.39,0,normal
2026-09-01 09:26:00,26.37,41.51,1.125,102.48,55.8,0,normal
2026-09-01 09:26:30,31.54,41.54,1.143,134.87,60.96,0,normal
2026-09-01 09:27:00,27.69,41.57,1.094,121.94,60.56,0,normal
2026-09-01 09:27:30,31.32,41.56,1.274,118.49,69.99,0,normal
2026-09-01 09:28:00,28.26,41.59,1.129,114.84,62.57,0,normal
2026-09-01 09:28:30,28.2,41.59,1.075,95.19,45.86,0,normal
2026-09-01 09:29:00,27.9,41.56,1.043,133.1,60.19,0,normal
2026-09-01 09:29:30,28.13,41.59,1.171,112.85,50.66,0,normal
2026-09-01 09:30:00,32.43,41.62,1.248,87.26,48.57,0,normal
2026-09-01 09:30:30,22.33,41.61,0.815,94.12,75.69,0,normal
2026-09-01 09:31:00,23.14,41.59,0.965,87.69,47.3,0,normal
2026-09-01 09:31:30,26.79,41.58,1.096,106.89,58.66,0,normal
2026-09-01 09:32:00,28.19,41.55,1.121,132.13,60.4,0,normal
2026-09-01 09:32:30,29.88,41.57,1.141,102.22,73.01,0,normal
2026-09-01 09:33:00,29.35,41.54,1.167,144.39,84.83,0,normal
2026-09-01 09:33:30,27.2,41.54,1.154,117.02,76.99,0,normal
2026-09-01 09:34:00,30.72,41.53,1.13,112.76,51.38,0,normal
2026-09-01 09:34:30,30.75,41.5,1.134,120.42,62.32,0,normal
2026-09-01 09:35:00,28.65,41.51,1.11,154.88,106.05,0,normal
2026-09-01 09:35:30,30.59,41.5,1.222,85.72,37.37,0,normal
2026-09-01 09:36:00,28.88,41.52,1.127,161.41,72.99,0,normal
2026-09-01 09:36:30,26.79,41.49,1.106,144.0,73.86,0,normal
2026-09-01 09:37:00,29.95,41.48,1.263,119.46,58.45,0,normal
2026-09-01 09:37:30,28.49,41.43,1.155,149.58,92.26,0,normal
2026-09-01 09:38:00,28.22,41.39,1.161,111.94,64.95,0,normal
2026-09-01 09:38:30,31.9,41.43,1.293,127.14,67.48,0,normal
2026-09-01 09:39:00,22.1,41.47,0.885,106.46,57.46,0,normal
2026-09-01 09:39:30,24.69,41.47,0.924,144.16,68.42,0,normal
2026-09-01 09:40:00,25.27,41.46,0.959,102.32,53.89,0,normal
2026-09-01 09:40:30,27.33,41.45,1.019,118.72,53.89,0,normal
2026-09-01 09:41:00,27.61,41.47,1.096,136.98,75.55,0,normal
2026-09-01 09:41:30,24.48,41.46,0.991,146.2,94.45,0,normal
2026-09-01 09:42:00,25.8,41.47,0.957,99.47,51.96,0,normal
2026-09-01 09:42:30,26.11,41.47,1.048,138.83,72.29,0,normal
2026-09-01 09:43:00,34.42,41.46,1.316,95.45,62.25,0,normal
2026-09-01 09:43:30,32.78,41.45,1.241,66.24,44.11,0,normal
2026-09-01 09:44:00,27.25,41.46,1.056,101.3,44.63,0,normal
2026-09-01 09:44:30,27.37,41.44,1.034,140.87,64.18,0,normal
2026-09-01 09:45:00,25.42,41.45,1.048,119.69,71.51,0,normal
2026-09-01 09:45:30,23.52,41.44,0.933,106.63,46.88,0,normal
2026-09-01 09:46:00,28.01,41.45,1.166,121.39,64.16,0,normal
2026-09-01 09:46:30,25.81,41.47,1.009,120.56,82.07,0,normal
2026-09-01 09:47:00,28.1,41.47,1.101,135.55,73.15,0,normal
2026-09-01 09:47:30,24.31,41.49,1.064,79.71,60.78,0,normal
2026-09-01 09:48:00,26.42,41.46,0.971,117.44,66.11,0,normal
2026-09-01 09:48:30,28.69,41.45,1.221,123.11,64.66,0,normal
2026-09-01 09:49:00,29.25,41.45,1.267,85.87,43.98,0,normal
2026-09-01 09:49:30,29.38,41.49,1.22,85.52,64.56,0,normal
2026-09-01 09:50:00,25.04,41.45,0.985,110.88,68.99,0,normal
2026-09-01 09:50:30,30.48,41.45,1.306,120.21,53.06,0,normal
2026-09-01 09:51:00,26.35,41.48,1.037,120.3,74.74,0,normal
2026-09-01 09:51:30,29.93,41.47,1.155,106.09,56.52,0,normal
2026-09-01 09:52:00,28.34,41.46,1.111,105.07,48.54,0,normal
2026-09-01 09:52:30,24.92,41.47,0.968,110.12,83.89,0,normal
2026-09-01 09:53:00,27.58,41.48,1.051,127.46,57.06,0,normal
2026-09-01 09:53:30,29.28,41.51,1.236,151.12,71.9,0,normal
2026-09-01 09:54:00,29.91,41.52,1.15,64.49,52.89,0,normal
2026-09-01 09:54:30,28.03,41.55,1.119,135.58,73.89,0,normal
2026-09-01 09:55:00,32.22,41.54,1.196,117.22,70.99,0,normal
2026-09-01 09:55:30,30.91,41.53,1.238,133.14,71.61,0,normal
2026-09-01 09:56:00,27.76,41.52,1.046,149.64,83.75,0,normal
2026-09-01 09:56:30,30.28,41.5,1.14,101.12,46.69,0,normal
2026-09-01 09:57:00,33.24,41.51,1.322,143.61,73.89,0,normal
2026-09-01 09:57:30,33.31,41.5,1.403,88.65,42.04,0,normal
2026-09-01 09:58:00,25.35,41.49,1.036,123.19,56.65,0,normal
2026-09-01 09:58:30,26.1,41.5,1.071,113.94,77.78,0,normal
2026-09-01 09:59:00,32.14,41.48,1.277,121.16,58.63,0,normal
2026-09-01 09:59:30,25.78,41.5,1.014,95.27,53.32,0,normal
2026-09-01 10:00:00,25.13,41.49,1.045,130.92,72.36,0,normal
2026-09-01 10:00:30,27.22,41.51,1.058,159.66,70.45,0,normal
2026-09-01 10:01:00,29.5,41.51,1.229,95.7,62.0,0,normal
2026-09-01 10:01:30,28.19,41.52,1.197,124.74,65.22,0,normal
2026-09-01 10:02:00,26.83,41.53,1.028,141.4,65.44,0,normal
2026-09-01 10:02:30,26.77,41.54,1.034,112.58,55.51,0,normal
2026-09-01 10:03:00,26.68,41.55,1.038,154.01,78.2,0,normal
2026-09-01 10:03:30,26.27,41.51,0.974,109.26,58.81,0,normal
2026-09-01 10:04:00,34.18,41.53,1.335,117.09,88.22,0,normal
2026-09-01 10:04:30,29.22,41.53,1.245,95.17,66.88,0,normal
2026-09-01 10:05:00,30.7,41.55,1.164,123.16,54.1,0,normal
2026-09-01 10:05:30,27.26,41.56,1.163,120.08,61.28,0,normal
2026-09-01 10:06:00,28.03,41.55,1.097,135.9,77.95,0,normal
2026-09-01 10:06:30,26.71,41.53,1.181,104.09,74.88,0,normal
2026-09-01 10:07:00,21.87,41.55,0.845,102.95,57.44,0,normal
2026-09-01 10:07:30,25.05,41.54,0.995,131.56,58.39,0,normal
2026-09-01 10:08:00,23.98,41.56,0.916,154.93,71.23,0,normal
2026-09-01 10:08:30,22.88,41.56,0.884,135.73,63.31,0,normal
2026-09-01 10:09:00,25.53,41.58,1.089,166.19,91.47,0,normal
2026-09-01 10:09:30,31.83,41.59,1.303,133.88,74.0,0,normal
2026-09-01 10:10:00,28.41,41.6,1.195,132.98,70.92,0,normal
2026-09-01 10:10:30,31.75,41.59,1.187,136.98,89.56,0,normal
2026-09-01 10:11:00,29.56,41.6,1.221,157.2,72.15,0,normal
2026-09-01 10:11:30,30.49,41.62,1.16,150.94,71.06,0,normal
2026-09-01 10:12:00,26.29,41.62,0.981,92.88,45.45,0,normal
2026-09-01 10:12:30,29.85,41.63,1.208,140.01,92.7,0,normal
2026-09-01 10:13:00,30.37,41.63,1.229,126.63,85.22,0,normal
2026-09-01 10:13:30,27.11,41.64,1.087,115.15,56.03,0,normal
2026-09-01 10:14:00,29.96,41.67,1.241,75.68,36.45,0,normal
2026-09-01 10:14:30,29.97,41.7,1.251,81.5,40.76,0,normal
2026-09-01 10:15:00,27.19,41.7,1.168,110.89,57.69,0,normal
2026-09-01 10:15:30,25.76,41.7,0.969,83.39,50.29,0,normal
2026-09-01 10:16:00,25.61,41.69,1.102,111.41,56.35,0,normal
2026-09-01 10:16:30,28.79,41.69,1.26,137.86,89.74,0,normal
2026-09-01 10:17:00,29.4,41.7,1.154,105.48,69.41,0,normal
2026-09-01 10:17:30,26.6,41.71,0.975,122.09,65.26,0,normal
2026-09-01 10:18:00,28.66,41.73,1.067,93.25,76.92,0,normal
2026-09-01 10:18:30,30.02,41.71,1.173,127.47,83.76,0,normal
2026-09-01 10:19:00,30.14,41.73,1.327,132.7,74.05,0,normal
2026-09-01 10:19:30,32.48,41.73,1.3,84.43,61.24,0,normal
2026-09-01 10:20:00,31.8,41.71,1.233,101.2,52.61,0,normal
2026-09-01 10:20:30,26.1,41.74,1.008,88.32,43.25,0,normal
2026-09-01 10:21:00,32.82,41.77,1.226,132.73,78.39,0,normal
2026-09-01 10:21:30,27.29,41.77,1.139,124.1,65.63,0,normal
2026-09-01 10:22:00,31.23,41.79,1.244,118.76,69.06,0,normal
2026-09-01 10:22:30,28.79,41.8,1.273,116.79,78.99,0,normal
2026-09-01 10:23:00,27.6,41.83,1.139,128.07,61.23,0,normal
2026-09-01 10:23:30,24.11,41.85,1.004,128.57,82.92,0,normal
2026-09-01 10:24:00,28.21,41.82,1.115,107.61,55.04,0,normal
2026-09-01 10:24:30,24.74,41.86,0.936,104.11,59.82,0,normal
2026-09-01 10:25:00,31.06,41.89,1.188,118.53,52.46,0,normal
2026-09-01 10:25:30,32.44,41.88,1.209,115.26,52.07,0,normal
2026-09-01 10:26:00,26.66,41.86,1.115,171.52,96.16,0,normal
2026-09-01 10:26:30,29.41,41.87,1.154,110.4,58.4,0,normal
2026-09-01 10:27:00,26.85,41.86,1.125,127.24,67.25,0,normal
2026-09-01 10:27:30,27.09,41.87,1.091,131.65,64.84,0,normal
2026-09-01 10:28:00,30.6,41.89,1.206,155.01,68.26,0,normal
2026-09-01 10:28:30,28.57,41.88,1.076,99.72,67.84,0,normal
2026-09-01 10:29:00,33.02,41.86,1.341,153.49,78.22,0,normal
2026-09-01 10:29:30,27.47,41.86,1.087,116.32,53.43,0,normal
2026-09-01 10:30:00,31.18,41.85,1.303,182.53,92.79,0,normal
2026-09-01 10:30:30,28.92,41.86,1.116,129.07,88.34,0,normal
2026-09-01 10:31:00,30.68,41.83,1.265,89.28,51.99,0,normal
2026-09-01 10:31:30,27.57,41.83,1.193,115.07,70.48,0,normal
2026-09-01 10:32:00,28.57,41.84,1.158,153.41,73.81,0,normal
2026-09-01 10:32:30,28.41,41.85,1.181,122.04,53.93,0,normal
2026-09-01 10:33:00,26.61,41.84,1.095,118.51,64.92,0,normal
2026-09-01 10:33:30,30.36,41.82,1.329,137.97,79.54,0,normal
2026-09-01 10:34:00,30.33,41.82,1.236,111.38,56.66,0,normal
2026-09-01 10:34:30,30.19,41.83,1.25,114.73,59.25,0,normal
2026-09-01 10:35:00,32.56,41.84,1.3,96.38,67.11,0,normal
2026-09-01 10:35:30,32.34,41.83,1.243,163.22,82.97,0,normal
2026-09-01 10:36:00,27.78,41.84,1.044,89.43,51.21,0,normal
2026-09-01 10:36:30,29.65,41.87,1.261,124.24,73.47,0,normal
2026-09-01 10:37:00,27.17,41.87,1.032,132.0,59.73,0,normal
2026-09-01 10:37:30,28.79,41.84,1.194,119.66,52.96,0,normal
2026-09-01 10:38:00,27.23,41.85,1.112,88.65,40.48,0,normal
2026-09-01 10:38:30,32.78,41.89,1.372,95.03,56.2,0,normal
2026-09-01 10:39:00,29.65,41.86,1.155,133.06,84.58,0,normal
2026-09-01 10:39:30,28.2,41.86,1.083,100.5,44.44,0,normal
2026-09-01 10:40:00,31.73,41.86,1.293,68.2,55.88,0,normal
2026-09-01 10:40:30,23.32,41.86,0.919,129.67,59.34,0,normal
2026-09-01 10:41:00,23.72,41.87,0.89,98.19,64.1,0,normal
2026-09-01 10:41:30,30.74,41.89,1.349,135.78,62.53,0,normal
2026-09-01 10:42:00,28.91,41.89,1.111,114.96,57.81,0,normal
2026-09-01 10:42:30,29.39,41.92,1.117,113.75,78.73,0,normal
2026-09-01 10:43:00,25.45,41.92,1.006,121.31,62.03,0,normal
2026-09-01 10:43:30,28.71,41.91,1.22,91.54,49.98,0,normal
2026-09-01 10:44:00,33.78,41.9,1.205,99.36,62.43,0,normal
2026-09-01 10:44:30,30.83,41.86,1.305,113.5,68.8,0,normal
2026-09-01 10:45:00,29.2,41.87,1.115,91.39,62.65,0,normal
2026-09-01 10:45:30,27.68,41.91,1.122,137.85,66.07,0,normal
2026-09-01 10:46:00,27.8,41.92,1.074,112.32,64.04,0,normal
2026-09-01 10:46:30,23.46,41.93,1.032,83.76,36.85,0,normal
2026-09-01 10:47:00,29.43,41.93,1.185,106.02,51.06,0,normal
2026-09-01 10:47:30,30.9,41.92,1.192,122.53,69.22,0,normal
2026-09-01 10:48:00,24.86,41.94,0.979,108.85,55.1,0,normal
2026-09-01 10:48:30,27.14,41.98,1.091,130.0,64.63,0,normal
2026-09-01 10:49:00,25.91,42.01,1.045,134.35,68.04,0,normal
2026-09-01 10:49:30,26.39,42.03,1.079,180.04,83.39,0,normal
2026-09-01 10:50:00,28.94,42.03,1.157,148.77,91.94,0,normal
2026-09-01 10:50:30,23.59,42.04,0.879,79.09,59.9,0,normal
2026-09-01 10:51:00,30.35,42.02,1.193,110.99,54.59,0,normal
2026-09-01 10:51:30,30.7,41.99,1.265,113.33,62.8,0,normal
2026-09-01 10:52:00,28.19,41.97,1.09,134.38,61.82,0,normal
2026-09-01 10:52:30,22.61,41.97,0.935,96.66,48.47,0,normal
2026-09-01 10:53:00,26.33,41.97,1.055,106.72,63.83,0,normal
2026-09-01 10:53:30,31.9,41.94,1.262,88.89,50.43,0,normal
2026-09-01 10:54:00,21.88,41.94,0.928,104.94,57.14,0,normal
2026-09-01 10:54:30,27.96,41.93,1.021,105.88,46.86,0,normal
2026-09-01 10:55:00,25.88,41.91,1.0,112.17,69.14,0,normal
2026-09-01 10:55:30,30.84,41.9,1.31,90.34,46.16,0,normal
2026-09-01 10:56:00,27.15,41.9,1.185,144.55,76.97,0,normal
2026-09-01 10:56:30,29.85,41.89,1.33,131.81,59.18,0,normal
2026-09-01 10:57:00,30.26,41.91,1.213,83.78,38.0,0,normal
2026-09-01 10:57:30,33.43,41.87,1.368,120.65,58.24,0,normal
2026-09-01 10:58:00,28.34,41.83,1.18,80.87,35.74,0,normal
2026-09-01 10:58:30,29.79,41.83,1.267,153.56,78.89,0,normal
2026-09-01 10:59:00,25.14,41.83,1.021,160.35,81.22,0,normal
2026-09-01 10:59:30,31.83,41.84,1.332,118.61,57.28,0,normal
2026-09-01 11:00:00,26.96,41.83,1.103,98.68,58.07,0,normal
2026-09-01 11:00:30,27.46,41.81,1.127,103.39,52.44,0,normal
2026-09-01 11:01:00,28.81,41.81,1.099,108.66,66.91,0,normal
2026-09-01 11:01:30,24.95,41.8,0.982,117.33,73.07,0,normal
2026-09-01 11:02:00,29.44,41.84,1.147,154.26,88.17,0,normal
2026-09-01 11:02:30,31.28,41.83,1.177,143.89,67.53,0,normal
2026-09-01 11:03:00,29.6,41.83,1.086,144.28,70.99,0,normal
2026-09-01 11:03:30,24.9,41.88,0.975,124.26,72.57,0,normal
2026-09-01 11:04:00,28.57,41.88,1.128,91.16,51.88,0,normal
2026-09-01 11:04:30,30.73,41.89,1.236,100.75,48.77,0,normal
2026-09-01 11:05:00,24.18,41.9,0.994,121.52,57.8,0,normal
2026-09-01 11:05:30,26.19,41.92,1.058,89.97,48.63,0,normal
2026-09-01 11:06:00,31.08,41.92,1.227,127.6,56.26,0,normal
2026-09-01 11:06:30,29.56,41.93,1.128,140.13,98.26,0,normal
2026-09-01 11:07:00,29.92,41.93,1.249,133.63,84.59,0,normal
2026-09-01 11:07:30,33.54,41.92,1.335,132.63,75.33,0,normal
2026-09-01 11:08:00,30.06,41.93,1.176,73.34,32.5,0,normal
2026-09-01 11:08:30,30.54,41.97,1.21,153.33,73.94,0,normal
2026-09-01 11:09:00,35.67,41.99,1.375,80.82,65.78,0,normal
2026-09-01 11:09:30,28.36,42.0,1.104,116.18,62.49,0,normal
2026-09-01 11:10:00,26.91,42.02,1.046,135.46,81.14,0,normal
2026-09-01 11:10:30,29.97,42.0,1.182,128.96,69.09,0,normal
2026-09-01 11:11:00,30.0,41.99,1.239,88.05,64.82,0,normal
2026-09-01 11:11:30,27.59,42.01,1.126,92.54,59.91,0,normal
2026-09-01 11:12:00,26.33,42.04,1.135,127.18,73.42,0,normal
2026-09-01 11:12:30,34.68,42.03,1.471,132.77,58.73,0,normal
2026-09-01 11:13:00,29.73,42.02,1.305,92.32,71.99,0,normal
2026-09-01 11:13:30,27.08,42.06,1.114,129.81,75.13,0,normal
2026-09-01 11:14:00,31.21,42.07,1.282,82.12,38.77,0,normal
2026-09-01 11:14:30,28.64,42.1,1.118,135.61,65.62,0,normal
2026-09-01 11:15:00,28.29,42.11,1.178,97.9,66.74,0,normal
2026-09-01 11:15:30,30.32,42.11,1.173,122.01,54.1,0,normal
2026-09-01 11:16:00,25.69,42.11,0.952,117.82,64.14,0,normal
2026-09-01 11:16:30,29.8,42.13,1.283,149.02,80.48,0,normal
2026-09-01 11:17:00,33.71,42.15,1.264,126.05,61.6,0,normal
2026-09-01 11:17:30,30.09,42.13,1.23,105.02,52.74,0,normal
2026-09-01 11:18:00,27.99,42.13,1.07,128.99,72.79,0,normal
2026-09-01 11:18:30,27.66,42.15,1.169,173.56,89.08,0,normal
2026-09-01 11:19:00,27.91,42.14,1.187,138.5,74.26,0,normal
2026-09-01 11:19:30,28.3,42.13,1.162,118.52,53.81,0,normal
2026-09-01 11:20:00,27.99,42.15,1.189,99.16,45.01,0,normal
2026-09-01 11:20:30,31.23,42.18,1.25,104.59,50.06,0,normal
2026-09-01 11:21:00,24.61,42.17,1.094,137.0,71.69,0,normal
2026-09-01 11:21:30,31.09,42.17,1.29,97.85,59.7,0,normal
2026-09-01 11:22:00,27.99,42.15,1.069,120.07,75.75,0,normal
2026-09-01 11:22:30,29.88,42.13,1.2,155.94,76.13,0,normal
2026-09-01 11:23:00,26.13,42.13,1.037,123.76,54.96,0,normal
2026-09-01 11:23:30,32.27,42.14,1.275,93.02,47.95,0,normal
2026-09-01 11:24:00,32.06,42.12,1.176,174.45,86.57,0,normal
2026-09-01 11:24:30,31.35,42.1,1.278,164.06,94.47,0,normal
2026-09-01 11:25:00,25.16,42.08,0.937,132.53,59.44,0,normal
2026-09-01 11:25:30,31.02,42.09,1.084,151.89,77.56,0,normal
2026-09-01 11:26:00,29.97,42.05,1.178,113.33,52.01,0,normal
2026-09-01 11:26:30,24.94,42.03,0.96,138.11,65.52,0,normal
2026-09-01 11:27:00,28.9,41.99,1.106,109.41,55.91,0,normal
2026-09-01 11:27:30,29.87,42.0,1.009,86.11,53.87,0,normal
2026-09-01 11:28:00,30.35,41.97,1.162,184.8,83.9,0,normal
2026-09-01 11:28:30,29.4,41.97,1.166,84.84,61.65,0,normal
2026-09-01 11:29:00,29.69,42.0,1.15,127.44,58.74,0,normal
2026-09-01 11:29:30,32.65,42.04,1.331,127.15,71.71,0,normal
2026-09-01 11:30:00,32.03,42.0,1.37,132.9,63.55,0,normal
2026-09-01 11:30:30,21.8,42.01,0.894,117.76,85.28,0,normal
2026-09-01 11:31:00,28.17,41.99,1.185,118.02,52.79,0,normal
2026-09-01 11:31:30,28.55,41.96,1.206,123.46,79.01,0,normal
2026-09-01 11:32:00,24.59,41.96,0.933,132.0,75.85,0,normal
2026-09-01 11:32:30,29.2,41.99,1.194,119.95,74.6,0,normal
2026-09-01 11:33:00,32.09,42.0,1.348,118.29,61.83,0,normal
2026-09-01 11:33:30,26.25,41.98,1.027,86.97,52.07,0,normal
2026-09-01 11:34:00,29.81,42.0,1.145,170.34,100.49,0,normal
2026-09-01 11:34:30,26.68,41.95,1.096,133.39,65.4,0,normal
2026-09-01 11:35:00,27.3,41.94,1.011,125.22,74.37,0,normal
2026-09-01 11:35:30,32.67,41.92,1.236,104.39,46.25,0,normal
2026-09-01 11:36:00,27.62,41.92,1.068,94.91,68.59,0,normal
2026-09-01 11:36:30,30.13,41.92,1.232,141.5,66.9,0,normal
2026-09-01 11:37:00,24.3,41.92,0.983,116.0,53.13,0,normal
2026-09-01 11:37:30,33.63,41.91,1.415,135.53,63.22,0,normal
2026-09-01 11:38:00,30.49,41.92,1.163,86.2,61.1,0,normal
2026-09-01 11:38:30,28.52,41.93,1.085,158.67,84.77,0,normal
2026-09-01 11:39:00,30.42,41.93,1.249,142.53,75.51,0,normal
2026-09-01 11:39:30,25.46,41.92,0.978,117.97,81.8,0,normal
2026-09-01 11:40:00,31.94,41.93,1.239,131.69,77.89,0,normal
2026-09-01 11:40:30,28.17,41.95,1.022,138.53,75.48,0,normal
2026-09-01 11:41:00,28.48,41.94,1.156,86.58,49.31,0,normal
2026-09-01 11:41:30,27.76,41.94,1.196,161.95,82.51,0,normal
2026-09-01 11:42:00,27.54,41.96,1.045,132.08,64.13,0,normal
2026-09-01 11:42:30,30.72,41.94,1.292,102.4,47.77,0,normal
2026-09-01 11:43:00,29.63,41.97,1.182,92.59,41.8,0,normal
2026-09-01 11:43:30,30.62,41.95,1.117,144.68,71.09,0,normal
2026-09-01 11:44:00,28.97,41.94,1.107,125.28,59.2,0,normal
2026-09-01 11:44:30,30.27,41.92,1.153,132.07,58.39,0,normal
2026-09-01 11:45:00,27.94,41.97,1.1,120.67,57.99,0,normal
2026-09-01 11:45:30,34.57,41.96,1.412,94.93,45.02,0,normal
2026-09-01 11:46:00,25.07,41.95,1.096,132.72,61.53,0,normal
2026-09-01 11:46:30,32.14,41.94,1.194,115.06,57.09,0,normal
2026-09-01 11:47:00,32.41,41.94,1.265,119.46,80.76,0,normal
2026-09-01 11:47:30,26.86,41.93,1.026,179.43,85.58,0,normal
2026-09-01 11:48:00,34.57,41.93,1.295,141.73,82.86,0,normal
2026-09-01 11:48:30,31.48,41.86,1.265,143.17,73.27,0,normal
2026-09-01 11:49:00,31.42,41.86,1.257,188.01,94.87,0,normal
2026-09-01 11:49:30,29.07,41.86,1.057,129.61,83.78,0,normal
2026-09-01 11:50:00,28.45,41.88,1.139,122.99,59.18,0,normal
2026-09-01 11:50:30,28.47,41.91,1.07,103.02,55.34,0,normal
2026-09-01 11:51:00,29.97,41.91,1.2,108.69,54.26,0,normal
2026-09-01 11:51:30,32.5,41.92,1.383,68.82,30.57,0,normal
2026-09-01 11:52:00,29.45,41.9,1.205,139.76,66.32,0,normal
2026-09-01 11:52:30,26.72,41.92,1.078,88.33,39.46,0,normal
2026-09-01 11:53:00,31.06,41.91,1.21,142.57,69.03,0,normal
2026-09-01 11:53:30,31.3,41.88,1.256,118.92,81.64,0,normal
2026-09-01 11:54:00,30.64,41.88,1.26,123.2,57.21,0,normal
2026-09-01 11:54:30,30.86,41.91,1.263,118.94,61.63,0,normal
2026-09-01 11:55:00,28.32,41.91,1.127,154.65,80.5,0,normal
2026-09-01 11:55:30,26.68,41.94,1.079,150.24,78.8,0,normal
2026-09-01 11:56:00,26.83,41.92,1.003,119.28,73.67,0,normal
2026-09-01 11:56:30,24.91,41.95,0.96,97.52,71.83,0,normal
2026-09-01 11:57:00,29.59,41.93,1.226,143.1,68.16,0,normal
2026-09-01 11:57:30,28.79,41.94,1.2,95.64,46.4,0,normal
2026-09-01 11:58:00,27.9,41.94,1.121,81.13,64.23,0,normal
2026-09-01 11:58:30,21.61,41.95,0.928,132.46,72.35,0,normal
2026-09-01 11:59:00,25.88,41.96,1.062,150.46,69.33,0,normal
2026-09-01 11:59:30,31.8,41.95,1.257,109.87,66.06,0,normal
2026-09-01 12:00:00,27.34,41.96,1.027,130.11,81.03,0,normal
2026-09-01 12:00:30,29.9,42.0,1.282,109.61,49.22,0,normal
2026-09-01 12:01:00,25.52,41.99,1.06,138.05,72.39,0,normal
2026-09-01 12:01:30,32.6,41.95,1.421,147.38,68.54,0,normal
2026-09-01 12:02:00,28.64,41.96,1.27,113.43,63.36,0,normal
2026-09-01 12:02:30,29.72,41.95,1.112,94.31,50.75,0,normal
2026-09-01 12:03:00,34.81,41.95,1.303,83.57,54.01,0,normal
2026-09-01 12:03:30,32.79,41.96,1.124,143.14,95.58,0,normal
2026-09-01 12:04:00,28.23,41.95,1.181,91.59,79.51,0,normal
2026-09-01 12:04:30,27.52,41.95,1.137,129.3,67.87,0,normal
2026-09-01 12:05:00,28.19,41.94,1.133,139.44,68.25,0,normal
2026-09-01 12:05:30,30.27,41.97,1.137,107.47,48.21,0,normal
2026-09-01 12:06:00,28.74,41.97,1.144,115.84,74.57,0,normal
2026-09-01 12:06:30,28.01,41.95,1.131,144.98,77.19,0,normal
2026-09-01 12:07:00,32.67,41.93,1.358,99.8,65.62,0,normal
2026-09-01 12:07:30,28.71,41.93,1.164,97.26,45.34,0,normal
2026-09-01 12:08:00,34.75,41.91,1.436,114.14,53.63,0,normal
2026-09-01 12:08:30,29.22,41.87,1.162,151.95,78.97,0,normal
2026-09-01 12:09:00,33.46,41.89,1.417,160.27,90.37,0,normal
2026-09-01 12:09:30,29.89,41.9,1.233,117.53,55.89,0,normal
2026-09-01 12:10:00,31.4,41.89,1.182,102.2,64.51,0,normal
2026-09-01 12:10:30,27.18,41.9,1.163,146.6,75.03,0,normal
2026-09-01 12:11:00,26.86,41.9,1.14,78.27,58.62,0,normal
2026-09-01 12:11:30,30.14,41.91,1.234,126.19,64.11,0,normal
2026-09-01 12:12:00,31.47,41.93,1.276,118.9,68.34,0,normal
2026-09-01 12:12:30,29.09,41.87,1.26,152.35,70.83,0,normal
2026-09-01 12:13:00,25.78,41.87,0.947,154.88,78.33,0,normal
2026-09-01 12:13:30,25.59,41.88,1.087,96.44,45.25,0,normal
2026-09-01 12:14:00,25.42,41.87,0.993,124.19,56.9,0,normal
2026-09-01 12:14:30,24.57,41.87,1.037,105.73,70.56,0,normal
2026-09-01 12:15:00,29.26,41.89,1.178,112.67,50.99,0,normal
2026-09-01 12:15:30,31.8,41.89,1.193,135.43,66.64,0,normal
2026-09-01 12:16:00,28.96,41.92,1.129,111.63,66.1,0,normal
2026-09-01 12:16:30,23.34,41.94,0.981,124.85,74.03,0,normal
2026-09-01 12:17:00,28.51,41.94,1.128,143.93,69.71,0,normal
2026-09-01 12:17:30,28.58,41.93,1.108,157.88,74.38,0,normal
2026-09-01 12:18:00,34.23,41.88,1.326,127.22,71.74,0,normal
2026-09-01 12:18:30,25.34,41.87,1.046,122.94,84.9,0,normal
2026-09-01 12:19:00,28.01,41.84,1.218,92.32,44.38,0,normal
2026-09-01 12:19:30,33.25,41.85,1.188,159.64,72.29,0,normal
2026-09-01 12:20:00,30.11,41.85,1.373,132.39,58.33,0,normal
2026-09-01 12:20:30,30.39,41.86,1.228,123.41,61.12,0,normal
2026-09-01 12:21:00,29.27,41.89,1.205,122.13,59.06,0,normal
2026-09-01 12:21:30,29.81,41.89,1.166,129.02,62.01,0,normal
2026-09-01 12:22:00,30.92,41.94,1.237,139.29,74.94,0,normal
2026-09-01 12:22:30,26.96,41.94,1.089,142.39,63.96,0,normal
2026-09-01 12:23:00,31.17,41.91,1.182,160.27,90.89,0,normal
2026-09-01 12:23:30,25.55,41.9,0.981,126.07,57.2,0,normal
2026-09-01 12:24:00,29.8,41.89,1.263,163.86,77.58,0,normal
2026-09-01 12:24:30,29.42,41.91,1.086,146.44,83.58,0,normal
2026-09-01 12:25:00,27.43,41.89,1.122,118.5,52.44,0,normal
2026-09-01 12:25:30,28.92,41.88,1.135,78.32,36.34,0,normal
2026-09-01 12:26:00,27.42,41.88,1.044,122.14,54.23,0,normal
2026-09-01 12:26:30,26.29,41.87,1.155,158.96,91.92,0,normal
2026-09-01 12:27:00,28.09,41.88,1.07,100.62,48.85,0,normal
2026-09-01 12:27:30,26.21,41.9,0.989,122.06,72.43,0,normal
2026-09-01 12:28:00,29.78,41.92,1.18,124.13,58.11,0,normal
2026-09-01 12:28:30,26.09,41.91,1.004,143.55,79.48,0,normal
2026-09-01 12:29:00,30.75,41.94,1.23,110.3,52.08,0,normal
2026-09-01 12:29:30,26.01,41.91,1.049,98.27,56.46,0,normal
2026-09-01 12:30:00,27.55,41.88,1.115,134.25,73.54,0,normal
2026-09-01 12:30:30,27.4,41.86,1.089,101.42,58.73,0,normal
2026-09-01 12:31:00,32.27,41.86,1.246,74.11,33.67,0,normal
2026-09-01 12:31:30,29.79,41.88,1.23,166.01,87.37,0,normal
2026-09-01 12:32:00,28.43,41.87,1.131,143.18,79.71,0,normal
2026-09-01 12:32:30,30.21,41.86,1.178,167.08,92.28,0,normal
2026-09-01 12:33:00,23.69,41.85,1.018,141.85,63.95,0,normal
2026-09-01 12:33:30,28.85,41.87,1.147,137.01,83.35,0,normal
2026-09-01 12:34:00,33.95,41.85,1.432,129.24,66.69,0,normal
2026-09-01 12:34:30,29.28,41.84,1.243,115.35,73.14,0,normal
2026-09-01 12:35:00,29.12,41.82,1.24,132.8,62.56,0,normal
2026-09-01 12:35:30,30.32,41.81,1.255,106.17,64.62,0,normal
2026-09-01 12:36:00,31.19,41.83,1.247,93.27,57.3,0,normal
2026-09-01 12:36:30,23.95,41.83,0.955,111.69,71.16,0,normal
2026-09-01 12:37:00,24.74,41.81,0.978,152.29,92.77,0,normal
2026-09-01 12:37:30,29.47,41.84,1.051,89.19,50.25,0,normal
2026-09-01 12:38:00,27.16,41.83,1.125,89.59,61.1,0,normal
2026-09-01 12:38:30,32.22,41.86,1.305,134.78,67.5,0,normal
2026-09-01 12:39:00,28.15,41.88,1.173,109.62,53.12,0,normal
2026-09-01 12:39:30,24.1,41.88,0.958,132.14,69.65,0,normal
2026-09-01 12:40:00,25.77,41.85,1.065,144.75,78.62,0,normal
2026-09-01 12:40:30,22.06,41.9,0.822,131.54,60.92,0,normal
2026-09-01 12:41:00,28.35,41.91,1.068,104.19,57.12,0,normal
2026-09-01 12:41:30,28.46,41.9,0.998,152.07,66.93,0,normal
2026-09-01 12:42:00,27.87,41.92,1.107,138.55,66.93,0,normal
2026-09-01 12:42:30,31.63,41.93,1.216,120.67,62.24,0,normal
2026-09-01 12:43:00,31.92,41.96,1.219,119.46,66.53,0,normal
2026-09-01 12:43:30,28.5,41.94,1.159,129.35,59.33,0,normal
2026-09-01 12:44:00,23.59,41.95,0.923,112.2,65.07,0,normal
2026-09-01 12:44:30,30.47,41.93,1.131,79.22,41.81,0,normal
2026-09-01 12:45:00,30.31,41.94,1.367,138.75,70.83,0,normal
2026-09-01 12:45:30,29.69,41.94,1.186,137.27,63.06,0,normal
2026-09-01 12:46:00,31.37,41.94,1.187,62.47,31.78,0,normal
2026-09-01 12:46:30,26.0,41.94,1.005,132.77,95.48,0,normal
2026-09-01 12:47:00,33.93,41.93,1.346,163.91,91.43,0,normal
2026-09-01 12:47:30,26.51,41.92,1.051,91.81,47.75,0,normal
2026-09-01 12:48:00,30.78,41.93,1.311,118.17,67.62,0,normal
2026-09-01 12:48:30,24.69,41.96,0.984,115.45,55.86,0,normal
2026-09-01 12:49:00,26.58,41.95,1.162,161.51,73.5,0,normal
2026-09-01 12:49:30,32.7,41.96,1.28,148.02,71.07,0,normal
2026-09-01 12:50:00,28.25,41.97,1.154,98.04,43.08,0,normal
2026-09-01 12:50:30,31.0,41.97,1.303,128.55,69.98,0,normal
2026-09-01 12:51:00,29.49,41.94,1.25,177.57,81.0,0,normal
2026-09-01 12:51:30,28.63,41.91,1.22,104.38,92.53,0,normal
2026-09-01 12:52:00,32.3,41.89,1.275,119.72,59.39,0,normal
2026-09-01 12:52:30,28.3,41.85,1.132,132.84,79.03,0,normal
2026-09-01 12:53:00,24.44,41.88,0.856,104.75,54.18,0,normal
2026-09-01 12:53:30,26.88,41.89,1.065,164.08,73.72,0,normal
2026-09-01 12:54:00,30.26,41.88,1.277,108.18,69.59,0,normal
2026-09-01 12:54:30,29.87,41.84,1.248,85.27,61.47,0,normal
2026-09-01 12:55:00,24.96,41.8,0.994,106.88,53.33,0,normal
2026-09-01 12:55:30,27.07,41.8,1.175,136.33,70.64,0,normal
2026-09-01 12:56:00,27.42,41.84,1.076,100.05,50.49,0,normal
2026-09-01 12:56:30,27.96,41.83,1.078,127.55,63.28,0,normal
2026-09-01 12:57:00,25.43,41.84,0.993,134.06,73.35,0,normal
2026-09-01 12:57:30,27.3,41.83,1.031,89.78,64.22,0,normal
2026-09-01 12:58:00,27.04,41.83,1.115,105.91,52.35,0,normal
2026-09-01 12:58:30,30.8,41.86,1.25,128.72,57.53,0,normal
2026-09-01 12:59:00,30.88,41.85,1.273,137.56,64.93,0,normal
2026-09-01 12:59:30,28.5,41.84,1.116,106.53,58.18,0,normal
2026-09-01 13:00:00,27.88,41.86,1.112,123.79,61.15,0,normal
2026-09-01 13:00:30,29.21,41.87,1.041,112.9,53.59,0,normal
2026-09-01 13:01:00,26.81,41.89,1.093,138.2,106.45,0,normal
2026-09-01 13:01:30,25.99,41.87,1.045,132.99,73.67,0,normal
2026-09-01 13:02:00,26.5,41.9,1.002,110.66,85.27,0,normal
2026-09-01 13:02:30,27.26,41.9,1.085,131.96,64.17,0,normal
2026-09-01 13:03:00,25.93,41.91,1.024,109.69,51.91,0,normal
2026-09-01 13:03:30,29.25,41.91,1.273,131.43,76.29,0,normal
2026-09-01 13:04:00,30.66,41.9,1.161,131.78,62.82,0,normal
2026-09-01 13:04:30,24.87,41.9,1.011,179.28,87.47,0,normal
2026-09-01 13:05:00,28.9,41.89,1.093,111.59,93.93,0,normal
2026-09-01 13:05:30,28.28,41.91,1.1,116.47,61.52,0,normal
2026-09-01 13:06:00,29.68,41.91,1.204,103.82,49.09,0,normal
2026-09-01 13:06:30,28.79,41.88,1.14,94.18,63.15,0,normal
2026-09-01 13:07:00,25.19,41.84,1.007,108.59,55.67,0,normal
2026-09-01 13:07:30,25.67,41.81,1.044,136.63,73.48,0,normal
2026-09-01 13:08:00,28.89,41.82,1.127,138.44,74.55,0,normal
2026-09-01 13:08:30,31.39,41.8,1.311,127.39,82.74,0,normal
2026-09-01 13:09:00,23.28,41.8,0.917,112.61,51.25,0,normal
2026-09-01 13:09:30,29.68,41.8,1.181,107.67,74.94,0,normal
2026-09-01 13:10:00,31.78,41.8,1.294,97.08,49.96,0,normal
2026-09-01 13:10:30,28.42,41.81,1.15,106.08,50.86,0,normal
2026-09-01 13:11:00,30.18,41.81,1.246,87.62,47.44,0,normal
2026-09-01 13:11:30,27.04,41.76,1.099,153.95,75.06,0,normal
2026-09-01 13:12:00,28.5,41.75,1.167,165.93,87.38,0,normal
2026-09-01 13:12:30,24.74,41.76,0.974,71.6,64.04,0,normal
2026-09-01 13:13:00,22.93,41.79,0.868,127.23,60.92,0,normal
2026-09-01 13:13:30,31.15,41.82,1.157,126.82,68.55,0,normal
2026-09-01 13:14:00,26.32,41.8,0.965,125.22,55.9,0,normal
2026-09-01 13:14:30,27.64,41.79,1.203,105.18,51.46,0,normal
2026-09-01 13:15:00,25.31,41.76,0.9,145.56,77.2,0,normal
2026-09-01 13:15:30,25.25,41.79,1.07,130.26,61.47,0,normal
2026-09-01 13:16:00,28.34,41.8,1.087,145.85,87.65,0,normal
2026-09-01 13:16:30,26.95,41.81,1.142,101.56,61.02,0,normal
2026-09-01 13:17:00,29.71,41.81,1.058,85.42,51.97,0,normal
2026-09-01 13:17:30,29.9,41.84,1.182,130.87,79.83,0,normal
2026-09-01 13:18:00,29.56,41.86,1.268,95.93,49.82,0,normal
2026-09-01 13:18:30,29.36,41.89,1.216,146.36,68.71,0,normal
2026-09-01 13:19:00,32.7,41.9,1.286,66.83,47.08,0,normal
2026-09-01 13:19:30,26.08,41.89,0.942,108.29,48.26,0,normal
2026-09-01 13:20:00,28.61,41.9,1.069,104.6,51.83,0,normal
2026-09-01 13:20:30,31.58,41.92,1.351,111.69,58.52,0,normal
2026-09-01 13:21:00,31.9,41.91,1.254,126.53,60.62,0,normal
2026-09-01 13:21:30,25.19,41.91,1.004,129.91,59.49,0,normal
2026-09-01 13:22:00,27.95,41.93,1.134,135.99,66.38,0,normal
2026-09-01 13:22:30,32.13,41.96,1.201,138.87,81.86,0,normal
2026-09-01 13:23:00,30.0,41.94,1.224,115.71,54.25,0,normal
2026-09-01 13:23:30,29.22,41.94,1.144,172.72,77.72,0,normal
2026-09-01 13:24:00,28.18,41.94,1.144,154.68,89.81,0,normal
2026-09-01 13:24:30,27.76,41.95,1.078,112.2,56.98,0,normal
2026-09-01 13:25:00,29.43,41.94,1.085,116.58,58.26,0,normal
2026-09-01 13:25:30,28.08,41.98,1.099,111.67,63.31,0,normal
2026-09-01 13:26:00,28.6,41.99,1.181,129.08,76.25,0,normal
2026-09-01 13:26:30,28.9,42.0,1.179,95.7,48.41,0,normal
2026-09-01 13:27:00,27.01,42.03,1.082,100.26,76.67,0,normal
2026-09-01 13:27:30,30.03,42.02,1.255,65.82,38.08,0,normal
2026-09-01 13:28:00,35.98,42.02,1.425,110.03,50.84,0,normal
2026-09-01 13:28:30,24.25,41.99,0.973,146.62,70.25,0,normal
2026-09-01 13:29:00,29.5,41.99,1.152,116.2,59.92,0,normal
2026-09-01 13:29:30,26.79,41.96,1.123,117.6,65.77,0,normal
2026-09-01 13:30:00,30.12,41.97,1.223,126.95,62.15,0,normal
2026-09-01 13:30:30,28.8,41.98,1.12,94.94,44.48,0,normal
2026-09-01 13:31:00,30.58,41.97,1.132,120.63,61.5,0,normal
2026-09-01 13:31:30,31.61,41.97,1.334,142.26,66.89,0,normal
2026-09-01 13:32:00,29.15,41.98,1.123,127.66,69.98,0,normal
2026-09-01 13:32:30,31.5,41.96,1.264,144.45,90.85,0,normal
2026-09-01 13:33:00,22.8,41.96,1.019,151.6,71.4,0,normal
2026-09-01 13:33:30,32.64,41.98,1.358,136.56,69.16,0,normal
2026-09-01 13:34:00,29.59,41.94,1.279,102.17,51.11,0,normal
2026-09-01 13:34:30,31.35,41.96,1.22,111.4,52.63,0,normal
2026-09-01 13:35:00,25.59,41.92,1.079,168.29,76.33,0,normal
2026-09-01 13:35:30,26.57,41.92,1.064,127.85,60.39,0,normal
2026-09-01 13:36:00,29.0,41.89,1.181,124.52,69.31,0,normal
2026-09-01 13:36:30,28.59,41.92,1.259,98.5,69.05,0,normal
2026-09-01 13:37:00,29.34,41.9,1.157,117.71,82.08,0,normal
2026-09-01 13:37:30,31.34,41.86,1.255,137.91,78.85,0,normal
2026-09-01 13:38:00,24.21,41.86,0.925,120.37,53.0,0,normal
2026-09-01 13:38:30,31.06,41.86,1.297,107.02,50.41,0,normal
2026-09-01 13:39:00,28.63,41.82,1.113,112.82,69.66,0,normal
2026-09-01 13:39:30,28.1,41.83,1.182,149.8,105.4,0,normal
2026-09-01 13:40:00,24.93,41.79,0.915,136.69,72.06,0,normal
2026-09-01 13:40:30,29.86,41.77,1.227,133.35,77.61,0,normal
2026-09-01 13:41:00,22.56,41.76,0.873,131.02,67.68,0,normal
2026-09-01 13:41:30,30.22,41.78,1.253,90.42,60.49,0,normal
2026-09-01 13:42:00,24.86,41.8,0.994,126.81,80.1,0,normal
2026-09-01 13:42:30,28.72,41.82,1.118,146.7,90.55,0,normal
2026-09-01 13:43:00,28.29,41.82,1.11,113.48,55.94,0,normal
2026-09-01 13:43:30,31.51,41.77,1.207,144.44,78.55,0,normal
2026-09-01 13:44:00,28.13,41.77,1.172,133.63,64.42,0,normal
2026-09-01 13:44:30,26.84,41.8,1.017,140.69,70.03,0,normal
2026-09-01 13:45:00,27.3,41.83,1.077,121.27,57.04,0,normal
2026-09-01 13:45:30,31.75,41.84,1.292,142.16,69.14,0,normal
2026-09-01 13:46:00,29.9,41.81,1.292,83.38,47.11,0,normal
2026-09-01 13:46:30,27.59,41.8,1.103,120.83,61.54,0,normal
2026-09-01 13:47:00,27.96,41.84,1.105,137.83,60.82,0,normal
2026-09-01 13:47:30,24.63,41.81,0.999,127.41,78.83,0,normal
2026-09-01 13:48:00,29.51,41.78,1.058,147.39,73.12,0,normal
2026-09-01 13:48:30,24.14,41.8,0.908,116.07,87.98,0,normal
2026-09-01 13:49:00,30.41,41.79,1.194,106.31,51.94,0,normal
2026-09-01 13:49:30,28.86,41.77,1.113,79.02,41.41,0,normal
2026-09-01 13:50:00,34.49,41.8,1.269,113.18,61.41,0,normal
2026-09-01 13:50:30,25.78,41.81,1.075,132.92,76.63,0,normal
2026-09-01 13:51:00,28.26,41.8,1.145,139.03,66.91,0,normal
2026-09-01 13:51:30,33.01,41.77,1.33,85.02,46.77,0,normal
2026-09-01 13:52:00,31.49,41.81,1.216,149.38,70.49,0,normal
2026-09-01 13:52:30,26.77,41.81,1.075,95.64,58.49,0,normal
2026-09-01 13:53:00,29.06,41.84,1.192,116.97,52.72,0,normal
2026-09-01 13:53:30,28.5,41.86,1.125,105.78,50.17,0,normal
2026-09-01 13:54:00,29.2,41.84,1.194,130.43,60.3,0,normal
2026-09-01 13:54:30,26.74,41.83,1.027,122.35,68.28,0,normal
2026-09-01 13:55:00,28.26,41.86,1.136,136.95,62.19,0,normal
2026-09-01 13:55:30,24.49,41.89,1.035,166.1,86.36,0,normal
2026-09-01 13:56:00,28.81,41.85,1.223,129.95,64.84,0,normal
2026-09-01 13:56:30,29.6,41.86,1.263,105.58,52.31,0,normal
2026-09-01 13:57:00,27.9,41.86,1.132,131.53,82.11,0,normal
2026-09-01 13:57:30,24.43,41.84,0.979,168.63,76.2,0,normal
2026-09-01 13:58:00,30.93,41.84,1.209,136.41,72.22,0,normal
2026-09-01 13:58:30,29.37,41.81,1.069,143.64,75.34,0,normal
2026-09-01 13:59:00,26.63,41.8,0.994,80.16,37.66,0,normal
2026-09-01 13:59:30,27.74,41.78,1.1,129.67,78.21,0,normal
2026-09-01 14:00:00,24.69,41.77,0.982,113.3,54.15,0,normal
2026-09-01 14:00:30,25.87,41.77,1.108,103.0,51.95,0,normal
2026-09-01 14:01:00,27.08,41.75,1.155,119.44,69.73,0,normal
2026-09-01 14:01:30,31.5,41.78,1.217,122.72,76.75,0,normal
2026-09-01 14:02:00,26.82,41.79,1.117,104.39,47.07,0,normal
2026-09-01 14:02:30,30.02,41.82,1.172,124.71,55.48,0,normal
2026-09-01 14:03:00,27.06,41.82,1.119,115.66,51.06,0,normal
2026-09-01 14:03:30,29.03,41.81,1.208,137.56,62.19,0,normal
2026-09-01 14:04:00,28.05,41.84,1.192,125.69,55.35,0,normal
2026-09-01 14:04:30,30.58,41.83,1.193,129.4,77.37,0,normal
2026-09-01 14:05:00,27.05,41.82,1.137,144.48,81.73,0,normal
2026-09-01 14:05:30,24.46,41.84,0.887,133.87,90.59,0,normal
2026-09-01 14:06:00,24.93,41.81,1.062,119.85,52.47,0,normal
2026-09-01 14:06:30,27.05,41.82,1.081,67.83,35.76,0,normal
2026-09-01 14:07:00,25.25,41.83,1.01,132.84,72.49,0,normal
2026-09-01 14:07:30,29.4,41.86,1.056,97.2,50.21,0,normal
2026-09-01 14:08:00,27.2,41.87,1.067,117.84,62.14,0,normal
2026-09-01 14:08:30,34.3,41.9,1.465,129.28,69.44,0,normal
2026-09-01 14:09:00,24.01,41.9,0.94,153.33,77.03,0,normal
2026-09-01 14:09:30,28.86,41.88,1.196,166.06,82.42,0,normal
2026-09-01 14:10:00,25.52,41.92,1.023,96.97,52.19,0,normal
2026-09-01 14:10:30,27.11,41.89,1.142,87.1,67.35,0,normal
2026-09-01 14:11:00,28.69,41.86,1.158,128.14,68.37,0,normal
2026-09-01 14:11:30,22.52,41.87,0.859,126.06,76.23,0,normal
2026-09-01 14:12:00,28.91,41.9,1.16,89.95,45.3,0,normal
2026-09-01 14:12:30,33.08,41.9,1.429,119.58,63.14,0,normal
2026-09-01 14:13:00,27.18,41.92,1.114,134.94,76.61,0,normal
2026-09-01 14:13:30,28.96,41.88,1.152,89.25,49.25,0,normal
2026-09-01 14:14:00,30.86,41.87,1.374,95.14,47.74,0,normal
2026-09-01 14:14:30,27.89,41.83,1.18,103.9,58.94,0,normal
2026-09-01 14:15:00,26.84,41.84,1.117,114.69,73.32,0,normal
2026-09-01 14:15:30,22.6,41.81,0.918,137.35,63.0,0,normal
2026-09-01 14:16:00,29.88,41.79,1.239,111.84,59.26,0,normal
2026-09-01 14:16:30,28.0,41.8,1.163,121.38,62.21,0,normal
2026-09-01 14:17:00,25.74,41.81,0.917,176.15,101.1,0,normal
2026-09-01 14:17:30,28.59,41.81,1.166,96.09,48.45,0,normal
2026-09-01 14:18:00,26.8,41.82,1.063,103.68,46.77,0,normal
2026-09-01 14:18:30,26.94,41.83,1.051,136.95,80.7,0,normal
2026-09-01 14:19:00,29.77,41.82,1.179,144.7,64.6,0,normal
2026-09-01 14:19:30,24.9,41.8,0.919,130.37,73.9,0,normal
2026-09-01 14:20:00,30.86,41.81,1.123,165.22,75.27,0,normal
2026-09-01 14:20:30,24.75,41.82,1.052,127.94,90.43,0,normal
2026-09-01 14:21:00,26.57,41.84,1.087,70.6,38.55,0,normal
2026-09-01 14:21:30,33.04,41.85,1.162,122.42,61.43,0,normal
2026-09-01 14:22:00,31.04,41.82,1.206,105.73,52.88,0,normal
2026-09-01 14:22:30,28.46,41.83,1.189,154.6,89.28,0,normal
2026-09-01 14:23:00,25.86,41.83,1.02,144.12,74.74,0,normal
2026-09-01 14:23:30,26.89,41.82,1.142,80.26,53.21,0,normal
2026-09-01 14:24:00,28.38,41.81,1.195,153.76,67.19,0,normal
2026-09-01 14:24:30,28.29,41.8,1.055,143.48,63.38,0,normal
2026-09-01 14:25:00,27.96,41.81,1.11,111.89,66.79,0,normal
2026-09-01 14:25:30,28.11,41.79,1.099,118.04,52.87,0,normal
2026-09-01 14:26:00,27.64,41.76,1.029,154.8,82.42,0,normal
2026-09-01 14:26:30,24.57,41.76,0.911,70.71,54.17,0,normal
2026-09-01 14:27:00,26.87,41.79,1.032,131.13,101.24,0,normal
2026-09-01 14:27:30,30.45,41.81,1.179,147.34,64.7,0,normal
2026-09-01 14:28:00,24.73,41.77,1.003,117.78,54.52,0,normal
2026-09-01 14:28:30,27.68,41.8,1.165,136.2,59.42,0,normal
2026-09-01 14:29:00,26.09,41.82,1.071,122.58,60.84,0,normal
2026-09-01 14:29:30,28.42,41.8,1.18,100.4,45.34,0,normal
2026-09-01 14:30:00,27.16,41.75,1.072,99.77,50.9,0,normal
2026-09-01 14:30:30,31.83,41.75,1.311,137.8,68.98,0,normal
2026-09-01 14:31:00,29.39,41.77,1.167,104.11,67.17,0,normal
2026-09-01 14:31:30,24.84,41.8,0.972,81.89,36.31,0,normal
2026-09-01 14:32:00,29.79,41.78,1.305,123.06,68.92,0,normal
2026-09-01 14:32:30,26.17,41.81,0.925,107.17,57.54,0,normal
2026-09-01 14:33:00,26.66,41.77,0.966,90.02,56.57,0,normal
2026-09-01 14:33:30,28.88,41.76,1.177,121.79,76.33,0,normal
2026-09-01 14:34:00,26.86,41.75,1.06,139.18,77.65,0,normal
2026-09-01 14:34:30,30.32,41.77,1.126,120.5,66.75,0,normal
2026-09-01 14:35:00,26.14,41.79,0.99,93.34,41.48,0,normal
2026-09-01 14:35:30,26.53,41.81,1.012,132.05,72.63,0,normal
2026-09-01 14:36:00,26.42,41.78,1.104,145.88,68.74,0,normal
2026-09-01 14:36:30,26.65,41.8,1.131,175.33,105.42,0,normal
2026-09-01 14:37:00,30.8,41.81,1.333,156.05,81.59,0,normal
2026-09-01 14:37:30,29.62,41.77,1.091,94.87,51.32,0,normal
2026-09-01 14:38:00,32.32,41.73,1.204,141.45,80.43,0,normal
2026-09-01 14:38:30,33.71,41.75,1.252,126.41,65.1,0,normal
2026-09-01 14:39:00,25.45,41.75,1.084,91.2,65.41,0,normal
2026-09-01 14:39:30,28.21,41.72,1.152,127.09,73.42,0,normal
2026-09-01 14:40:00,25.08,41.71,1.007,167.97,92.2,0,normal
2026-09-01 14:40:30,26.07,41.72,1.055,149.9,68.89,0,normal
2026-09-01 14:41:00,26.43,41.72,1.054,94.66,46.43,0,normal
2026-09-01 14:41:30,25.36,41.68,0.958,120.34,89.02,0,normal
2026-09-01 14:42:00,25.36,41.72,1.041,132.29,58.82,0,normal
2026-09-01 14:42:30,27.63,41.74,1.095,76.75,44.92,0,normal
2026-09-01 14:43:00,24.94,41.73,0.938,77.61,36.11,0,normal
2026-09-01 14:43:30,30.09,41.72,1.238,123.87,64.11,0,normal
2026-09-01 14:44:00,25.68,41.73,1.005,124.19,56.07,0,normal
2026-09-01 14:44:30,34.99,41.71,1.416,74.03,48.63,0,normal
2026-09-01 14:45:00,26.83,41.71,1.066,129.7,72.09,0,normal
2026-09-01 14:45:30,28.14,41.68,1.176,147.17,100.59,0,normal
2026-09-01 14:46:00,24.71,41.68,0.999,114.54,55.97,0,normal
2026-09-01 14:46:30,32.21,41.66,1.232,121.5,79.8,0,normal
2026-09-01 14:47:00,30.73,41.63,1.249,134.29,77.94,0,normal
2026-09-01 14:47:30,28.68,41.66,1.167,130.98,65.05,0,normal
2026-09-01 14:48:00,24.55,41.66,1.007,78.28,49.54,0,normal
2026-09-01 14:48:30,28.45,41.67,1.197,97.37,82.75,0,normal
2026-09-01 14:49:00,25.11,41.62,0.973,110.1,48.04,0,normal
2026-09-01 14:49:30,31.56,41.61,1.305,98.48,45.87,0,normal
2026-09-01 14:50:00,29.92,41.62,1.094,156.67,79.17,0,normal
2026-09-01 14:50:30,28.14,41.62,1.119,135.86,71.15,0,normal
2026-09-01 14:51:00,21.79,41.58,0.86,92.26,57.09,0,normal
2026-09-01 14:51:30,25.43,41.58,1.091,114.64,69.71,0,normal
2026-09-01 14:52:00,29.59,41.58,1.174,148.26,72.32,0,normal
2026-09-01 14:52:30,30.9,41.61,1.274,103.84,49.42,0,normal
2026-09-01 14:53:00,30.63,41.59,1.117,141.29,75.06,0,normal
2026-09-01 14:53:30,23.88,41.55,0.938,154.58,67.73,0,normal
2026-09-01 14:54:00,28.6,41.53,1.096,150.4,92.35,0,normal
2026-09-01 14:54:30,30.39,41.5,1.366,124.51,67.81,0,normal
2026-09-01 14:55:00,23.69,41.52,0.916,151.28,69.91,0,normal
2026-09-01 14:55:30,27.81,41.46,1.117,106.94,53.51,0,normal
2026-09-01 14:56:00,28.51,41.45,1.147,182.15,80.98,0,normal
2026-09-01 14:56:30,27.07,41.48,0.997,126.02,57.11,0,normal
2026-09-01 14:57:00,23.18,41.48,0.903,148.67,81.51,0,normal
2026-09-01 14:57:30,26.99,41.49,1.102,110.95,64.5,0,normal
2026-09-01 14:58:00,26.98,41.46,1.084,132.49,63.11,0,normal
2026-09-01 14:58:30,27.43,41.43,0.971,133.59,61.11,0,normal
2026-09-01 14:59:00,26.37,41.45,1.025,96.78,57.89,0,normal
2026-09-01 14:59:30,26.68,41.45,1.121,96.04,43.98,0,normal
2026-09-01 15:00:00,27.67,41.45,1.139,114.89,60.6,0,normal
2026-09-01 15:00:30,28.88,41.43,1.225,147.63,84.99,0,normal
2026-09-01 15:01:00,27.0,41.43,1.027,74.21,40.02,0,normal
2026-09-01 15:01:30,26.73,41.41,1.138,110.93,71.23,0,normal
2026-09-01 15:02:00,27.97,41.43,1.117,152.75,66.84,0,normal
2026-09-01 15:02:30,22.94,41.48,0.991,89.2,40.16,0,normal
2026-09-01 15:03:00,28.92,41.49,1.157,151.35,67.36,0,normal
2026-09-01 15:03:30,27.73,41.48,0.996,91.81,47.47,0,normal
2026-09-01 15:04:00,27.82,41.42,1.16,97.09,59.56,0,normal
2026-09-01 15:04:30,30.12,41.39,1.178,116.32,51.74,0,normal
2026-09-01 15:05:00,22.82,41.42,0.896,166.84,104.85,0,normal
2026-09-01 15:05:30,22.77,41.4,0.845,104.0,62.97,0,normal
2026-09-01 15:06:00,28.38,41.39,1.227,76.68,47.47,0,normal
2026-09-01 15:06:30,27.67,41.4,1.078,84.95,45.77,0,normal
2026-09-01 15:07:00,28.1,41.43,1.213,143.3,103.3,0,normal
2026-09-01 15:07:30,26.52,41.42,1.038,86.13,37.29,0,normal
2026-09-01 15:08:00,29.33,41.41,1.119,149.7,78.13,0,normal
2026-09-01 15:08:30,30.0,41.41,1.279,121.74,58.33,0,normal
2026-09-01 15:09:00,28.86,41.4,1.15,119.19,54.6,0,normal
2026-09-01 15:09:30,27.0,41.38,1.077,127.43,68.52,0,normal
2026-09-01 15:10:00,22.37,41.39,0.837,99.98,45.3,0,normal
2026-09-01 15:10:30,29.56,41.39,1.155,123.45,71.41,0,normal
2026-09-01 15:11:00,30.68,41.43,1.253,90.17,41.39,0,normal
2026-09-01 15:11:30,29.24,41.44,1.093,153.72,67.66,0,normal
2026-09-01 15:12:00,25.41,41.46,0.989,94.32,54.14,0,normal
2026-09-01 15:12:30,29.29,41.44,1.147,130.97,62.57,0,normal
2026-09-01 15:13:00,29.75,41.45,1.194,94.13,57.12,0,normal
2026-09-01 15:13:30,31.49,41.43,1.353,106.67,46.14,0,normal
2026-09-01 15:14:00,25.39,41.44,1.0,110.65,56.65,0,normal
2026-09-01 15:14:30,27.02,41.45,1.043,194.53,97.9,0,normal
2026-09-01 15:15:00,29.44,41.45,1.339,119.64,65.63,0,normal
2026-09-01 15:15:30,27.71,41.5,1.085,99.46,43.98,0,normal
2026-09-01 15:16:00,24.76,41.52,0.981,108.89,49.58,0,normal
2026-09-01 15:16:30,28.59,41.55,1.123,82.38,44.45,0,normal
2026-09-01 15:17:00,28.99,41.56,1.143,115.93,53.79,0,normal
2026-09-01 15:17:30,27.76,41.59,1.115,166.28,96.39,0,normal
2026-09-01 15:18:00,28.08,41.56,1.175,128.4,55.76,0,normal
2026-09-01 15:18:30,26.88,41.59,1.097,142.59,104.28,0,normal
2026-09-01 15:19:00,31.21,41.57,1.316,97.25,64.52,0,normal
2026-09-01 15:19:30,25.26,41.55,1.063,114.92,51.94,0,normal
2026-09-01 15:20:00,26.03,41.56,1.052,125.1,59.64,0,normal
2026-09-01 15:20:30,27.53,41.59,1.122,101.87,51.55,0,normal
2026-09-01 15:21:00,29.68,41.56,1.253,130.0,70.57,0,normal
2026-09-01 15:21:30,23.74,41.55,0.897,135.39,66.13,0,normal
2026-09-01 15:22:00,24.2,41.55,1.089,133.57,65.62,0,normal
2026-09-01 15:22:30,22.38,41.55,0.872,116.22,71.54,0,normal
2026-09-01 15:23:00,27.54,41.56,1.082,147.27,77.78,0,normal
2026-09-01 15:23:30,24.66,41.63,0.927,113.56,58.93,0,normal
2026-09-01 15:24:00,26.48,41.63,0.997,111.28,62.47,0,normal
2026-09-01 15:24:30,29.1,41.62,1.221,156.04,75.43,0,normal
2026-09-01 15:25:00,25.83,41.59,1.15,92.33,48.49,0,normal
2026-09-01 15:25:30,28.01,41.58,1.089,77.43,58.03,0,normal
2026-09-01 15:26:00,26.67,41.56,1.085,98.3,53.8,0,normal
2026-09-01 15:26:30,29.09,41.57,1.177,129.68,67.88,0,normal
2026-09-01 15:27:00,28.59,41.58,1.201,152.09,70.52,0,normal
2026-09-01 15:27:30,25.67,41.57,1.141,103.49,45.01,0,normal
2026-09-01 15:28:00,26.96,41.6,1.161,165.37,72.96,0,normal
2026-09-01 15:28:30,30.0,41.59,1.185,120.68,55.65,0,normal
2026-09-01 15:29:00,28.35,41.58,1.164,117.11,70.65,0,normal
2026-09-01 15:29:30,23.88,41.6,0.985,98.75,49.86,0,normal
2026-09-01 15:30:00,29.0,41.61,1.159,168.78,90.31,0,normal
2026-09-01 15:30:30,24.65,41.64,0.932,116.24,60.28,0,normal
2026-09-01 15:31:00,30.87,41.64,1.186,86.7,53.3,0,normal
2026-09-01 15:31:30,29.9,41.66,1.265,181.44,97.62,0,normal
2026-09-01 15:32:00,28.05,41.65,1.192,129.84,56.31,0,normal
2026-09-01 15:32:30,27.72,41.66,1.097,139.97,61.01,0,normal
2026-09-01 15:33:00,26.79,41.68,1.086,162.04,71.29,0,normal
2026-09-01 15:33:30,29.01,41.71,1.23,135.36,71.65,0,normal
2026-09-01 15:34:00,26.37,41.67,0.965,144.37,65.16,0,normal
2026-09-01 15:34:30,27.89,41.65,1.091,121.36,56.67,0,normal
2026-09-01 15:35:00,29.46,41.67,1.297,138.34,77.0,0,normal
2026-09-01 15:35:30,25.88,41.61,1.051,119.15,54.03,0,normal
2026-09-01 15:36:00,25.73,41.62,0.971,119.49,60.39,0,normal
2026-09-01 15:36:30,24.28,41.64,0.977,122.99,73.11,0,normal
2026-09-01 15:37:00,24.59,41.63,1.034,110.08,70.29,0,normal
2026-09-01 15:37:30,22.68,41.62,0.792,132.61,61.87,0,normal
2026-09-01 15:38:00,29.06,41.59,1.173,132.55,68.88,0,normal
2026-09-01 15:38:30,31.76,41.58,1.247,140.47,73.75,0,normal
2026-09-01 15:39:00,30.79,41.57,1.13,135.99,62.28,0,normal
2026-09-01 15:39:30,23.16,41.56,0.93,170.0,75.69,0,normal
2026-09-01 15:40:00,29.02,41.54,1.153,146.32,73.66,0,normal
2026-09-01 15:40:30,30.76,41.53,1.229,114.82,62.34,0,normal
2026-09-01 15:41:00,26.05,41.52,1.024,131.33,90.42,0,normal
2026-09-01 15:41:30,27.45,41.56,1.042,155.32,82.22,0,normal
2026-09-01 15:42:00,22.16,41.55,0.822,96.25,45.13,0,normal
2026-09-01 15:42:30,27.85,41.56,1.075,170.36,81.15,0,normal
2026-09-01 15:43:00,24.5,41.54,1.022,100.63,50.77,0,normal
2026-09-01 15:43:30,27.66,41.53,1.119,142.51,61.68,0,normal
2026-09-01 15:44:00,23.25,41.49,0.927,120.17,59.16,0,normal
2026-09-01 15:44:30,28.51,41.46,1.081,118.73,65.04,0,normal
2026-09-01 15:45:00,29.69,41.43,1.166,87.43,48.15,0,normal
2026-09-01 15:45:30,25.18,41.44,1.044,142.69,76.86,0,normal
2026-09-01 15:46:00,24.28,41.45,0.996,87.79,57.88,0,normal
2026-09-01 15:46:30,21.73,41.42,0.848,83.93,36.87,0,normal
2026-09-01 15:47:00,26.44,41.4,0.919,148.99,97.73,0,normal
2026-09-01 15:47:30,25.65,41.38,0.991,164.74,76.27,0,normal
2026-09-01 15:48:00,23.21,41.37,0.906,103.32,53.16,0,normal
2026-09-01 15:48:30,28.22,41.39,1.078,145.08,78.17,0,normal
2026-09-01 15:49:00,25.95,41.38,1.016,139.91,63.29,0,normal
2026-09-01 15:49:30,24.38,41.38,1.015,117.71,51.59,0,normal
2026-09-01 15:50:00,25.67,41.4,1.025,153.4,75.35,0,normal
2026-09-01 15:50:30,29.73,41.41,1.248,115.91,56.69,0,normal
2026-09-01 15:51:00,28.55,41.39,1.056,132.94,63.31,0,normal
2026-09-01 15:51:30,26.72,41.4,1.052,88.66,44.61,0,normal
2026-09-01 15:52:00,28.57,41.38,1.032,89.72,58.52,0,normal
2026-09-01 15:52:30,24.12,41.38,0.944,149.23,68.23,0,normal
2026-09-01 15:53:00,27.09,41.39,1.027,133.78,65.64,0,normal
2026-09-01 15:53:30,27.38,41.36,1.165,116.44,58.76,0,normal
2026-09-01 15:54:00,25.82,41.36,1.054,167.7,82.24,0,normal
2026-09-01 15:54:30,28.08,41.36,1.18,167.43,78.37,0,normal
2026-09-01 15:55:00,25.03,41.37,0.98,130.98,94.71,0,normal
2026-09-01 15:55:30,28.25,41.38,1.073,83.61,35.85,0,normal
2026-09-01 15:56:00,28.34,41.39,1.074,117.21,74.72,0,normal
2026-09-01 15:56:30,19.67,41.38,0.797,99.19,81.43,0,normal
2026-09-01 15:57:00,29.92,41.4,1.305,122.24,64.69,0,normal
2026-09-01 15:57:30,19.33,41.38,0.789,96.59,49.53,0,normal
2026-09-01 15:58:00,25.39,41.35,0.997,90.09,60.15,0,normal
2026-09-01 15:58:30,29.5,41.29,1.169,63.43,34.97,0,normal
2026-09-01 15:59:00,26.12,41.28,1.043,124.18,68.18,0,normal
2026-09-01 15:59:30,23.25,41.27,1.024,62.53,44.42,0,normal
2026-09-01 16:00:00,24.17,41.27,1.026,111.99,58.54,0,normal
2026-09-01 16:00:30,29.47,41.23,1.194,137.36,59.18,0,normal
2026-09-01 16:01:00,22.08,41.22,0.888,101.95,58.29,0,normal
2026-09-01 16:01:30,29.71,41.22,1.206,92.88,47.86,0,normal
2026-09-01 16:02:00,26.73,41.2,1.096,118.3,51.24,0,normal
2026-09-01 16:02:30,23.89,41.21,0.936,99.28,52.45,0,normal
2026-09-01 16:03:00,25.39,41.19,0.973,124.64,53.68,0,normal
2026-09-01 16:03:30,24.31,41.19,1.023,94.18,55.98,0,normal
2026-09-01 16:04:00,29.0,41.2,1.161,117.39,51.79,0,normal
2026-09-01 16:04:30,28.67,41.22,1.201,111.34,52.97,0,normal
2026-09-01 16:05:00,22.52,41.22,0.975,119.71,51.67,0,normal
2026-09-01 16:05:30,25.81,41.2,1.059,160.88,80.79,0,normal
2026-09-01 16:06:00,24.65,41.19,1.004,125.0,68.35,0,normal
2026-09-01 16:06:30,30.04,41.2,1.394,132.61,74.74,0,normal
2026-09-01 16:07:00,23.41,41.18,0.946,104.38,69.17,0,normal
2026-09-01 16:07:30,30.8,41.17,1.165,125.58,80.54,0,normal
2026-09-01 16:08:00,26.69,41.16,1.053,113.13,57.07,0,normal
2026-09-01 16:08:30,23.87,41.16,1.029,120.74,64.47,0,normal
2026-09-01 16:09:00,25.06,41.14,0.938,136.22,76.37,0,normal
2026-09-01 16:09:30,24.75,41.1,0.953,107.49,53.0,0,normal
2026-09-01 16:10:00,23.55,41.11,0.994,110.05,55.66,0,normal
2026-09-01 16:10:30,26.98,41.13,1.064,107.84,74.57,0,normal
2026-09-01 16:11:00,23.65,41.09,0.941,107.36,70.63,0,normal
2026-09-01 16:11:30,21.27,41.09,0.897,124.33,66.91,0,normal
2026-09-01 16:12:00,25.76,41.11,0.993,110.9,69.23,0,normal
2026-09-01 16:12:30,22.2,41.12,0.823,157.45,78.81,0,normal
2026-09-01 16:13:00,24.81,41.11,0.923,186.98,87.96,0,normal
2026-09-01 16:13:30,24.42,41.09,1.005,105.8,63.82,0,normal
2026-09-01 16:14:00,24.5,41.09,0.993,127.35,70.23,0,normal
2026-09-01 16:14:30,31.68,41.1,1.223,145.95,73.13,0,normal
2026-09-01 16:15:00,26.8,41.09,1.01,113.36,59.34,0,normal
2026-09-01 16:15:30,27.27,41.09,1.076,95.14,49.94,0,normal
2026-09-01 16:16:00,22.2,41.06,0.938,163.45,70.27,0,normal
2026-09-01 16:16:30,25.01,41.07,0.958,137.15,87.01,0,normal
2026-09-01 16:17:00,27.16,41.08,1.051,127.97,61.28,0,normal
2026-09-01 16:17:30,24.06,41.08,0.905,156.26,71.34,0,normal
2026-09-01 16:18:00,28.88,41.08,1.134,139.26,61.44,0,normal
2026-09-01 16:18:30,23.6,41.12,0.96,118.8,52.16,0,normal
2026-09-01 16:19:00,25.88,41.1,1.144,95.58,58.06,0,normal
2026-09-01 16:19:30,25.13,41.12,1.016,107.67,74.76,0,normal
2026-09-01 16:20:00,26.99,41.11,1.077,150.12,87.95,0,normal
2026-09-01 16:20:30,24.97,41.13,1.042,137.05,61.05,0,normal
2026-09-01 16:21:00,25.88,41.15,1.071,115.33,59.64,0,normal
2026-09-01 16:21:30,25.97,41.14,1.009,164.16,100.71,0,normal
2026-09-01 16:22:00,24.71,41.17,1.102,116.07,67.99,0,normal
2026-09-01 16:22:30,27.75,41.18,1.109,144.69,66.24,0,normal
2026-09-01 16:23:00,27.12,41.16,1.098,125.5,54.76,0,normal
2026-09-01 16:23:30,26.3,41.15,1.081,168.32,97.44,0,normal
2026-09-01 16:24:00,25.43,41.17,1.035,138.83,70.73,0,normal
2026-09-01 16:24:30,28.5,41.19,1.227,121.15,70.23,0,normal
2026-09-01 16:25:00,25.9,41.17,1.006,115.53,67.92,0,normal
2026-09-01 16:25:30,25.72,41.16,1.069,119.62,61.43,0,normal
2026-09-01 16:26:00,26.74,41.16,1.078,101.87,48.64,0,normal
2026-09-01 16:26:30,30.72,41.15,1.289,85.83,51.49,0,normal
2026-09-01 16:27:00,23.11,41.2,0.914,127.72,59.14,0,normal
2026-09-01 16:27:30,28.38,41.2,1.115,106.66,54.86,0,normal
2026-09-01 16:28:00,21.71,41.2,0.9,106.6,53.22,0,normal
2026-09-01 16:28:30,26.98,41.22,1.099,117.78,61.56,0,normal
2026-09-01 16:29:00,30.36,41.21,1.165,121.31,59.37,0,normal
2026-09-01 16:29:30,27.65,41.23,1.18,120.18,70.96,0,normal
2026-09-01 16:30:00,26.83,41.19,1.113,163.46,75.16,0,normal
2026-09-01 16:30:30,25.01,41.18,0.997,136.56,62.99,0,normal
2026-09-01 16:31:00,26.47,41.2,1.034,172.7,87.11,0,normal
2026-09-01 16:31:30,25.76,41.23,1.049,109.03,72.9,0,normal
2026-09-01 16:32:00,24.41,41.21,1.009,139.59,60.93,0,normal
2026-09-01 16:32:30,25.65,41.19,0.944,110.41,54.74,0,normal
2026-09-01 16:33:00,26.85,41.2,1.094,105.97,67.7,0,normal
2026-09-01 16:33:30,24.44,41.19,1.009,173.64,83.82,0,normal
2026-09-01 16:34:00,24.32,41.18,0.859,100.8,72.85,0,normal
2026-09-01 16:34:30,22.94,41.2,0.927,64.21,38.01,0,normal
2026-09-01 16:35:00,27.3,41.18,1.13,102.3,54.71,0,normal
2026-09-01 16:35:30,27.69,41.14,1.14,69.79,35.64,0,normal
2026-09-01 16:36:00,26.88,41.11,1.119,96.22,62.46,0,normal
2026-09-01 16:36:30,28.72,41.11,1.13,98.53,69.71,0,normal
2026-09-01 16:37:00,26.51,41.07,1.005,120.88,60.17,0,normal
2026-09-01 16:37:30,27.27,41.07,0.993,68.76,44.68,0,normal
2026-09-01 16:38:00,27.03,41.03,1.14,149.9,69.04,0,normal
2026-09-01 16:38:30,26.04,41.07,1.078,73.11,37.31,0,normal
2026-09-01 16:39:00,24.93,41.11,1.055,116.81,72.6,0,normal
2026-09-01 16:39:30,31.79,41.09,1.225,111.9,63.01,0,normal
2026-09-01 16:40:00,25.11,41.09,1.045,140.63,70.79,0,normal
2026-09-01 16:40:30,24.57,41.07,0.909,128.79,75.45,0,normal
2026-09-01 16:41:00,27.3,41.06,1.045,149.67,75.77,0,normal
2026-09-01 16:41:30,26.85,41.09,1.081,110.96,53.61,0,normal
2026-09-01 16:42:00,22.69,41.08,0.938,108.38,48.39,0,normal
2026-09-01 16:42:30,29.01,41.07,1.258,130.32,82.99,0,normal
2026-09-01 16:43:00,25.95,41.05,1.026,145.73,65.46,0,normal
2026-09-01 16:43:30,23.41,41.07,0.896,140.63,73.84,0,normal
2026-09-01 16:44:00,29.14,41.0,1.112,128.05,56.65,0,normal
2026-09-01 16:44:30,27.73,41.0,1.071,125.82,80.95,0,normal
2026-09-01 16:45:00,22.99,40.99,1.022,119.09,54.51,0,normal
2026-09-01 16:45:30,30.59,40.98,1.27,130.25,57.53,0,normal
2026-09-01 16:46:00,27.78,40.99,1.173,170.87,74.54,0,normal
2026-09-01 16:46:30,26.11,41.02,1.032,113.94,58.17,0,normal
2026-09-01 16:47:00,30.09,40.98,1.204,110.89,56.35,0,normal
2026-09-01 16:47:30,26.51,41.02,1.098,108.97,57.21,0,normal
2026-09-01 16:48:00,26.03,40.99,1.015,129.73,59.52,0,normal
2026-09-01 16:48:30,24.45,41.02,0.964,66.96,33.06,0,normal
2026-09-01 16:49:00,27.54,41.02,1.064,116.62,65.13,0,normal
2026-09-01 16:49:30,27.27,41.01,1.066,142.02,63.93,0,normal
2026-09-01 16:50:00,26.1,41.0,1.047,106.84,65.89,0,normal
2026-09-01 16:50:30,24.09,40.99,0.924,124.67,73.44,0,normal
2026-09-01 16:51:00,26.37,40.99,1.07,172.73,82.07,0,normal
2026-09-01 16:51:30,25.87,40.98,1.05,128.29,84.15,0,normal
2026-09-01 16:52:00,22.69,40.97,0.9,64.02,32.51,0,normal
2026-09-01 16:52:30,22.35,40.95,0.857,84.75,51.09,0,normal
2026-09-01 16:53:00,27.42,40.92,1.103,113.72,68.52,0,normal
2026-09-01 16:53:30,19.51,40.91,0.761,99.9,58.4,0,normal
2026-09-01 16:54:00,26.51,40.88,1.063,122.58,56.84,0,normal
2026-09-01 16:54:30,24.8,40.87,1.046,112.64,51.49,0,normal
2026-09-01 16:55:00,29.25,40.88,1.097,149.15,72.53,0,normal
2026-09-01 16:55:30,24.74,40.88,1.097,92.72,51.9,0,normal
2026-09-01 16:56:00,27.61,40.91,1.1,114.81,64.81,0,normal
2026-09-01 16:56:30,24.97,40.87,1.019,125.43,66.36,0,normal
2026-09-01 16:57:00,26.22,40.88,1.009,128.53,69.54,0,normal
2026-09-01 16:57:30,27.78,40.88,1.175,123.67,79.3,0,normal
2026-09-01 16:58:00,24.77,40.89,0.984,59.72,53.2,0,normal
2026-09-01 16:58:30,28.41,40.9,1.114,122.08,61.88,0,normal
2026-09-01 16:59:00,23.42,40.9,0.91,116.23,56.47,0,normal
2026-09-01 16:59:30,26.64,40.9,1.051,141.6,69.82,0,normal
2026-09-01 17:00:00,28.19,40.88,1.151,138.07,69.64,0,normal
2026-09-01 17:00:30,27.54,40.89,1.111,126.02,56.9,0,normal
2026-09-01 17:01:00,30.66,40.85,1.224,127.83,60.14,0,normal
2026-09-01 17:01:30,23.96,40.87,0.924,153.81,93.88,0,normal
2026-09-01 17:02:00,22.4,40.86,0.862,148.76,66.03,0,normal
2026-09-01 17:02:30,23.37,40.85,0.913,126.88,87.71,0,normal
2026-09-01 17:03:00,27.48,40.84,1.125,173.64,90.16,0,normal
2026-09-01 17:03:30,27.08,40.84,1.119,104.3,50.71,0,normal
2026-09-01 17:04:00,26.07,40.86,1.084,90.36,42.82,0,normal
2026-09-01 17:04:30,23.01,40.93,0.92,119.73,65.26,0,normal
2026-09-01 17:05:00,27.72,40.95,1.13,110.65,58.69,0,normal
2026-09-01 17:05:30,22.74,40.94,0.902,58.37,47.58,0,normal
2026-09-01 17:06:00,28.68,40.94,1.047,103.69,76.76,0,normal
2026-09-01 17:06:30,32.92,40.96,1.303,128.59,60.38,0,normal
2026-09-01 17:07:00,26.68,40.93,1.047,118.55,78.47,0,normal
2026-09-01 17:07:30,27.22,40.91,1.032,100.59,49.55,0,normal
2026-09-01 17:08:00,24.51,40.9,0.953,121.06,62.14,0,normal
2026-09-01 17:08:30,21.22,40.92,0.855,123.08,55.39,0,normal
2026-09-01 17:09:00,24.22,40.88,0.914,137.88,61.31,0,normal
2026-09-01 17:09:30,22.99,40.87,0.887,103.96,51.05,0,normal
2026-09-01 17:10:00,22.09,40.88,0.952,141.85,61.75,0,normal
2026-09-01 17:10:30,30.01,40.88,1.104,92.73,54.32,0,normal
2026-09-01 17:11:00,26.37,40.9,1.045,107.42,66.07,0,normal
2026-09-01 17:11:30,26.64,40.87,1.003,162.47,87.48,0,normal
2026-09-01 17:12:00,24.9,40.92,0.959,94.4,47.41,0,normal
2026-09-01 17:12:30,25.24,40.89,1.0,103.53,67.41,0,normal
2026-09-01 17:13:00,28.07,40.84,1.067,88.67,64.9,0,normal
2026-09-01 17:13:30,25.57,40.84,1.052,99.32,54.86,0,normal
2026-09-01 17:14:00,26.96,40.81,1.151,123.46,81.96,0,normal
2026-09-01 17:14:30,25.15,40.81,1.048,137.66,58.89,0,normal
2026-09-01 17:15:00,24.76,40.81,1.041,119.53,54.54,0,normal
2026-09-01 17:15:30,22.1,40.8,0.823,111.88,58.41,0,normal
2026-09-01 17:16:00,20.66,40.78,0.816,88.93,52.95,0,normal
2026-09-01 17:16:30,24.95,40.79,1.021,101.82,58.02,0,normal
2026-09-01 17:17:00,25.72,40.78,1.074,81.35,38.25,0,normal
2026-09-01 17:17:30,22.37,40.8,0.973,138.41,67.82,0,normal
2026-09-01 17:18:00,25.48,40.79,1.074,140.15,68.41,0,normal
2026-09-01 17:18:30,25.7,40.78,1.074,118.99,50.68,0,normal
2026-09-01 17:19:00,20.16,40.74,0.912,131.04,61.93,0,normal
2026-09-01 17:19:30,23.26,40.73,0.935,141.91,59.73,0,normal
2026-09-01 17:20:00,26.55,40.7,1.047,122.53,59.85,0,normal
2026-09-01 17:20:30,26.5,40.68,1.069,154.84,88.06,0,normal
2026-09-01 17:21:00,22.63,40.68,0.864,94.41,51.03,0,normal
2026-09-01 17:21:30,25.91,40.65,1.04,111.28,47.25,0,normal
2026-09-01 17:22:00,28.05,40.67,1.025,108.31,68.96,0,normal
2026-09-01 17:22:30,27.44,40.68,1.068,136.18,69.87,0,normal
2026-09-01 17:23:00,25.24,40.67,1.004,84.15,35.38,0,normal
2026-09-01 17:23:30,24.31,40.65,1.018,156.2,71.62,0,normal
2026-09-01 17:24:00,23.88,40.66,1.008,134.04,57.79,0,normal
2026-09-01 17:24:30,26.63,40.66,1.014,163.76,84.9,0,normal
2026-09-01 17:25:00,25.93,40.64,1.145,118.99,56.44,0,normal
2026-09-01 17:25:30,27.01,40.65,1.089,106.24,63.77,0,normal
2026-09-01 17:26:00,25.75,40.61,1.042,136.43,77.57,0,normal
2026-09-01 17:26:30,27.47,40.58,1.01,145.76,73.25,0,normal
2026-09-01 17:27:00,25.64,40.55,0.994,102.14,46.96,0,normal
2026-09-01 17:27:30,27.36,40.56,1.152,70.06,36.79,0,normal
2026-09-01 17:28:00,27.56,40.55,1.112,74.34,67.18,0,normal
2026-09-01 17:28:30,23.37,40.57,0.94,126.53,80.18,0,normal
2026-09-01 17:29:00,20.85,40.55,0.843,158.5,66.95,0,normal
2026-09-01 17:29:30,29.23,40.56,1.085,87.48,37.84,0,normal
2026-09-01 17:30:00,25.99,40.56,1.035,113.19,51.01,0,normal
2026-09-01 17:30:30,21.06,40.54,0.902,111.29,72.64,0,normal
2026-09-01 17:31:00,23.55,40.54,0.993,168.01,83.55,0,normal
2026-09-01 17:31:30,27.26,40.54,1.084,176.47,98.01,0,normal
2026-09-01 17:32:00,24.61,40.52,1.061,130.61,77.72,0,normal
2026-09-01 17:32:30,24.03,40.52,0.901,142.45,82.26,0,normal
2026-09-01 17:33:00,28.8,40.52,1.096,141.75,63.32,0,normal
2026-09-01 17:33:30,22.68,40.51,0.992,87.99,61.12,0,normal
2026-09-01 17:34:00,23.28,40.5,0.958,137.46,59.83,0,normal
2026-09-01 17:34:30,25.8,40.48,1.017,94.51,46.6,0,normal
2026-09-01 17:35:00,26.23,40.47,1.046,115.71,63.39,0,normal
2026-09-01 17:35:30,26.5,40.46,1.017,148.49,88.72,0,normal
2026-09-01 17:36:00,27.52,40.43,1.116,122.02,62.6,0,normal
2026-09-01 17:36:30,25.74,40.43,1.04,147.56,78.23,0,normal
2026-09-01 17:37:00,26.44,40.44,1.059,152.48,86.33,0,normal
2026-09-01 17:37:30,24.57,40.44,0.926,76.08,38.29,0,normal
2026-09-01 17:38:00,25.36,40.43,1.028,65.56,44.65,0,normal
2026-09-01 17:38:30,25.47,40.42,0.992,149.05,69.18,0,normal
2026-09-01 17:39:00,25.72,40.42,0.978,150.06,77.2,0,normal
2026-09-01 17:39:30,27.12,40.38,1.153,126.41,55.04,0,normal
2026-09-01 17:40:00,26.55,40.39,1.177,129.81,61.47,0,normal
2026-09-01 17:40:30,25.28,40.35,1.109,142.33,77.83,0,normal
2026-09-01 17:41:00,23.12,40.32,0.955,141.86,70.13,0,normal
2026-09-01 17:41:30,25.32,40.31,0.999,112.4,65.77,0,normal
2026-09-01 17:42:00,25.06,40.35,0.999,143.9,70.95,0,normal
2026-09-01 17:42:30,25.61,40.38,1.045,111.34,53.11,0,normal
2026-09-01 17:43:00,30.63,40.39,1.199,126.09,58.23,0,normal
2026-09-01 17:43:30,23.8,40.4,1.015,125.0,66.51,0,normal
2026-09-01 17:44:00,26.15,40.36,0.939,98.51,48.7,0,normal
2026-09-01 17:44:30,27.76,40.36,1.094,101.43,47.88,0,normal
2026-09-01 17:45:00,25.32,40.34,1.053,175.85,84.75,0,normal
2026-09-01 17:45:30,30.92,40.33,1.185,97.7,57.2,0,normal
2026-09-01 17:46:00,24.11,40.33,0.953,129.25,71.21,0,normal
2026-09-01 17:46:30,25.87,40.32,1.065,134.49,78.66,0,normal
2026-09-01 17:47:00,23.04,40.33,0.992,118.64,64.15,0,normal
2026-09-01 17:47:30,24.16,40.29,0.904,136.79,73.07,0,normal
2026-09-01 17:48:00,25.64,40.29,0.956,128.22,77.0,0,normal
2026-09-01 17:48:30,27.14,40.27,1.034,98.24,61.1,0,normal
2026-09-01 17:49:00,25.8,40.26,0.953,133.42,70.61,0,normal
2026-09-01 17:49:30,28.15,40.26,1.043,106.38,70.03,0,normal
2026-09-01 17:50:00,24.75,40.24,0.942,163.52,87.4,0,normal
2026-09-01 17:50:30,24.15,40.24,1.026,130.73,78.96,0,normal
2026-09-01 17:51:00,31.72,40.23,1.249,102.5,58.19,0,normal
2026-09-01 17:51:30,25.95,40.22,1.04,128.56,78.49,0,normal
2026-09-01 17:52:00,23.15,40.21,0.882,96.88,41.68,0,normal
2026-09-01 17:52:30,23.21,40.2,0.958,126.44,52.97,0,normal
2026-09-01 17:53:00,22.57,40.18,0.988,114.36,47.89,0,normal
2026-09-01 17:53:30,27.27,40.18,1.042,99.33,71.79,0,normal
2026-09-01 17:54:00,24.0,40.17,1.043,99.01,62.66,0,normal
2026-09-01 17:54:30,25.23,40.16,1.028,180.87,79.26,0,normal
2026-09-01 17:55:00,24.73,40.19,0.99,122.28,60.27,0,normal
2026-09-01 17:55:30,26.72,40.2,1.09,109.21,75.78,0,normal
2026-09-01 17:56:00,22.76,40.19,0.928,104.88,62.89,0,normal
2026-09-01 17:56:30,22.18,40.19,0.97,131.78,70.21,0,normal
2026-09-01 17:57:00,25.42,40.16,1.043,104.04,61.68,0,normal
2026-09-01 17:57:30,26.36,40.16,1.083,92.63,38.79,0,normal
2026-09-01 17:58:00,25.67,40.14,1.005,119.19,69.4,0,normal
2026-09-01 17:58:30,22.81,40.12,0.951,119.0,62.0,0,normal
2026-09-01 17:59:00,26.51,40.12,1.01,109.57,75.85,0,normal
2026-09-01 17:59:30,22.96,40.11,0.923,97.72,45.23,0,normal
2026-09-01 18:00:00,23.5,40.1,1.075,110.23,59.96,0,normal
2026-09-01 18:00:30,22.44,40.09,0.785,108.26,54.19,0,normal
2026-09-01 18:01:00,28.03,40.15,1.134,104.79,50.54,0,normal
2026-09-01 18:01:30,26.37,40.13,1.069,126.91,63.26,0,normal
2026-09-01 18:02:00,26.28,40.09,1.039,175.66,76.53,0,normal
2026-09-01 18:02:30,27.88,40.05,1.104,153.29,83.08,0,normal
2026-09-01 18:03:00,31.78,40.07,1.277,168.55,71.56,0,normal
2026-09-01 18:03:30,20.47,40.09,0.809,105.81,45.23,0,normal
2026-09-01 18:04:00,22.88,40.07,0.925,161.87,73.54,0,normal
2026-09-01 18:04:30,23.19,40.1,0.905,125.68,67.24,0,normal
2026-09-01 18:05:00,22.58,40.11,0.995,144.66,76.16,0,normal
2026-09-01 18:05:30,22.01,40.11,0.869,131.44,80.18,0,normal
2026-09-01 18:06:00,23.94,40.1,0.985,111.42,54.16,0,normal
2026-09-01 18:06:30,21.65,40.1,0.837,137.99,59.18,0,normal
2026-09-01 18:07:00,25.51,40.11,1.068,132.12,56.47,0,normal
2026-09-01 18:07:30,24.8,40.12,1.028,75.8,33.74,0,normal
2026-09-01 18:08:00,25.86,40.11,1.056,116.9,65.43,0,normal
2026-09-01 18:08:30,25.92,40.1,0.984,141.81,73.61,0,normal
2026-09-01 18:09:00,26.14,40.14,1.006,126.94,60.01,0,normal
2026-09-01 18:09:30,23.7,40.14,1.028,131.74,63.19,0,normal
2026-09-01 18:10:00,29.92,40.16,1.151,101.21,58.47,0,normal
2026-09-01 18:10:30,25.2,40.17,1.04,126.41,56.41,0,normal
2026-09-01 18:11:00,19.94,40.17,0.76,117.59,56.77,0,normal
2026-09-01 18:11:30,22.09,40.17,0.928,114.91,64.1,0,normal
2026-09-01 18:12:00,20.23,40.18,0.781,103.02,49.42,0,normal
2026-09-01 18:12:30,24.62,40.2,0.938,142.87,79.62,0,normal
2026-09-01 18:13:00,24.26,40.2,0.936,128.64,101.96,0,normal
2026-09-01 18:13:30,23.39,40.18,0.91,126.11,72.19,0,normal
2026-09-01 18:14:00,29.57,40.19,1.207,171.27,79.92,0,normal
2026-09-01 18:14:30,25.92,40.19,1.04,131.84,68.03,0,normal
2026-09-01 18:15:00,26.34,40.18,0.996,150.01,87.07,0,normal
2026-09-01 18:15:30,22.2,40.23,0.887,126.82,62.44,0,normal
2026-09-01 18:16:00,22.01,40.2,0.83,111.17,55.37,0,normal
2026-09-01 18:16:30,24.6,40.21,1.016,93.52,59.67,0,normal
2026-09-01 18:17:00,24.92,40.19,1.038,126.03,66.46,0,normal
2026-09-01 18:17:30,19.85,40.2,0.793,53.41,42.4,0,normal
2026-09-01 18:18:00,24.02,40.24,0.974,126.81,59.84,0,normal
2026-09-01 18:18:30,24.51,40.22,1.066,127.88,59.78,0,normal
2026-09-01 18:19:00,23.91,40.21,0.949,114.56,52.49,0,normal
2026-09-01 18:19:30,22.42,40.2,0.854,117.69,61.03,0,normal
2026-09-01 18:20:00,23.09,40.18,0.95,88.72,56.71,0,normal
2026-09-01 18:20:30,23.99,40.2,0.905,154.64,66.09,0,normal
2026-09-01 18:21:00,24.64,40.19,0.975,111.57,54.27,0,normal
2026-09-01 18:21:30,25.93,40.2,1.006,95.7,60.72,0,normal
2026-09-01 18:22:00,27.1,40.17,1.046,133.62,62.45,0,normal
2026-09-01 18:22:30,23.66,40.13,0.935,122.77,65.29,0,normal
2026-09-01 18:23:00,23.24,40.12,0.971,111.04,48.88,0,normal
2026-09-01 18:23:30,25.47,40.09,1.075,108.4,59.64,0,normal
2026-09-01 18:24:00,25.89,40.12,1.083,119.86,61.58,0,normal
2026-09-01 18:24:30,23.28,40.09,0.947,153.65,74.42,0,normal
2026-09-01 18:25:00,26.32,40.06,1.039,131.74,55.89,0,normal
2026-09-01 18:25:30,26.79,40.07,0.945,119.14,67.03,0,normal
2026-09-01 18:26:00,27.55,40.06,1.122,141.31,60.7,0,normal
2026-09-01 18:26:30,28.77,40.03,1.02,120.69,69.7,0,normal
2026-09-01 18:27:00,22.14,40.06,0.8,130.04,69.02,0,normal
2026-09-01 18:27:30,24.34,40.04,0.966,123.78,73.41,0,normal
2026-09-01 18:28:00,24.32,40.03,0.986,134.74,61.64,0,normal
2026-09-01 18:28:30,24.04,40.03,0.94,108.9,70.15,0,normal
2026-09-01 18:29:00,22.65,40.04,0.975,91.52,61.24,0,normal
2026-09-01 18:29:30,20.56,40.05,0.841,142.67,81.99,0,normal
2026-09-01 18:30:00,24.48,40.03,0.967,157.62,80.65,0,normal
2026-09-01 18:30:30,22.33,40.02,0.955,92.7,38.44,0,normal
2026-09-01 18:31:00,24.45,40.01,1.054,124.48,76.35,0,normal
2026-09-01 18:31:30,22.25,40.03,0.913,108.78,65.08,0,normal
2026-09-01 18:32:00,21.47,40.0,0.825,142.08,66.62,0,normal
2026-09-01 18:32:30,24.8,40.04,0.965,126.17,73.65,0,normal
2026-09-01 18:33:00,24.57,40.02,0.912,203.19,97.5,0,normal
2026-09-01 18:33:30,25.65,40.02,1.024,112.46,49.35,0,normal
2026-09-01 18:34:00,29.64,39.99,1.123,158.43,92.25,0,normal
2026-09-01 18:34:30,24.87,39.97,0.979,160.87,68.54,0,normal
2026-09-01 18:35:00,25.37,39.95,1.028,133.34,59.4,0,normal
2026-09-01 18:35:30,21.47,39.93,0.774,120.93,56.65,0,normal
2026-09-01 18:36:00,20.93,39.91,0.784,122.37,52.93,0,normal
2026-09-01 18:36:30,28.1,39.89,1.096,120.26,58.27,0,normal
2026-09-01 18:37:00,21.82,39.9,0.87,148.33,61.76,0,normal
2026-09-01 18:37:30,21.52,39.89,0.839,98.18,59.72,0,normal
2026-09-01 18:38:00,24.01,39.87,0.947,115.98,63.71,0,normal
2026-09-01 18:38:30,23.88,39.86,0.922,112.95,59.48,0,normal
2026-09-01 18:39:00,21.83,39.87,0.81,76.85,34.88,0,normal
2026-09-01 18:39:30,23.33,39.88,0.908,141.47,63.89,0,normal
2026-09-01 18:40:00,27.14,39.87,1.074,146.57,60.82,0,normal
2026-09-01 18:40:30,22.06,39.84,0.869,104.14,53.65,0,normal
2026-09-01 18:41:00,20.57,39.82,0.827,145.75,66.68,0,normal
2026-09-01 18:41:30,26.41,39.79,1.078,80.41,40.89,0,normal
2026-09-01 18:42:00,25.27,39.81,1.045,120.6,61.65,0,normal
2026-09-01 18:42:30,22.48,39.82,0.871,116.84,68.17,0,normal
2026-09-01 18:43:00,20.06,39.8,0.739,122.19,51.57,0,normal
2026-09-01 18:43:30,22.16,39.79,0.943,122.06,61.55,0,normal
2026-09-01 18:44:00,23.86,39.77,0.973,118.07,63.65,0,normal
2026-09-01 18:44:30,26.91,39.75,1.025,110.31,63.43,0,normal
2026-09-01 18:45:00,21.39,39.76,0.867,117.28,53.81,0,normal
2026-09-01 18:45:30,23.77,39.75,1.002,154.08,67.32,0,normal
2026-09-01 18:46:00,25.65,39.79,1.115,105.53,43.43,0,normal
2026-09-01 18:46:30,18.01,39.82,0.729,176.38,91.18,0,normal
2026-09-01 18:47:00,26.53,39.84,1.117,104.12,53.05,0,normal
2026-09-01 18:47:30,20.99,39.85,0.789,126.0,52.6,0,normal
2026-09-01 18:48:00,24.76,39.84,0.988,134.28,59.19,0,normal
2026-09-01 18:48:30,24.54,39.85,0.965,112.71,47.7,0,normal
2026-09-01 18:49:00,26.62,39.84,1.083,154.56,84.13,0,normal
2026-09-01 18:49:30,25.29,39.87,1.093,133.63,72.18,0,normal
2026-09-01 18:50:00,17.95,39.88,0.727,114.88,58.83,0,normal
2026-09-01 18:50:30,21.93,39.88,0.836,154.28,75.88,0,normal
2026-09-01 18:51:00,24.22,39.88,0.908,94.61,49.0,0,normal
2026-09-01 18:51:30,23.39,39.91,1.012,105.86,44.9,0,normal
2026-09-01 18:52:00,25.05,39.88,1.028,134.06,69.01,0,normal
2026-09-01 18:52:30,25.83,39.92,1.056,140.04,74.09,0,normal
2026-09-01 18:53:00,25.36,39.91,0.997,128.07,71.42,0,normal
2026-09-01 18:53:30,23.3,39.88,0.945,116.82,47.98,0,normal
2026-09-01 18:54:00,19.2,39.86,0.73,113.71,57.9,0,normal
2026-09-01 18:54:30,22.68,39.83,0.925,148.29,63.2,0,normal
2026-09-01 18:55:00,24.84,39.84,0.935,126.01,59.16,0,normal
2026-09-01 18:55:30,21.08,39.82,0.828,98.19,40.64,0,normal
2026-09-01 18:56:00,25.36,39.82,0.982,96.75,58.01,0,normal
2026-09-01 18:56:30,26.05,39.84,0.872,157.84,75.06,0,normal
2026-09-01 18:57:00,24.08,39.82,0.947,102.03,52.28,0,normal
2026-09-01 18:57:30,16.11,39.82,0.615,126.82,56.75,0,normal
2026-09-01 18:58:00,20.55,39.79,0.813,153.77,85.16,0,normal
2026-09-01 18:58:30,28.46,39.78,1.139,133.55,56.1,0,normal
2026-09-01 18:59:00,22.36,39.83,0.974,101.06,59.94,0,normal
2026-09-01 18:59:30,18.77,39.84,0.762,94.61,41.43,0,normal
2026-09-01 19:00:00,26.8,39.83,1.09,166.75,86.18,0,normal
2026-09-01 19:00:30,23.75,39.82,0.973,93.97,44.62,0,normal
2026-09-01 19:01:00,26.46,39.82,1.104,106.17,51.81,0,normal
2026-09-01 19:01:30,24.39,39.82,0.998,129.31,74.51,0,normal
2026-09-01 19:02:00,24.82,39.81,1.007,114.53,70.67,0,normal
2026-09-01 19:02:30,24.59,39.82,1.018,134.35,71.08,0,normal
2026-09-01 19:03:00,25.4,39.79,0.893,83.31,49.98,0,normal
2026-09-01 19:03:30,29.35,39.77,1.297,114.74,83.31,0,normal
2026-09-01 19:04:00,26.07,39.78,1.126,136.94,78.35,0,normal
2026-09-01 19:04:30,19.69,39.75,0.796,137.03,63.38,0,normal
2026-09-01 19:05:00,24.74,39.77,0.92,105.69,58.61,0,normal
2026-09-01 19:05:30,26.48,39.77,1.123,94.46,49.77,0,normal
2026-09-01 19:06:00,26.61,39.72,1.028,125.34,58.82,0,normal
2026-09-01 19:06:30,22.54,39.73,0.926,87.19,41.41,0,normal
2026-09-01 19:07:00,26.5,39.69,0.992,152.11,72.18,0,normal
2026-09-01 19:07:30,25.91,39.7,1.152,123.94,51.2,0,normal
2026-09-01 19:08:00,30.0,39.69,1.114,102.58,54.43,0,normal
2026-09-01 19:08:30,21.7,39.73,0.871,93.64,55.22,0,normal
2026-09-01 19:09:00,22.29,39.75,0.797,104.17,52.98,0,normal
2026-09-01 19:09:30,22.79,39.73,0.91,80.95,39.88,0,normal
2026-09-01 19:10:00,22.31,39.68,0.873,132.37,56.23,0,normal
2026-09-01 19:10:30,21.31,39.67,0.901,99.93,49.38,0,normal
2026-09-01 19:11:00,16.61,39.64,0.65,129.99,61.21,0,normal
2026-09-01 19:11:30,22.43,39.68,0.948,133.44,70.3,0,normal
2026-09-01 19:12:00,24.43,39.67,0.927,144.15,60.68,0,normal
2026-09-01 19:12:30,22.27,39.69,0.878,126.3,67.74,0,normal
2026-09-01 19:13:00,28.32,39.68,1.118,148.13,61.13,0,normal
2026-09-01 19:13:30,23.52,39.68,0.964,154.65,78.98,0,normal
2026-09-01 19:14:00,26.69,39.67,1.087,126.46,57.65,0,normal
2026-09-01 19:14:30,24.12,39.69,1.0,127.96,62.4,0,normal
2026-09-01 19:15:00,25.52,39.7,1.034,106.06,55.25,0,normal
2026-09-01 19:15:30,24.15,39.68,0.998,95.31,40.22,0,normal
2026-09-01 19:16:00,26.85,39.7,1.026,152.05,98.42,0,normal
2026-09-01 19:16:30,23.57,39.7,0.961,135.14,82.2,0,normal
2026-09-01 19:17:00,24.66,39.68,1.066,137.17,68.03,0,normal
2026-09-01 19:17:30,24.33,39.63,0.891,105.23,45.16,0,normal
2026-09-01 19:18:00,22.68,39.64,0.929,160.6,76.37,0,normal
2026-09-01 19:18:30,24.41,39.64,1.009,114.28,61.24,0,normal
2026-09-01 19:19:00,28.97,39.64,1.243,99.95,50.36,0,normal
2026-09-01 19:19:30,22.7,39.63,0.941,105.66,51.79,0,normal
2026-09-01 19:20:00,24.41,39.61,0.981,159.28,76.7,0,normal
2026-09-01 19:20:30,26.51,39.61,1.083,92.22,66.21,0,normal
2026-09-01 19:21:00,26.2,39.61,1.009,101.22,44.79,0,normal
2026-09-01 19:21:30,23.38,39.62,0.917,192.46,81.4,0,normal
2026-09-01 19:22:00,17.37,39.62,0.648,143.53,65.5,0,normal
2026-09-01 19:22:30,24.62,39.63,1.058,101.67,69.23,0,normal
2026-09-01 19:23:00,17.76,39.63,0.727,92.96,46.79,0,normal
2026-09-01 19:23:30,26.99,39.62,1.03,78.18,38.68,0,normal
2026-09-01 19:24:00,23.72,39.62,0.962,122.43,49.94,0,normal
2026-09-01 19:24:30,25.79,39.59,1.092,138.2,89.38,0,normal
2026-09-01 19:25:00,21.02,39.59,0.883,157.97,72.37,0,normal
2026-09-01 19:25:30,19.4,39.56,0.74,72.65,43.74,0,normal
2026-09-01 19:26:00,23.91,39.54,0.807,86.87,47.46,0,normal
2026-09-01 19:26:30,23.18,39.5,0.945,117.01,49.79,0,normal
2026-09-01 19:27:00,22.01,39.49,0.842,189.69,82.09,0,normal
2026-09-01 19:27:30,23.46,39.52,0.967,142.15,62.22,0,normal
2026-09-01 19:28:00,30.15,39.52,1.263,129.32,82.23,0,normal
2026-09-01 19:28:30,25.31,39.53,1.069,89.38,41.62,0,normal
2026-09-01 19:29:00,25.83,39.57,1.123,67.0,33.69,0,normal
2026-09-01 19:29:30,25.32,39.58,1.075,120.97,58.01,0,normal
2026-09-01 19:30:00,26.89,39.56,1.17,117.52,48.75,0,normal
2026-09-01 19:30:30,22.72,39.55,0.971,113.3,60.65,0,normal
2026-09-01 19:31:00,18.04,39.54,0.774,110.49,57.93,0,normal
2026-09-01 19:31:30,22.7,39.53,0.906,101.29,63.22,0,normal
2026-09-01 19:32:00,25.19,39.52,0.943,95.56,53.68,0,normal
2026-09-01 19:32:30,20.73,39.54,0.932,154.74,64.54,0,normal
2026-09-01 19:33:00,22.7,39.55,0.911,97.84,49.99,0,normal
2026-09-01 19:33:30,21.41,39.52,0.909,113.1,53.7,0,normal
2026-09-01 19:34:00,26.88,39.5,1.046,119.02,59.61,0,normal
2026-09-01 19:34:30,25.0,39.49,1.048,137.66,61.09,0,normal
2026-09-01 19:35:00,24.74,39.5,0.869,98.7,41.88,0,normal
2026-09-01 19:35:30,24.66,39.52,0.966,144.45,61.41,0,normal
2026-09-01 19:36:00,23.0,39.57,0.915,105.51,51.51,0,normal
2026-09-01 19:36:30,23.59,39.56,0.965,115.95,80.87,0,normal
2026-09-01 19:37:00,20.11,39.55,0.848,161.08,78.02,0,normal
2026-09-01 19:37:30,17.61,39.56,0.666,95.77,73.19,0,normal
2026-09-01 19:38:00,23.43,39.54,0.968,138.02,68.1,0,normal
2026-09-01 19:38:30,23.87,39.54,1.013,145.12,60.89,0,normal
2026-09-01 19:39:00,26.06,39.53,1.165,127.75,57.51,0,normal
2026-09-01 19:39:30,26.97,39.48,1.117,117.06,62.8,0,normal
2026-09-01 19:40:00,26.95,39.48,1.053,173.14,85.0,0,normal
2026-09-01 19:40:30,20.53,39.47,0.769,119.65,53.34,0,normal
2026-09-01 19:41:00,22.13,39.49,0.966,125.1,76.0,0,normal
2026-09-01 19:41:30,24.21,39.49,1.004,111.59,64.52,0,normal
2026-09-01 19:42:00,29.32,39.47,1.172,123.78,50.7,0,normal
2026-09-01 19:42:30,26.69,39.46,0.981,144.1,81.93,0,normal
2026-09-01 19:43:00,25.77,39.41,0.983,113.12,51.39,0,normal
2026-09-01 19:43:30,22.01,39.39,0.908,67.29,48.61,0,normal
2026-09-01 19:44:00,20.75,39.4,0.845,132.84,59.01,0,normal
2026-09-01 19:44:30,24.93,39.39,0.9,93.04,38.41,0,normal
2026-09-01 19:45:00,20.19,39.41,0.833,138.55,71.78,0,normal
2026-09-01 19:45:30,22.35,39.37,0.824,119.97,51.36,0,normal
2026-09-01 19:46:00,22.64,39.36,0.967,143.58,62.07,0,normal
2026-09-01 19:46:30,26.91,39.35,1.088,96.29,42.61,0,normal
2026-09-01 19:47:00,22.02,39.37,0.861,106.62,54.11,0,normal
2026-09-01 19:47:30,16.81,39.38,0.706,111.5,58.65,0,normal
2026-09-01 19:48:00,24.15,39.39,0.983,82.94,35.53,0,normal
2026-09-01 19:48:30,21.15,39.42,0.902,147.79,67.55,0,normal
2026-09-01 19:49:00,22.98,39.41,0.923,79.36,39.82,0,normal
2026-09-01 19:49:30,22.66,39.44,0.913,147.43,76.7,0,normal
2026-09-01 19:50:00,22.18,39.41,0.874,130.61,66.19,0,normal
2026-09-01 19:50:30,24.84,39.39,1.007,115.03,49.69,0,normal
2026-09-01 19:51:00,19.01,39.4,0.825,128.63,70.62,0,normal
2026-09-01 19:51:30,21.55,39.37,0.84,127.94,59.02,0,normal
2026-09-01 19:52:00,24.54,39.38,1.013,109.99,64.63,0,normal
2026-09-01 19:52:30,21.29,39.38,0.814,127.45,57.75,0,normal
2026-09-01 19:53:00,18.79,39.4,0.674,138.28,76.83,0,normal
2026-09-01 19:53:30,24.48,39.4,0.989,96.38,73.06,0,normal
2026-09-01 19:54:00,25.6,39.39,1.043,128.65,53.58,0,normal
2026-09-01 19:54:30,22.68,39.4,0.902,54.34,31.49,0,normal
2026-09-01 19:55:00,17.88,39.39,0.662,71.76,31.54,0,normal
2026-09-01 19:55:30,24.54,39.37,0.997,134.11,59.47,0,normal
2026-09-01 19:56:00,18.61,39.38,0.754,109.55,58.71,0,normal
2026-09-01 19:56:30,23.54,39.38,0.9,98.66,40.7,0,normal
2026-09-01 19:57:00,20.53,39.37,0.766,118.67,63.13,0,normal
2026-09-01 19:57:30,19.85,39.37,0.784,110.1,63.77,0,normal
2026-09-01 19:58:00,21.63,39.39,0.893,95.28,38.96,0,normal
2026-09-01 19:58:30,22.27,39.38,0.91,79.02,37.33,0,normal
2026-09-01 19:59:00,21.11,39.37,0.807,70.8,34.27,0,normal
2026-09-01 19:59:30,24.19,39.34,0.974,138.47,64.51,0,normal
2026-09-01 20:00:00,21.58,39.33,0.902,109.44,61.51,0,normal
2026-09-01 20:00:30,25.15,39.35,0.947,144.24,61.81,0,normal
2026-09-01 20:01:00,23.39,39.36,0.938,109.18,47.9,0,normal
2026-09-01 20:01:30,20.94,39.36,0.894,128.87,58.36,0,normal
2026-09-01 20:02:00,20.5,39.38,0.768,116.86,57.56,0,normal
2026-09-01 20:02:30,18.55,39.39,0.785,121.11,58.29,0,normal
2026-09-01 20:03:00,23.38,39.41,1.011,122.33,68.22,0,normal
2026-09-01 20:03:30,21.77,39.43,0.861,108.86,49.41,0,normal
2026-09-01 20:04:00,16.71,39.46,0.657,89.26,53.18,0,normal
2026-09-01 20:04:30,21.3,39.45,0.896,139.15,58.13,0,normal
2026-09-01 20:05:00,20.37,39.42,0.807,159.84,81.49,0,normal
2026-09-01 20:05:30,26.56,39.44,0.937,161.48,68.03,0,normal
2026-09-01 20:06:00,18.35,39.45,0.73,106.17,60.65,0,normal
2026-09-01 20:06:30,19.0,39.48,0.778,101.67,50.13,0,normal
2026-09-01 20:07:00,25.36,39.5,1.052,106.14,45.93,0,normal
2026-09-01 20:07:30,25.98,39.54,0.994,115.6,59.46,0,normal
2026-09-01 20:08:00,20.71,39.55,0.817,118.69,69.37,0,normal
2026-09-01 20:08:30,20.99,39.56,0.881,95.05,64.36,0,normal
2026-09-01 20:09:00,24.1,39.52,0.961,83.01,40.38,0,normal
2026-09-01 20:09:30,16.74,39.53,0.618,121.25,67.03,0,normal
2026-09-01 20:10:00,17.89,39.52,0.76,31.74,45.17,0,normal
2026-09-01 20:10:30,21.84,39.52,0.864,117.48,53.96,0,normal
2026-09-01 20:11:00,26.4,39.52,1.114,96.38,58.57,0,normal
2026-09-01 20:11:30,21.44,39.53,0.798,139.5,89.83,0,normal
2026-09-01 20:12:00,22.76,39.52,0.905,146.19,69.8,0,normal
2026-09-01 20:12:30,25.35,39.54,1.04,146.78,83.47,0,normal
2026-09-01 20:13:00,27.76,39.48,1.106,111.34,62.23,0,normal
2026-09-01 20:13:30,21.06,39.49,0.792,91.62,39.06,0,normal
2026-09-01 20:14:00,22.44,39.51,0.79,99.64,40.81,0,normal
2026-09-01 20:14:30,27.04,39.54,1.164,127.19,63.77,0,normal
2026-09-01 20:15:00,18.66,39.56,0.756,78.85,39.03,0,normal
2026-09-01 20:15:30,25.04,39.59,1.06,154.84,63.14,0,normal
2026-09-01 20:16:00,19.91,39.59,0.833,111.73,64.84,0,normal
2026-09-01 20:16:30,22.71,39.59,0.935,132.5,58.34,0,normal
2026-09-01 20:17:00,21.83,39.6,0.859,75.46,38.82,0,normal
2026-09-01 20:17:30,20.04,39.6,0.821,96.85,42.41,0,normal
2026-09-01 20:18:00,19.96,39.58,0.856,72.36,40.66,0,normal
2026-09-01 20:18:30,23.11,39.57,0.928,145.53,83.76,0,normal
2026-09-01 20:19:00,24.89,39.54,1.09,115.99,63.24,0,normal
2026-09-01 20:19:30,22.08,39.55,0.817,134.28,70.74,0,normal
2026-09-01 20:20:00,22.57,39.55,0.83,121.59,53.6,0,normal
2026-09-01 20:20:30,23.82,39.54,1.0,131.71,77.34,0,normal
2026-09-01 20:21:00,19.95,39.53,0.765,111.56,72.2,0,normal
2026-09-01 20:21:30,24.23,39.54,1.068,114.91,66.22,0,normal
2026-09-01 20:22:00,24.41,39.55,1.042,117.71,69.13,0,normal
2026-09-01 20:22:30,28.87,39.53,1.246,130.14,60.86,0,normal
2026-09-01 20:23:00,21.41,39.5,0.894,130.8,55.76,0,normal
2026-09-01 20:23:30,21.2,39.52,0.809,190.29,103.23,0,normal
2026-09-01 20:24:00,24.25,39.48,0.89,162.04,76.55,0,normal
2026-09-01 20:24:30,24.38,39.5,1.048,75.53,30.78,0,normal
2026-09-01 20:25:00,20.98,39.52,0.776,116.42,70.06,0,normal
2026-09-01 20:25:30,21.31,39.56,0.92,109.85,47.21,0,normal
2026-09-01 20:26:00,23.65,39.57,0.978,152.0,81.9,0,normal
2026-09-01 20:26:30,20.23,39.58,0.806,112.11,53.4,0,normal
2026-09-01 20:27:00,21.26,39.62,0.869,131.61,69.1,0,normal
2026-09-01 20:27:30,22.51,39.58,0.921,61.57,29.79,0,normal
2026-09-01 20:28:00,24.76,39.57,0.98,82.16,42.79,0,normal
2026-09-01 20:28:30,20.76,39.58,0.89,172.31,104.68,0,normal
2026-09-01 20:29:00,17.65,39.57,0.755,121.26,63.62,0,normal
2026-09-01 20:29:30,17.47,39.6,0.704,95.04,53.92,0,normal
2026-09-01 20:30:00,19.09,39.59,0.741,126.07,58.43,0,normal
2026-09-01 20:30:30,18.96,39.6,0.808,93.67,41.72,0,normal
2026-09-01 20:31:00,21.84,39.59,0.785,112.92,51.89,0,normal
2026-09-01 20:31:30,19.26,39.58,0.787,83.68,40.64,0,normal
2026-09-01 20:32:00,20.46,39.56,0.849,100.28,66.12,0,normal
2026-09-01 20:32:30,20.28,39.57,0.778,109.59,50.22,0,normal
2026-09-01 20:33:00,21.1,39.55,0.885,148.02,64.74,0,normal
2026-09-01 20:33:30,25.51,39.57,1.019,131.6,59.21,0,normal
2026-09-01 20:34:00,23.84,39.58,0.928,135.96,60.98,0,normal
2026-09-01 20:34:30,22.23,39.6,0.932,119.36,63.85,0,normal
2026-09-01 20:35:00,21.02,39.57,0.795,140.57,74.66,0,normal
2026-09-01 20:35:30,21.09,39.54,0.88,98.16,47.37,0,normal
2026-09-01 20:36:00,22.98,39.54,0.828,101.68,68.69,0,normal
2026-09-01 20:36:30,23.62,39.59,0.958,130.19,62.45,0,normal
2026-09-01 20:37:00,19.87,39.62,0.797,113.02,56.67,0,normal
2026-09-01 20:37:30,22.23,39.61,0.865,119.65,71.42,0,normal
2026-09-01 20:38:00,17.05,39.61,0.695,115.9,57.74,0,normal
2026-09-01 20:38:30,22.66,39.62,0.903,151.34,100.57,0,normal
2026-09-01 20:39:00,24.02,39.59,1.011,152.64,66.12,0,normal
2026-09-01 20:39:30,21.41,39.62,0.881,104.35,58.05,0,normal
2026-09-01 20:40:00,26.64,39.62,1.09,76.0,52.95,0,normal
2026-09-01 20:40:30,19.9,39.61,0.808,102.21,54.57,0,normal
2026-09-01 20:41:00,22.63,39.61,0.884,97.58,43.07,0,normal
2026-09-01 20:41:30,22.0,39.63,0.867,140.79,87.27,0,normal
2026-09-01 20:42:00,21.82,39.62,0.884,143.01,64.16,0,normal
2026-09-01 20:42:30,21.79,39.58,0.864,94.22,73.21,0,normal
2026-09-01 20:43:00,22.33,39.58,0.943,101.14,50.04,0,normal
2026-09-01 20:43:30,24.18,39.54,0.972,83.02,60.19,0,normal
2026-09-01 20:44:00,25.49,39.53,1.039,123.36,49.63,0,normal
2026-09-01 20:44:30,22.04,39.56,0.82,118.88,52.49,0,normal
2026-09-01 20:45:00,24.07,39.57,1.008,139.73,65.52,0,normal
2026-09-01 20:45:30,20.28,39.59,0.787,132.43,54.67,0,normal
2026-09-01 20:46:00,23.93,39.6,0.907,135.26,55.38,0,normal
2026-09-01 20:46:30,20.11,39.64,0.871,81.45,39.87,0,normal
2026-09-01 20:47:00,24.73,39.63,1.024,104.34,68.85,0,normal
2026-09-01 20:47:30,27.53,39.64,1.155,143.72,69.47,0,normal
2026-09-01 20:48:00,21.68,39.63,0.887,106.54,53.45,0,normal
2026-09-01 20:48:30,16.51,39.64,0.657,79.31,46.59,0,normal
2026-09-01 20:49:00,20.61,39.64,0.813,140.2,61.42,0,normal
2026-09-01 20:49:30,25.06,39.68,1.041,105.57,46.35,0,normal
2026-09-01 20:50:00,23.35,39.66,0.987,146.57,64.63,0,normal
2026-09-01 20:50:30,22.58,39.69,0.9,119.54,62.16,0,normal
2026-09-01 20:51:00,24.47,39.7,1.08,113.07,66.59,0,normal
2026-09-01 20:51:30,23.16,39.7,0.917,154.08,69.23,0,normal
2026-09-01 20:52:00,24.98,39.71,0.93,87.43,36.06,0,normal
2026-09-01 20:52:30,24.23,39.71,0.886,155.86,65.22,0,normal
2026-09-01 20:53:00,25.73,39.71,0.942,104.02,73.2,0,normal
2026-09-01 20:53:30,22.82,39.71,0.894,124.06,68.43,0,normal
2026-09-01 20:54:00,24.17,39.69,0.956,124.3,49.9,0,normal
2026-09-01 20:54:30,21.14,39.69,0.875,109.32,58.87,0,normal
2026-09-01 20:55:00,20.39,39.65,0.815,100.95,46.6,0,normal
2026-09-01 20:55:30,26.16,39.67,1.091,110.75,54.24,0,normal
2026-09-01 20:56:00,22.42,39.64,0.899,94.64,45.72,0,normal
2026-09-01 20:56:30,23.89,39.63,0.956,169.05,72.43,0,normal
2026-09-01 20:57:00,22.18,39.64,0.862,107.97,56.32,0,normal
2026-09-01 20:57:30,20.4,39.66,0.874,148.97,62.8,0,normal
2026-09-01 20:58:00,21.88,39.62,0.808,145.68,74.88,0,normal
2026-09-01 20:58:30,25.45,39.62,1.033,129.07,72.83,0,normal
2026-09-01 20:59:00,23.23,39.63,0.921,116.61,65.1,0,normal
2026-09-01 20:59:30,17.56,39.63,0.73,124.84,64.16,0,normal
2026-09-01 21:00:00,21.29,39.65,0.851,134.3,59.53,0,normal
2026-09-01 21:00:30,26.29,39.64,1.052,122.51,53.79,0,normal
2026-09-01 21:01:00,21.28,39.59,0.84,80.83,41.53,0,normal
2026-09-01 21:01:30,17.32,39.61,0.741,74.54,42.87,0,normal
2026-09-01 21:02:00,26.54,39.59,1.062,157.72,75.99,0,normal
2026-09-01 21:02:30,23.51,39.56,1.033,54.13,39.52,0,normal
2026-09-01 21:03:00,21.62,39.55,0.876,124.89,64.02,0,normal
2026-09-01 21:03:30,20.86,39.58,0.835,114.13,46.53,0,normal
2026-09-01 21:04:00,24.48,39.55,0.972,124.02,67.69,0,normal
2026-09-01 21:04:30,20.42,39.6,0.84,91.5,51.51,0,normal
2026-09-01 21:05:00,24.64,39.58,0.956,128.77,61.37,0,normal
2026-09-01 21:05:30,23.12,39.58,0.932,125.15,59.82,0,normal
2026-09-01 21:06:00,22.37,39.55,0.895,189.03,77.75,0,normal
2026-09-01 21:06:30,22.12,39.55,0.899,123.25,72.76,0,normal
2026-09-01 21:07:00,21.3,39.55,0.867,153.71,66.06,0,normal
2026-09-01 21:07:30,24.35,39.52,0.994,82.53,59.09,0,normal
2026-09-01 21:08:00,19.56,39.57,0.786,145.5,88.92,0,normal
2026-09-01 21:08:30,17.67,39.56,0.762,125.66,59.62,0,normal
2026-09-01 21:09:00,23.25,39.55,0.95,126.74,64.19,0,normal
2026-09-01 21:09:30,23.29,39.57,1.053,127.09,57.5,0,normal
2026-09-01 21:10:00,22.9,39.6,0.918,162.66,91.82,0,normal
2026-09-01 21:10:30,22.72,39.62,0.952,126.38,62.97,0,normal
2026-09-01 21:11:00,20.89,39.6,0.805,100.4,61.94,0,normal
2026-09-01 21:11:30,23.66,39.6,1.013,104.6,56.64,0,normal
2026-09-01 21:12:00,21.56,39.56,0.832,140.43,75.7,0,normal
2026-09-01 21:12:30,20.46,39.58,0.837,131.19,66.47,0,normal
2026-09-01 21:13:00,20.89,39.54,0.824,81.74,42.98,0,normal
2026-09-01 21:13:30,26.72,39.53,1.093,132.87,60.72,0,normal
2026-09-01 21:14:00,17.32,39.52,0.685,92.94,47.17,0,normal
2026-09-01 21:14:30,22.9,39.53,0.88,130.96,60.55,0,normal
2026-09-01 21:15:00,17.44,39.52,0.688,99.86,49.35,0,normal
2026-09-01 21:15:30,21.37,39.55,0.921,112.96,46.99,0,normal
2026-09-01 21:16:00,20.55,39.57,0.841,106.38,60.62,0,normal
2026-09-01 21:16:30,16.42,39.58,0.614,157.97,66.63,0,normal
2026-09-01 21:17:00,22.59,39.55,0.953,130.05,61.88,0,normal
2026-09-01 21:17:30,20.67,39.59,0.79,151.53,63.11,0,normal
2026-09-01 21:18:00,16.36,39.57,0.679,192.38,99.19,0,normal
2026-09-01 21:18:30,23.71,39.6,0.974,121.17,82.87,0,normal
2026-09-01 21:19:00,25.18,39.64,1.038,157.55,72.3,0,normal
2026-09-01 21:19:30,25.32,39.65,1.107,102.51,56.04,0,normal
2026-09-01 21:20:00,22.48,39.67,0.862,151.37,61.27,0,normal
2026-09-01 21:20:30,21.7,39.61,0.894,99.81,45.56,0,normal
2026-09-01 21:21:00,24.89,39.6,1.058,119.54,67.65,0,normal
2026-09-01 21:21:30,25.78,39.62,0.998,133.42,70.55,0,normal
2026-09-01 21:22:00,24.39,39.64,0.939,137.36,61.98,0,normal
2026-09-01 21:22:30,19.21,39.61,0.757,88.19,39.42,0,normal
2026-09-01 21:23:00,22.05,39.6,0.896,98.32,39.15,0,normal
2026-09-01 21:23:30,22.65,39.55,0.842,135.29,60.81,0,normal
2026-09-01 21:24:00,17.01,39.56,0.699,110.81,60.73,0,normal
2026-09-01 21:24:30,22.71,39.52,0.844,85.07,37.59,0,normal
2026-09-01 21:25:00,27.21,39.54,1.159,118.23,55.05,0,normal
2026-09-01 21:25:30,23.12,39.57,0.949,117.03,52.85,0,normal
2026-09-01 21:26:00,25.2,39.55,1.104,124.42,75.19,0,normal
2026-09-01 21:26:30,21.97,39.56,0.908,133.23,53.64,0,normal
2026-09-01 21:27:00,21.32,39.56,0.84,131.64,89.08,0,normal
2026-09-01 21:27:30,22.45,39.56,0.862,100.8,48.06,0,normal
2026-09-01 21:28:00,19.45,39.54,0.787,109.73,58.59,0,normal
2026-09-01 21:28:30,19.08,39.55,0.762,143.19,58.95,0,normal
2026-09-01 21:29:00,24.64,39.51,1.044,106.42,63.62,0,normal
2026-09-01 21:29:30,24.91,39.48,0.95,110.12,50.23,0,normal
2026-09-01 21:30:00,18.99,39.47,0.836,82.39,37.15,0,normal
2026-09-01 21:30:30,23.89,39.47,1.016,119.28,54.49,0,normal
2026-09-01 21:31:00,21.24,39.47,0.841,128.63,53.3,0,normal
2026-09-01 21:31:30,22.31,39.46,0.972,70.61,29.18,0,normal
2026-09-01 21:32:00,22.6,39.49,0.868,93.24,39.02,0,normal
2026-09-01 21:32:30,23.93,39.5,0.967,84.46,36.88,0,normal
2026-09-01 21:33:00,21.64,39.5,0.81,139.71,55.74,0,normal
2026-09-01 21:33:30,24.96,39.5,1.091,72.19,33.79,0,normal
2026-09-01 21:34:00,22.2,39.52,0.815,118.03,50.09,0,normal
2026-09-01 21:34:30,22.98,39.53,0.853,137.95,71.63,0,normal
2026-09-01 21:35:00,19.33,39.54,0.749,124.7,57.66,0,normal
2026-09-01 21:35:30,26.81,39.55,1.143,109.0,46.81,0,normal
2026-09-01 21:36:00,22.58,39.51,0.946,128.66,87.72,0,normal
2026-09-01 21:36:30,23.18,39.48,0.933,145.92,58.49,0,normal
2026-09-01 21:37:00,17.37,39.47,0.73,117.31,46.55,0,normal
2026-09-01 21:37:30,19.33,39.47,0.769,64.03,44.34,0,normal
2026-09-01 21:38:00,24.48,39.48,1.0,148.69,69.65,0,normal
2026-09-01 21:38:30,22.1,39.48,0.957,130.01,53.14,0,normal
2026-09-01 21:39:00,16.59,39.49,0.655,119.17,55.24,0,normal
2026-09-01 21:39:30,23.97,39.46,0.922,70.49,37.68,0,normal
2026-09-01 21:40:00,23.21,39.46,0.819,112.54,49.5,1,mem_leak
2026-09-01 21:40:30,27.92,39.5,1.032,98.11,50.95,1,mem_leak
2026-09-01 21:41:00,24.27,39.57,0.85,89.59,50.49,1,mem_leak
2026-09-01 21:41:30,23.95,39.6,0.918,116.59,53.54,1,mem_leak
2026-09-01 21:42:00,26.21,39.67,0.962,106.6,42.44,1,mem_leak
2026-09-01 21:42:30,22.64,39.71,0.769,108.25,44.76,1,mem_leak
2026-09-01 21:43:00,21.48,39.76,0.768,138.49,60.3,1,mem_leak
2026-09-01 21:43:30,24.29,39.85,0.845,126.39,64.37,1,mem_leak
2026-09-01 21:44:00,27.94,39.92,1.011,107.61,60.85,1,mem_leak
2026-09-01 21:44:30,20.53,39.95,0.733,104.44,46.18,1,mem_leak
2026-09-01 21:45:00,19.54,40.0,0.675,108.63,50.49,1,mem_leak
2026-09-01 21:45:30,26.04,40.04,0.959,113.81,47.02,1,mem_leak
2026-09-01 21:46:00,22.83,40.07,0.832,134.6,53.52,1,mem_leak
2026-09-01 21:46:30,23.93,40.13,0.844,93.94,48.0,1,mem_leak
2026-09-01 21:47:00,19.62,40.21,0.69,156.46,69.49,1,mem_leak
2026-09-01 21:47:30,24.67,40.28,0.725,134.62,54.21,1,mem_leak
2026-09-01 21:48:00,24.68,40.36,0.744,51.55,25.89,1,mem_leak
2026-09-01 21:48:30,27.38,40.43,1.004,122.13,61.34,1,mem_leak
2026-09-01 21:49:00,22.3,40.48,0.791,146.02,67.47,1,mem_leak
2026-09-01 21:49:30,29.42,40.53,1.015,129.72,74.38,1,mem_leak
2026-09-01 21:50:00,22.34,40.58,0.809,109.69,44.15,1,mem_leak
2026-09-01 21:50:30,21.91,40.62,0.857,118.47,61.26,1,mem_leak
2026-09-01 21:51:00,29.0,40.67,1.075,124.46,51.34,1,mem_leak
2026-09-01 21:51:30,24.72,40.74,0.913,139.24,102.38,1,mem_leak
2026-09-01 21:52:00,23.1,40.8,0.759,84.62,36.44,1,mem_leak
2026-09-01 21:52:30,24.83,40.93,0.802,104.87,52.17,1,mem_leak
2026-09-01 21:53:00,27.75,40.96,0.867,160.96,65.34,1,mem_leak
2026-09-01 21:53:30,27.74,41.03,1.027,120.82,65.27,1,mem_leak
2026-09-01 21:54:00,21.64,41.06,0.81,158.2,91.92,1,mem_leak
2026-09-01 21:54:30,25.17,41.12,0.895,194.64,94.33,1,mem_leak
2026-09-01 21:55:00,24.09,41.18,0.886,107.7,50.56,1,mem_leak
2026-09-01 21:55:30,21.69,41.26,0.744,90.07,39.54,1,mem_leak
2026-09-01 21:56:00,24.35,41.32,0.819,113.36,74.54,1,mem_leak
2026-09-01 21:56:30,24.5,41.38,0.814,147.47,65.42,1,mem_leak
2026-09-01 21:57:00,28.05,41.43,0.954,150.97,80.23,1,mem_leak
2026-09-01 21:57:30,27.14,41.47,0.921,176.8,79.9,1,mem_leak
2026-09-01 21:58:00,24.73,41.52,0.886,119.08,62.46,1,mem_leak
2026-09-01 21:58:30,23.4,41.58,0.772,132.2,53.32,1,mem_leak
2026-09-01 21:59:00,26.2,41.65,0.904,102.21,56.37,1,mem_leak
2026-09-01 21:59:30,22.53,41.73,0.712,57.33,41.39,1,mem_leak
2026-09-01 22:00:00,27.73,41.78,0.919,119.01,47.07,1,mem_leak
2026-09-01 22:00:30,23.59,41.85,0.838,91.16,37.42,1,mem_leak
2026-09-01 22:01:00,21.47,41.88,0.736,136.08,67.75,1,mem_leak
2026-09-01 22:01:30,21.88,41.95,0.715,72.97,31.73,1,mem_leak
2026-09-01 22:02:00,27.5,42.0,0.991,101.52,43.15,1,mem_leak
2026-09-01 22:02:30,24.07,42.08,0.808,126.69,69.98,1,mem_leak
2026-09-01 22:03:00,29.47,42.17,1.003,129.31,71.18,1,mem_leak
2026-09-01 22:03:30,23.0,42.24,0.872,118.81,73.33,1,mem_leak
2026-09-01 22:04:00,25.04,42.28,0.882,166.68,81.11,1,mem_leak
2026-09-01 22:04:30,29.88,42.35,1.113,159.24,75.93,1,mem_leak
2026-09-01 22:05:00,20.97,42.42,0.722,102.89,67.11,1,mem_leak
2026-09-01 22:05:30,19.47,42.48,0.629,160.24,79.0,1,mem_leak
2026-09-01 22:06:00,27.33,42.53,0.972,164.06,80.68,1,mem_leak
2026-09-01 22:06:30,23.22,42.61,0.857,116.9,52.38,1,mem_leak
2026-09-01 22:07:00,23.09,42.68,0.83,121.14,52.3,1,mem_leak
2026-09-01 22:07:30,24.09,42.74,0.8,118.73,51.27,1,mem_leak
2026-09-01 22:08:00,24.62,42.77,0.834,103.88,56.31,1,mem_leak
2026-09-01 22:08:30,21.86,42.85,0.645,106.36,42.08,1,mem_leak
2026-09-01 22:09:00,22.57,42.9,0.793,152.98,61.81,1,mem_leak
2026-09-01 22:09:30,25.77,42.97,0.994,130.93,64.31,1,mem_leak
2026-09-01 22:10:00,20.59,43.03,0.764,106.15,42.56,1,mem_leak
2026-09-01 22:10:30,22.7,43.06,0.836,96.85,66.8,1,mem_leak
2026-09-01 22:11:00,23.47,43.13,0.794,101.05,45.66,1,mem_leak
2026-09-01 22:11:30,20.17,43.2,0.617,115.9,69.47,1,mem_leak
2026-09-01 22:12:00,20.94,43.28,0.756,142.83,56.8,1,mem_leak
2026-09-01 22:12:30,26.52,43.35,0.871,98.5,53.67,1,mem_leak
2026-09-01 22:13:00,22.0,43.37,0.812,142.54,63.82,1,mem_leak
2026-09-01 22:13:30,23.64,43.47,0.814,124.92,57.78,1,mem_leak
2026-09-01 22:14:00,23.26,43.54,0.817,123.57,59.92,1,mem_leak
2026-09-01 22:14:30,23.45,43.58,0.813,145.64,61.16,1,mem_leak
2026-09-01 22:15:00,25.38,43.63,0.888,141.08,59.23,1,mem_leak
2026-09-01 22:15:30,26.87,43.7,1.0,84.89,40.64,1,mem_leak
2026-09-01 22:16:00,23.46,43.78,0.802,92.9,49.0,1,mem_leak
2026-09-01 22:16:30,23.97,43.83,0.873,114.26,67.04,1,mem_leak
2026-09-01 22:17:00,23.0,43.91,0.781,128.9,57.89,1,mem_leak
2026-09-01 22:17:30,25.62,43.94,0.858,154.11,67.27,1,mem_leak
2026-09-01 22:18:00,29.43,43.99,1.09,121.63,49.65,1,mem_leak
2026-09-01 22:18:30,24.32,44.01,0.941,162.59,78.11,1,mem_leak
2026-09-01 22:19:00,18.96,44.06,0.697,102.33,43.39,1,mem_leak
2026-09-01 22:19:30,25.49,44.16,0.851,106.56,46.24,1,mem_leak
2026-09-01 22:20:00,25.08,44.26,0.894,112.36,49.55,1,mem_leak
2026-09-01 22:20:30,24.8,44.33,0.862,99.57,43.13,1,mem_leak
2026-09-01 22:21:00,25.48,44.38,0.981,148.99,63.83,1,mem_leak
2026-09-01 22:21:30,21.82,44.44,0.776,50.75,54.01,1,mem_leak
2026-09-01 22:22:00,20.53,44.52,0.678,107.41,53.47,1,mem_leak
2026-09-01 22:22:30,24.38,44.55,0.791,148.71,66.84,1,mem_leak
2026-09-01 22:23:00,18.62,44.61,0.692,112.19,55.82,1,mem_leak
2026-09-01 22:23:30,25.09,44.7,0.863,146.82,93.08,1,mem_leak
2026-09-01 22:24:00,24.61,44.74,0.934,174.94,73.73,1,mem_leak
2026-09-01 22:24:30,18.07,44.8,0.623,122.01,61.74,1,mem_leak
2026-09-01 22:25:00,20.12,44.86,0.754,149.22,60.07,1,mem_leak
2026-09-01 22:25:30,20.43,44.93,0.711,180.48,71.76,1,mem_leak
2026-09-01 22:26:00,25.01,44.98,0.906,130.05,65.34,1,mem_leak
2026-09-01 22:26:30,21.38,45.05,0.797,118.8,53.31,1,mem_leak
2026-09-01 22:27:00,29.0,45.13,0.959,142.56,68.66,1,mem_leak
2026-09-01 22:27:30,26.05,45.23,0.935,149.61,73.93,1,mem_leak
2026-09-01 22:28:00,23.81,45.3,0.87,119.03,69.41,1,mem_leak
2026-09-01 22:28:30,22.2,45.36,0.9,107.9,71.53,1,mem_leak
2026-09-01 22:29:00,24.69,45.46,0.915,162.93,76.92,1,mem_leak
2026-09-01 22:29:30,21.07,45.51,0.792,113.23,54.63,1,mem_leak
2026-09-01 22:30:00,26.3,45.55,0.931,149.84,70.26,1,mem_leak
2026-09-01 22:30:30,20.69,45.62,0.709,126.57,65.13,1,mem_leak
2026-09-01 22:31:00,26.96,45.71,0.92,165.67,80.28,1,mem_leak
2026-09-01 22:31:30,26.74,45.78,0.935,98.77,46.63,1,mem_leak
2026-09-01 22:32:00,24.01,45.84,0.92,98.73,51.99,1,mem_leak
2026-09-01 22:32:30,24.44,45.88,0.86,141.36,66.43,1,mem_leak
2026-09-01 22:33:00,25.13,45.94,0.872,91.74,51.92,1,mem_leak
2026-09-01 22:33:30,17.52,46.03,0.524,122.92,68.9,1,mem_leak
2026-09-01 22:34:00,25.8,46.07,0.933,158.71,66.76,1,mem_leak
2026-09-01 22:34:30,23.32,46.14,0.83,75.38,48.11,1,mem_leak
2026-09-01 22:35:00,23.8,46.19,0.825,130.05,71.61,1,mem_leak
2026-09-01 22:35:30,26.5,46.24,0.976,150.29,67.53,1,mem_leak
2026-09-01 22:36:00,21.24,46.31,0.807,119.35,49.82,1,mem_leak
2026-09-01 22:36:30,20.93,46.39,0.71,96.82,41.46,1,mem_leak
2026-09-01 22:37:00,23.29,46.46,0.811,113.43,66.08,1,mem_leak
2026-09-01 22:37:30,24.42,46.51,0.786,99.04,53.96,1,mem_leak
2026-09-01 22:38:00,23.35,46.54,0.859,121.73,55.96,1,mem_leak
2026-09-01 22:38:30,25.37,46.61,0.818,113.08,45.77,1,mem_leak
2026-09-01 22:39:00,25.72,46.67,0.912,107.17,49.95,1,mem_leak
2026-09-01 22:39:30,20.69,46.77,0.7,131.65,67.44,1,mem_leak
2026-09-01 22:40:00,23.63,46.87,0.827,159.48,69.89,1,mem_leak
2026-09-01 22:40:30,28.31,46.98,0.923,128.2,54.12,1,mem_leak
2026-09-01 22:41:00,17.42,47.02,0.669,153.59,82.14,1,mem_leak
2026-09-01 22:41:30,26.08,47.1,0.845,159.47,78.04,1,mem_leak
2026-09-01 22:42:00,23.85,47.18,0.777,105.33,53.66,1,mem_leak
2026-09-01 22:42:30,22.35,47.26,0.89,126.87,68.99,1,mem_leak
2026-09-01 22:43:00,22.6,47.32,0.737,109.38,50.71,1,mem_leak
2026-09-01 22:43:30,23.54,47.41,0.841,82.95,36.52,1,mem_leak
2026-09-01 22:44:00,30.08,47.48,1.054,128.89,59.33,1,mem_leak
2026-09-01 22:44:30,21.62,47.55,0.704,93.7,43.02,1,mem_leak
2026-09-01 22:45:00,23.09,47.58,0.726,132.11,53.19,1,mem_leak
2026-09-01 22:45:30,19.01,47.66,0.703,81.1,42.08,1,mem_leak
2026-09-01 22:46:00,28.33,47.72,1.016,124.27,58.81,1,mem_leak
2026-09-01 22:46:30,20.94,47.8,0.763,80.73,37.36,1,mem_leak
2026-09-01 22:47:00,23.23,47.86,0.809,136.85,54.24,1,mem_leak
2026-09-01 22:47:30,25.05,47.93,0.793,110.17,45.96,1,mem_leak
2026-09-01 22:48:00,21.91,48.0,0.665,107.76,55.21,1,mem_leak
2026-09-01 22:48:30,24.2,48.08,0.869,148.16,87.17,1,mem_leak
2026-09-01 22:49:00,30.46,48.14,1.194,111.96,55.08,1,mem_leak
2026-09-01 22:49:30,27.73,48.18,0.979,122.77,49.06,1,mem_leak
2026-09-01 22:50:00,21.14,48.25,0.771,115.03,67.49,1,mem_leak
2026-09-01 22:50:30,24.7,48.3,0.945,132.68,74.38,1,mem_leak
2026-09-01 22:51:00,21.16,48.34,0.699,146.07,58.08,1,mem_leak
2026-09-01 22:51:30,16.62,48.39,0.684,140.89,59.88,1,mem_leak
2026-09-01 22:52:00,26.25,48.46,0.913,108.33,43.36,1,mem_leak
2026-09-01 22:52:30,26.92,48.52,1.056,150.23,60.59,1,mem_leak
2026-09-01 22:53:00,25.77,48.55,0.927,97.09,49.14,1,mem_leak
2026-09-01 22:53:30,22.47,48.6,0.82,101.44,57.69,1,mem_leak
2026-09-01 22:54:00,23.88,48.69,0.807,116.8,55.57,1,mem_leak
2026-09-01 22:54:30,26.53,48.75,1.005,146.17,69.21,1,mem_leak
2026-09-01 22:55:00,23.55,48.81,0.848,90.75,45.86,1,mem_leak
2026-09-01 22:55:30,21.99,48.9,0.837,142.29,66.92,1,mem_leak
2026-09-01 22:56:00,20.47,48.98,0.69,118.63,48.32,1,mem_leak
2026-09-01 22:56:30,24.64,49.07,0.859,109.16,54.89,1,mem_leak
2026-09-01 22:57:00,27.8,49.07,0.949,147.45,65.46,1,mem_leak
2026-09-01 22:57:30,22.07,49.18,0.687,99.93,50.93,1,mem_leak
2026-09-01 22:58:00,27.76,49.25,0.778,177.14,79.61,1,mem_leak
2026-09-01 22:58:30,24.29,49.37,0.91,115.58,59.99,1,mem_leak
2026-09-01 22:59:00,27.2,49.42,0.883,123.75,58.54,1,mem_leak
2026-09-01 22:59:30,25.01,49.45,0.971,158.57,64.66,1,mem_leak
2026-09-01 23:00:00,24.4,49.51,0.774,124.4,66.44,1,mem_leak
2026-09-01 23:00:30,20.16,49.57,0.708,149.72,73.27,1,mem_leak
2026-09-01 23:01:00,22.95,49.65,0.807,71.17,51.24,1,mem_leak
2026-09-01 23:01:30,26.95,49.74,0.805,108.94,63.28,1,mem_leak
2026-09-01 23:02:00,21.02,49.8,0.799,129.92,85.37,1,mem_leak
2026-09-01 23:02:30,20.92,49.87,0.747,147.04,64.51,1,mem_leak
2026-09-01 23:03:00,19.29,49.94,0.685,139.24,64.36,1,mem_leak
2026-09-01 23:03:30,28.46,50.0,1.034,136.9,56.09,1,mem_leak
2026-09-01 23:04:00,27.87,50.06,0.939,146.53,62.8,1,mem_leak
2026-09-01 23:04:30,24.7,50.15,0.894,131.88,64.87,1,mem_leak
2026-09-01 23:05:00,27.68,50.24,0.883,66.42,46.51,1,mem_leak
2026-09-01 23:05:30,24.9,50.33,0.867,156.06,73.08,1,mem_leak
2026-09-01 23:06:00,22.83,50.39,0.732,99.06,51.49,1,mem_leak
2026-09-01 23:06:30,23.14,50.41,0.788,127.84,56.07,1,mem_leak
2026-09-01 23:07:00,22.34,50.47,0.728,124.53,60.45,1,mem_leak
2026-09-01 23:07:30,30.79,50.52,1.013,121.18,52.45,1,mem_leak
2026-09-01 23:08:00,24.7,50.59,0.889,92.35,60.8,1,mem_leak
2026-09-01 23:08:30,21.14,50.64,0.803,71.53,46.08,1,mem_leak
2026-09-01 23:09:00,24.6,50.7,0.873,94.94,69.8,1,mem_leak
2026-09-01 23:09:30,21.63,50.75,0.709,140.66,63.46,1,mem_leak
2026-09-01 23:10:00,26.06,50.79,0.932,83.83,39.9,1,mem_leak
2026-09-01 23:10:30,22.63,50.88,0.75,97.99,39.49,1,mem_leak
2026-09-01 23:11:00,26.13,50.92,0.842,130.45,61.48,1,mem_leak
2026-09-01 23:11:30,27.84,50.99,0.931,94.31,45.23,1,mem_leak
2026-09-01 23:12:00,24.99,51.08,0.8,106.42,42.87,1,mem_leak
2026-09-01 23:12:30,22.12,51.16,0.866,122.05,52.84,1,mem_leak
2026-09-01 23:13:00,24.36,51.24,0.805,127.07,63.87,1,mem_leak
2026-09-01 23:13:30,24.51,51.31,0.837,93.82,40.15,1,mem_leak
2026-09-01 23:14:00,21.55,51.39,0.804,123.52,68.2,1,mem_leak
2026-09-01 23:14:30,22.49,51.49,0.795,129.97,70.09,1,mem_leak
2026-09-01 23:15:00,27.86,51.56,1.014,88.17,53.83,1,mem_leak
2026-09-01 23:15:30,25.2,51.59,0.732,125.37,74.27,1,mem_leak
2026-09-01 23:16:00,21.46,51.64,0.73,102.09,46.15,1,mem_leak
2026-09-01 23:16:30,23.28,51.72,0.818,123.1,57.25,1,mem_leak
2026-09-01 23:17:00,26.74,51.78,0.961,138.08,54.35,1,mem_leak
2026-09-01 23:17:30,25.56,51.88,0.977,115.59,52.96,1,mem_leak
2026-09-01 23:18:00,26.4,51.94,0.958,142.84,73.69,1,mem_leak
2026-09-01 23:18:30,22.2,52.01,0.813,139.77,60.96,1,mem_leak
2026-09-01 23:19:00,25.33,52.1,0.873,142.7,80.6,1,mem_leak
2026-09-01 23:19:30,22.09,52.16,0.726,130.08,51.6,1,mem_leak
2026-09-01 23:20:00,21.51,52.23,0.782,147.52,66.86,1,mem_leak
2026-09-01 23:20:30,27.32,52.31,0.905,129.63,61.42,1,mem_leak
2026-09-01 23:21:00,26.68,52.35,0.887,78.32,44.71,1,mem_leak
2026-09-01 23:21:30,21.24,52.41,0.695,100.2,39.95,1,mem_leak
2026-09-01 23:22:00,21.26,52.49,0.756,114.72,72.63,1,mem_leak
2026-09-01 23:22:30,23.93,52.56,0.908,117.82,48.17,1,mem_leak
2026-09-01 23:23:00,28.68,52.65,1.045,128.94,54.77,1,mem_leak
2026-09-01 23:23:30,18.92,52.69,0.624,99.83,44.25,1,mem_leak
2026-09-01 23:24:00,23.68,52.72,0.897,170.22,72.89,1,mem_leak
2026-09-01 23:24:30,19.69,52.8,0.7,117.44,53.75,1,mem_leak
2026-09-01 23:25:00,22.05,52.88,0.761,119.81,60.29,1,mem_leak
2026-09-01 23:25:30,21.81,52.94,0.785,103.23,68.4,1,mem_leak
2026-09-01 23:26:00,22.93,53.02,0.776,94.92,45.74,1,mem_leak
2026-09-01 23:26:30,21.52,53.1,0.798,116.84,57.88,1,mem_leak
2026-09-01 23:27:00,22.71,53.15,0.832,120.69,57.05,1,mem_leak
2026-09-01 23:27:30,25.5,53.2,0.744,117.83,61.14,1,mem_leak
2026-09-01 23:28:00,21.92,53.27,0.653,161.38,68.83,1,mem_leak
2026-09-01 23:28:30,25.73,53.35,0.917,116.84,60.92,1,mem_leak
2026-09-01 23:29:00,26.37,53.4,0.92,117.85,79.78,1,mem_leak
2026-09-01 23:29:30,26.77,53.46,0.896,140.38,64.65,1,mem_leak
2026-09-01 23:30:00,19.71,53.52,0.633,115.72,64.1,1,mem_leak
2026-09-01 23:30:30,24.67,53.59,0.909,133.48,55.49,1,mem_leak
2026-09-01 23:31:00,25.06,53.66,0.939,88.02,37.83,1,mem_leak
2026-09-01 23:31:30,22.31,53.71,0.65,88.22,34.7,1,mem_leak
2026-09-01 23:32:00,24.92,53.8,0.882,123.05,66.16,1,mem_leak
2026-09-01 23:32:30,24.9,53.86,0.805,114.21,45.61,1,mem_leak
2026-09-01 23:33:00,28.5,53.92,1.019,99.77,51.6,1,mem_leak
2026-09-01 23:33:30,30.61,53.95,1.076,123.05,53.5,1,mem_leak
2026-09-01 23:34:00,19.39,54.01,0.713,125.23,54.92,1,mem_leak
2026-09-01 23:34:30,31.91,54.08,1.128,102.25,47.25,1,mem_leak
2026-09-01 23:35:00,20.87,54.15,0.742,107.03,46.33,1,mem_leak
2026-09-01 23:35:30,24.78,54.23,0.86,125.42,61.48,1,mem_leak
2026-09-01 23:36:00,28.08,54.31,0.829,94.47,50.37,1,mem_leak
2026-09-01 23:36:30,21.79,54.42,0.757,104.9,50.86,1,mem_leak
2026-09-01 23:37:00,25.37,54.47,0.933,133.35,71.11,1,mem_leak
2026-09-01 23:37:30,22.99,54.5,0.781,119.4,59.16,1,mem_leak
2026-09-01 23:38:00,24.16,54.55,0.868,108.07,44.31,1,mem_leak
2026-09-01 23:38:30,23.45,54.6,0.824,97.42,47.79,1,mem_leak
2026-09-01 23:39:00,26.75,54.64,0.917,94.67,49.21,1,mem_leak
2026-09-01 23:39:30,23.66,54.71,0.877,116.71,54.91,1,mem_leak
2026-09-01 23:40:00,21.26,54.8,0.817,170.65,68.49,1,mem_leak
2026-09-01 23:40:30,28.05,54.9,0.924,134.14,73.34,1,mem_leak
2026-09-01 23:41:00,24.65,54.98,1.0,86.68,36.6,1,mem_leak
2026-09-01 23:41:30,26.68,55.08,0.833,137.68,71.9,1,mem_leak
2026-09-01 23:42:00,21.25,55.14,0.779,101.03,67.99,1,mem_leak
2026-09-01 23:42:30,21.15,55.18,0.682,119.88,77.08,1,mem_leak
2026-09-01 23:43:00,23.16,55.26,0.762,105.28,50.43,1,mem_leak
2026-09-01 23:43:30,22.89,55.29,0.768,170.57,91.61,1,mem_leak
2026-09-01 23:44:00,25.31,55.34,0.941,91.65,38.01,1,mem_leak
2026-09-01 23:44:30,26.56,55.42,0.91,127.84,62.59,1,mem_leak
2026-09-01 23:45:00,23.9,55.48,0.794,102.87,44.54,1,mem_leak
2026-09-01 23:45:30,27.04,55.55,0.954,138.47,58.96,1,mem_leak
2026-09-01 23:46:00,25.92,55.59,0.909,127.34,81.72,1,mem_leak
2026-09-01 23:46:30,23.59,55.65,0.875,151.36,62.43,1,mem_leak
2026-09-01 23:47:00,21.17,55.74,0.753,137.95,98.82,1,mem_leak
2026-09-01 23:47:30,27.57,55.81,1.003,102.66,59.22,1,mem_leak
2026-09-01 23:48:00,25.05,55.86,0.815,192.91,76.4,1,mem_leak
2026-09-01 23:48:30,24.83,55.9,0.829,133.89,56.86,1,mem_leak
2026-09-01 23:49:00,21.94,55.95,0.837,106.23,46.44,1,mem_leak
2026-09-01 23:49:30,23.22,56.02,0.773,125.14,52.8,1,mem_leak
2026-09-01 23:50:00,19.85,56.09,0.725,135.77,61.65,1,mem_leak
2026-09-01 23:50:30,25.86,56.14,0.904,134.82,58.91,1,mem_leak
2026-09-01 23:51:00,20.71,56.17,0.796,132.4,72.6,1,mem_leak
2026-09-01 23:51:30,30.8,56.24,1.107,144.16,76.33,1,mem_leak
2026-09-01 23:52:00,21.93,56.29,0.708,141.7,70.15,1,mem_leak
2026-09-01 23:52:30,19.58,56.37,0.74,98.81,59.99,1,mem_leak
2026-09-01 23:53:00,24.93,56.42,0.912,172.7,70.27,1,mem_leak
2026-09-01 23:53:30,27.9,56.47,0.963,169.22,81.74,1,mem_leak
2026-09-01 23:54:00,22.74,56.53,0.787,140.02,68.75,1,mem_leak
2026-09-01 23:54:30,23.25,56.65,0.872,120.97,57.83,1,mem_leak
2026-09-01 23:55:00,19.9,56.73,0.618,121.4,62.32,1,mem_leak
2026-09-01 23:55:30,24.77,56.8,0.821,111.91,44.09,1,mem_leak
2026-09-01 23:56:00,21.38,56.87,0.744,115.14,50.97,1,mem_leak
2026-09-01 23:56:30,19.51,56.9,0.61,65.33,39.4,1,mem_leak
2026-09-01 23:57:00,23.01,56.95,0.792,158.26,125.89,1,mem_leak
2026-09-01 23:57:30,19.46,56.96,0.576,149.44,70.24,1,mem_leak
2026-09-01 23:58:00,19.92,57.06,0.672,78.08,38.66,1,mem_leak
2026-09-01 23:58:30,23.42,57.16,0.764,142.25,58.84,1,mem_leak
2026-09-01 23:59:00,22.13,57.23,0.782,119.81,56.72,1,mem_leak
2026-09-01 23:59:30,25.22,57.3,0.822,115.02,61.68,1,mem_leak
2026-09-02 00:00:00,24.96,57.34,0.952,132.32,56.83,1,mem_leak
2026-09-02 00:00:30,26.4,57.4,0.87,76.43,36.39,1,mem_leak
2026-09-02 00:01:00,25.76,57.5,0.836,119.72,79.73,1,mem_leak
2026-09-02 00:01:30,27.42,57.57,1.017,121.99,71.03,1,mem_leak
2026-09-02 00:02:00,22.87,57.62,0.878,122.01,67.93,1,mem_leak
2026-09-02 00:02:30,24.12,57.66,0.847,85.81,41.99,1,mem_leak
2026-09-02 00:03:00,26.35,57.75,0.892,131.17,56.23,1,mem_leak
2026-09-02 00:03:30,24.13,57.81,0.855,146.5,65.44,1,mem_leak
2026-09-02 00:04:00,22.28,57.84,0.79,130.18,60.76,1,mem_leak
2026-09-02 00:04:30,23.8,57.89,0.74,114.27,56.48,1,mem_leak
2026-09-02 00:05:00,22.39,57.93,0.65,187.23,87.25,1,mem_leak
2026-09-02 00:05:30,23.36,58.0,0.83,96.89,39.38,1,mem_leak
2026-09-02 00:06:00,24.1,58.07,0.889,139.34,69.49,1,mem_leak
2026-09-02 00:06:30,22.08,58.12,0.828,126.08,82.33,1,mem_leak
2026-09-02 00:07:00,22.66,58.21,0.748,170.31,74.75,1,mem_leak
2026-09-02 00:07:30,20.59,58.27,0.669,129.67,58.09,1,mem_leak
2026-09-02 00:08:00,26.51,58.36,0.935,135.03,57.16,1,mem_leak
2026-09-02 00:08:30,21.97,58.42,0.85,132.64,72.29,1,mem_leak
2026-09-02 00:09:00,20.55,58.55,0.76,93.54,42.52,1,mem_leak
2026-09-02 00:09:30,26.36,58.6,0.791,98.28,45.91,1,mem_leak
2026-09-02 00:10:00,24.82,58.65,0.889,113.11,59.61,1,mem_leak
2026-09-02 00:10:30,20.46,58.7,0.722,143.93,56.97,1,mem_leak
2026-09-02 00:11:00,25.47,58.76,0.917,125.83,73.2,1,mem_leak
2026-09-02 00:11:30,22.4,58.79,0.743,114.83,45.88,1,mem_leak
2026-09-02 00:12:00,21.69,58.86,0.822,154.3,66.27,1,mem_leak
2026-09-02 00:12:30,24.96,58.89,0.849,70.44,44.21,1,mem_leak
2026-09-02 00:13:00,26.51,58.96,0.943,87.6,46.61,1,mem_leak
2026-09-02 00:13:30,24.71,59.0,0.845,57.59,30.51,1,mem_leak
2026-09-02 00:14:00,20.46,59.06,0.7,150.21,68.55,1,mem_leak
2026-09-02 00:14:30,26.11,59.13,0.896,117.58,49.91,1,mem_leak
2026-09-02 00:15:00,20.77,59.25,0.804,144.16,70.98,1,mem_leak
2026-09-02 00:15:30,28.35,59.29,1.031,117.27,78.33,1,mem_leak
2026-09-02 00:16:00,24.15,59.36,0.836,145.58,72.72,1,mem_leak
2026-09-02 00:16:30,17.75,59.41,0.643,116.83,46.54,1,mem_leak
2026-09-02 00:17:00,24.86,59.46,0.792,130.25,53.29,1,mem_leak
2026-09-02 00:17:30,28.82,59.51,0.978,126.59,57.91,1,mem_leak
2026-09-02 00:18:00,28.6,59.59,0.983,128.44,62.99,1,mem_leak
2026-09-02 00:18:30,28.81,59.65,0.971,162.12,70.31,1,mem_leak
2026-09-02 00:19:00,21.46,59.76,0.708,79.39,54.91,1,mem_leak
2026-09-02 00:19:30,26.77,59.83,0.975,118.29,52.43,1,mem_leak
2026-09-02 00:20:00,20.46,59.88,0.747,124.95,49.14,1,mem_leak
2026-09-02 00:20:30,23.42,59.94,0.77,121.21,51.4,1,mem_leak
2026-09-02 00:21:00,19.05,59.99,0.683,110.05,61.46,1,mem_leak
2026-09-02 00:21:30,22.56,60.07,0.762,106.63,48.57,1,mem_leak
2026-09-02 00:22:00,22.34,60.1,0.759,158.25,63.9,1,mem_leak
2026-09-02 00:22:30,27.25,60.14,0.94,118.23,48.82,1,mem_leak
2026-09-02 00:23:00,25.97,60.2,0.926,180.95,83.7,1,mem_leak
2026-09-02 00:23:30,23.68,60.28,0.847,133.21,62.58,1,mem_leak
2026-09-02 00:24:00,20.38,60.37,0.649,112.76,57.42,1,mem_leak
2026-09-02 00:24:30,20.97,60.46,0.776,133.82,55.99,1,mem_leak
2026-09-02 00:25:00,21.35,60.54,0.727,122.72,65.79,1,mem_leak
2026-09-02 00:25:30,23.45,60.6,0.899,153.55,60.89,1,mem_leak
2026-09-02 00:26:00,26.9,60.69,0.975,90.81,37.06,1,mem_leak
2026-09-02 00:26:30,25.99,60.73,0.95,74.97,30.43,1,mem_leak
2026-09-02 00:27:00,21.61,60.76,0.781,129.02,56.02,1,mem_leak
2026-09-02 00:27:30,15.85,60.84,0.541,140.89,80.05,1,mem_leak
2026-09-02 00:28:00,18.55,60.88,0.697,127.15,63.97,1,mem_leak
2026-09-02 00:28:30,27.88,60.95,1.0,136.81,55.11,1,mem_leak
2026-09-02 00:29:00,21.19,61.02,0.79,133.14,53.61,1,mem_leak
2026-09-02 00:29:30,22.26,61.09,0.773,82.99,53.19,1,mem_leak
2026-09-02 00:30:00,26.93,61.17,0.956,127.03,58.59,1,mem_leak
2026-09-02 00:30:30,25.12,61.25,0.852,152.92,74.46,1,mem_leak
2026-09-02 00:31:00,24.93,61.33,0.803,124.29,52.15,1,mem_leak
2026-09-02 00:31:30,24.23,61.38,0.826,87.25,40.43,1,mem_leak
2026-09-02 00:32:00,22.77,61.45,0.816,111.65,51.12,1,mem_leak
2026-09-02 00:32:30,23.66,61.51,0.843,133.92,64.94,1,mem_leak
2026-09-02 00:33:00,27.39,61.57,0.944,164.89,75.67,1,mem_leak
2026-09-02 00:33:30,23.89,61.69,0.783,71.09,49.01,1,mem_leak
2026-09-02 00:34:00,24.83,61.76,0.962,129.03,59.38,1,mem_leak
2026-09-02 00:34:30,27.02,61.83,0.933,96.69,46.66,1,mem_leak
2026-09-02 00:35:00,22.8,61.89,0.694,132.69,65.88,1,mem_leak
2026-09-02 00:35:30,25.18,61.97,0.871,134.7,81.85,1,mem_leak
2026-09-02 00:36:00,23.94,62.05,0.847,114.17,46.95,1,mem_leak
2026-09-02 00:36:30,17.71,62.14,0.6,135.79,61.78,1,mem_leak
2026-09-02 00:37:00,16.66,62.21,0.584,148.5,84.16,1,mem_leak
2026-09-02 00:37:30,21.08,62.29,0.767,115.89,46.58,1,mem_leak
2026-09-02 00:38:00,24.84,62.39,0.873,86.57,39.76,1,mem_leak
2026-09-02 00:38:30,25.41,62.46,0.812,155.64,86.2,1,mem_leak
2026-09-02 00:39:00,25.63,62.52,0.832,140.72,56.54,1,mem_leak
2026-09-02 00:39:30,28.91,62.61,0.982,134.09,61.4,1,mem_leak
2026-09-02 00:40:00,17.49,62.59,0.653,102.73,40.56,0,normal
2026-09-02 00:40:30,20.6,62.57,0.856,144.64,65.71,0,normal
2026-09-02 00:41:00,21.43,62.57,0.848,171.06,74.44,0,normal
2026-09-02 00:41:30,18.83,62.54,0.776,116.97,62.11,0,normal
2026-09-02 00:42:00,20.74,62.56,0.842,122.36,59.23,0,normal
2026-09-02 00:42:30,16.67,62.54,0.685,93.37,58.97,0,normal
2026-09-02 00:43:00,24.2,62.53,0.869,102.01,58.76,0,normal
2026-09-02 00:43:30,18.97,62.52,0.726,93.14,54.44,0,normal
2026-09-02 00:44:00,25.76,62.53,1.06,123.27,64.28,0,normal
2026-09-02 00:44:30,20.6,62.52,0.771,111.48,69.72,0,normal
2026-09-02 00:45:00,23.25,62.52,0.947,129.32,62.55,0,normal
2026-09-02 00:45:30,20.55,62.52,0.765,97.7,44.32,0,normal
2026-09-02 00:46:00,20.61,62.51,0.825,115.81,47.66,0,normal
2026-09-02 00:46:30,19.22,62.49,0.831,96.16,44.84,0,normal
2026-09-02 00:47:00,20.99,62.52,0.872,124.69,66.77,0,normal
2026-09-02 00:47:30,21.48,62.47,0.78,79.19,32.79,0,normal
2026-09-02 00:48:00,18.73,62.47,0.781,123.79,70.25,0,normal
2026-09-02 00:48:30,20.38,62.46,0.889,113.03,62.54,0,normal
2026-09-02 00:49:00,19.17,62.47,0.874,124.52,73.55,0,normal
2026-09-02 00:49:30,26.44,62.44,1.083,78.69,48.9,0,normal
2026-09-02 00:50:00,20.48,62.43,0.763,136.37,74.9,0,normal
2026-09-02 00:50:30,24.56,62.43,1.004,112.53,60.47,0,normal
2026-09-02 00:51:00,20.21,62.45,0.873,125.43,51.39,0,normal
2026-09-02 00:51:30,21.35,62.46,0.846,73.25,50.15,0,normal
2026-09-02 00:52:00,17.4,62.44,0.732,88.93,50.73,0,normal
2026-09-02 00:52:30,19.59,62.43,0.751,110.25,58.12,0,normal
2026-09-02 00:53:00,21.24,62.45,0.865,154.39,61.3,0,normal
2026-09-02 00:53:30,24.68,62.42,0.864,133.18,73.1,0,normal
2026-09-02 00:54:00,21.27,62.42,0.81,123.25,69.15,0,normal
2026-09-02 00:54:30,24.18,62.42,0.967,96.89,45.37,0,normal
2026-09-02 00:55:00,22.32,62.41,0.877,92.34,69.81,0,normal
2026-09-02 00:55:30,24.79,62.47,0.927,126.92,67.34,0,normal
2026-09-02 00:56:00,20.58,62.46,0.803,137.52,71.83,0,normal
2026-09-02 00:56:30,26.7,62.47,1.086,125.22,52.65,0,normal
2026-09-02 00:57:00,19.52,62.46,0.777,162.74,69.25,0,normal
2026-09-02 00:57:30,18.81,62.47,0.755,102.94,46.81,0,normal
2026-09-02 00:58:00,17.71,62.48,0.734,124.48,60.16,0,normal
2026-09-02 00:58:30,26.56,62.47,1.044,77.67,48.56,0,normal
2026-09-02 00:59:00,22.79,62.47,0.973,125.28,80.29,0,normal
2026-09-02 00:59:30,19.9,62.45,0.757,156.73,87.34,0,normal
2026-09-02 01:00:00,23.87,62.43,1.047,93.96,49.24,0,normal
2026-09-02 01:00:30,22.46,62.45,0.948,141.05,81.72,0,normal
2026-09-02 01:01:00,25.66,62.44,1.008,156.03,63.83,0,normal
2026-09-02 01:01:30,16.88,62.4,0.665,102.76,42.58,0,normal
2026-09-02 01:02:00,20.09,62.43,0.812,131.67,61.15,0,normal
2026-09-02 01:02:30,19.6,62.42,0.807,159.49,75.48,0,normal
2026-09-02 01:03:00,15.82,62.41,0.668,125.76,66.96,0,normal
2026-09-02 01:03:30,23.41,62.44,0.874,139.67,74.08,0,normal
2026-09-02 01:04:00,20.09,62.44,0.821,75.65,35.02,0,normal
2026-09-02 01:04:30,22.61,62.44,0.809,134.93,62.14,0,normal
2026-09-02 01:05:00,26.67,62.42,1.057,132.93,56.16,0,normal
2026-09-02 01:05:30,19.88,62.38,0.853,86.84,47.96,0,normal
2026-09-02 01:06:00,19.72,62.38,0.733,95.89,73.12,0,normal
2026-09-02 01:06:30,21.07,62.39,0.775,135.1,64.17,0,normal
2026-09-02 01:07:00,23.25,62.4,0.94,112.43,56.67,0,normal
2026-09-02 01:07:30,19.36,62.39,0.828,147.8,59.19,0,normal
2026-09-02 01:08:00,19.21,62.39,0.781,127.77,68.89,0,normal
2026-09-02 01:08:30,23.43,62.35,0.848,121.41,59.77,0,normal
2026-09-02 01:09:00,21.74,62.36,0.796,115.74,59.89,0,normal
2026-09-02 01:09:30,15.68,62.36,0.63,127.32,55.63,0,normal
2026-09-02 01:10:00,17.73,62.41,0.667,140.07,61.59,0,normal
2026-09-02 01:10:30,24.55,62.41,0.989,133.35,68.17,0,normal
2026-09-02 01:11:00,21.8,62.39,0.881,109.42,44.61,0,normal
2026-09-02 01:11:30,18.89,62.39,0.737,150.99,61.73,0,normal
2026-09-02 01:12:00,20.38,62.38,0.889,136.44,60.59,0,normal
2026-09-02 01:12:30,20.84,62.39,0.858,129.63,63.26,0,normal
2026-09-02 01:13:00,22.65,62.39,0.961,122.29,62.25,0,normal
2026-09-02 01:13:30,17.42,62.37,0.729,132.5,53.88,0,normal
2026-09-02 01:14:00,18.71,62.34,0.743,74.21,32.86,0,normal
2026-09-02 01:14:30,21.5,62.34,0.852,126.03,52.95,0,normal
2026-09-02 01:15:00,20.57,62.37,0.811,161.0,73.93,0,normal
2026-09-02 01:15:30,22.25,62.37,0.92,125.5,54.31,0,normal
2026-09-02 01:16:00,17.76,62.39,0.687,122.09,62.15,0,normal
2026-09-02 01:16:30,21.72,62.41,0.944,105.1,43.17,0,normal
2026-09-02 01:17:00,23.56,62.42,0.907,132.32,56.64,0,normal
2026-09-02 01:17:30,22.05,62.4,0.892,115.12,45.78,0,normal
2026-09-02 01:18:00,21.19,62.41,0.838,152.73,77.86,0,normal
2026-09-02 01:18:30,20.6,62.43,0.805,98.41,58.43,0,normal
2026-09-02 01:19:00,18.76,62.44,0.832,108.69,78.63,0,normal
2026-09-02 01:19:30,20.67,62.46,0.809,104.98,50.21,0,normal
2026-09-02 01:20:00,24.0,62.45,0.945,165.86,82.53,0,normal
2026-09-02 01:20:30,20.56,62.44,0.795,115.26,90.53,0,normal
2026-09-02 01:21:00,18.64,62.44,0.747,106.3,68.02,0,normal
2026-09-02 01:21:30,19.63,62.44,0.781,67.74,35.05,0,normal
2026-09-02 01:22:00,21.37,62.47,0.807,97.22,48.26,0,normal
2026-09-02 01:22:30,19.93,62.42,0.78,133.2,56.7,0,normal
2026-09-02 01:23:00,22.09,62.42,0.91,133.1,58.69,0,normal
2026-09-02 01:23:30,22.18,62.42,0.933,103.72,47.16,0,normal
2026-09-02 01:24:00,23.1,62.39,0.925,105.11,53.58,0,normal
2026-09-02 01:24:30,24.44,62.41,0.98,166.5,68.37,0,normal
2026-09-02 01:25:00,23.38,62.4,0.918,187.41,74.32,0,normal
2026-09-02 01:25:30,18.55,62.39,0.723,148.74,59.13,0,normal
2026-09-02 01:26:00,18.63,62.43,0.711,158.98,84.57,0,normal
2026-09-02 01:26:30,20.7,62.45,0.764,164.29,67.18,0,normal
2026-09-02 01:27:00,19.77,62.46,0.763,175.36,84.49,0,normal
2026-09-02 01:27:30,18.05,62.47,0.755,112.45,49.32,0,normal
2026-09-02 01:28:00,19.8,62.47,0.775,98.04,45.94,0,normal
2026-09-02 01:28:30,19.72,62.51,0.775,165.84,67.47,0,normal
2026-09-02 01:29:00,19.23,62.52,0.755,95.89,38.54,0,normal
2026-09-02 01:29:30,20.12,62.51,0.855,94.29,53.12,0,normal
2026-09-02 01:30:00,23.87,62.48,0.91,94.86,38.81,0,normal
2026-09-02 01:30:30,21.42,62.49,0.869,116.72,64.18,0,normal
2026-09-02 01:31:00,27.11,62.49,1.081,70.39,31.49,0,normal
2026-09-02 01:31:30,21.35,62.47,0.857,84.17,43.19,0,normal
2026-09-02 01:32:00,20.21,62.48,0.818,104.44,55.88,0,normal
2026-09-02 01:32:30,20.94,62.47,0.84,90.1,58.74,0,normal
2026-09-02 01:33:00,21.58,62.48,0.898,146.56,74.9,0,normal
2026-09-02 01:33:30,22.03,62.49,0.88,120.17,47.41,0,normal
2026-09-02 01:34:00,26.14,62.48,1.137,134.43,57.62,0,normal
2026-09-02 01:34:30,18.84,62.49,0.755,131.69,58.85,0,normal
2026-09-02 01:35:00,23.1,62.49,0.845,114.83,46.69,0,normal
2026-09-02 01:35:30,21.48,62.48,0.886,144.7,62.83,0,normal
2026-09-02 01:36:00,17.04,62.47,0.695,131.3,53.15,0,normal
2026-09-02 01:36:30,22.89,62.49,0.917,112.04,47.37,0,normal
2026-09-02 01:37:00,24.14,62.49,0.953,77.9,54.54,0,normal
2026-09-02 01:37:30,18.83,62.51,0.673,133.02,64.33,0,normal
2026-09-02 01:38:00,20.96,62.55,0.757,88.47,38.73,0,normal
2026-09-02 01:38:30,16.66,62.54,0.722,129.51,58.69,0,normal
2026-09-02 01:39:00,17.84,62.48,0.693,121.97,54.66,0,normal
2026-09-02 01:39:30,23.61,62.5,0.99,85.99,38.37,0,normal
2026-09-02 01:40:00,19.83,62.5,0.73,126.46,70.38,0,normal
2026-09-02 01:40:30,18.22,62.48,0.691,124.78,80.53,0,normal
2026-09-02 01:41:00,21.57,62.47,0.892,124.87,65.65,0,normal
2026-09-02 01:41:30,19.7,62.46,0.784,123.67,58.72,0,normal
2026-09-02 01:42:00,19.83,62.49,0.815,103.69,54.09,0,normal
2026-09-02 01:42:30,22.86,62.49,0.914,134.79,67.23,0,normal
2026-09-02 01:43:00,18.11,62.52,0.717,102.81,47.55,0,normal
2026-09-02 01:43:30,18.75,62.53,0.725,93.14,48.52,0,normal
2026-09-02 01:44:00,21.41,62.52,0.805,136.87,63.54,0,normal
2026-09-02 01:44:30,23.45,62.52,1.004,143.41,70.13,0,normal
2026-09-02 01:45:00,24.13,62.53,1.041,135.15,54.64,0,normal
2026-09-02 01:45:30,19.37,62.55,0.735,114.82,61.11,0,normal
2026-09-02 01:46:00,23.38,62.57,0.884,71.51,49.01,0,normal
2026-09-02 01:46:30,19.08,62.56,0.75,157.04,63.09,0,normal
2026-09-02 01:47:00,25.62,62.57,1.042,71.12,48.28,0,normal
2026-09-02 01:47:30,18.22,62.58,0.722,134.65,67.78,0,normal
2026-09-02 01:48:00,24.38,62.57,1.0,172.76,89.72,0,normal
2026-09-02 01:48:30,19.42,62.55,0.775,123.74,57.68,0,normal
2026-09-02 01:49:00,26.1,62.54,1.038,127.28,63.99,0,normal
2026-09-02 01:49:30,22.54,62.53,1.011,129.48,57.5,0,normal
2026-09-02 01:50:00,18.53,62.55,0.722,124.95,58.25,0,normal
2026-09-02 01:50:30,19.77,62.57,0.856,178.77,90.22,0,normal
2026-09-02 01:51:00,23.04,62.55,0.988,98.92,50.96,0,normal
2026-09-02 01:51:30,23.71,62.53,0.972,95.78,65.65,0,normal
2026-09-02 01:52:00,20.91,62.53,0.756,111.81,71.86,0,normal
2026-09-02 01:52:30,21.2,62.55,0.849,163.52,71.88,0,normal
2026-09-02 01:53:00,23.0,62.54,0.896,105.58,43.29,0,normal
2026-09-02 01:53:30,21.43,62.53,0.858,130.76,54.06,0,normal
2026-09-02 01:54:00,17.88,62.5,0.677,146.78,89.41,0,normal
2026-09-02 01:54:30,19.08,62.51,0.792,139.47,58.21,0,normal
2026-09-02 01:55:00,21.71,62.51,0.911,145.45,65.41,0,normal
2026-09-02 01:55:30,24.16,62.5,1.023,155.45,62.18,0,normal
2026-09-02 01:56:00,25.17,62.49,0.987,127.71,50.9,0,normal
2026-09-02 01:56:30,23.08,62.52,0.874,108.57,93.55,0,normal
2026-09-02 01:57:00,21.85,62.5,0.89,123.68,56.21,0,normal
2026-09-02 01:57:30,23.01,62.48,1.001,111.52,46.89,0,normal
2026-09-02 01:58:00,19.48,62.51,0.782,183.04,77.17,0,normal
2026-09-02 01:58:30,20.76,62.51,0.849,106.68,44.9,0,normal
2026-09-02 01:59:00,19.09,62.53,0.755,132.08,52.93,0,normal
2026-09-02 01:59:30,18.03,62.53,0.703,82.48,35.18,0,normal
2026-09-02 02:00:00,22.0,62.54,0.909,123.32,52.85,0,normal
2026-09-02 02:00:30,21.63,62.53,0.86,112.82,51.72,0,normal
2026-09-02 02:01:00,22.89,62.55,0.934,136.89,58.35,0,normal
2026-09-02 02:01:30,22.54,62.57,0.924,137.54,82.11,0,normal
2026-09-02 02:02:00,21.79,62.59,0.887,155.42,72.33,0,normal
2026-09-02 02:02:30,22.57,62.57,0.928,153.44,66.28,0,normal
2026-09-02 02:03:00,21.08,62.6,0.807,118.34,72.18,0,normal
2026-09-02 02:03:30,22.22,62.59,0.848,96.39,40.43,0,normal
2026-09-02 02:04:00,19.38,62.58,0.774,99.32,53.25,0,normal
2026-09-02 02:04:30,22.12,62.58,0.884,127.57,52.48,0,normal
2026-09-02 02:05:00,22.88,62.59,0.891,123.94,52.44,0,normal
2026-09-02 02:05:30,19.54,62.6,0.791,126.45,64.8,0,normal
2026-09-02 02:06:00,21.35,62.6,0.893,106.62,49.95,0,normal
2026-09-02 02:06:30,19.66,62.62,0.833,155.93,84.69,0,normal
2026-09-02 02:07:00,19.91,62.62,0.853,83.18,35.51,0,normal
2026-09-02 02:07:30,18.42,62.61,0.688,105.24,56.56,0,normal
2026-09-02 02:08:00,24.4,62.6,0.919,93.07,55.89,0,normal
2026-09-02 02:08:30,23.9,62.61,0.942,114.78,71.71,0,normal
2026-09-02 02:09:00,22.59,62.61,0.907,151.16,87.93,0,normal
2026-09-02 02:09:30,26.18,62.58,1.035,112.81,50.0,0,normal
2026-09-02 02:10:00,20.78,62.6,0.808,122.54,55.42,0,normal
2026-09-02 02:10:30,28.84,62.59,1.136,136.61,58.89,0,normal
2026-09-02 02:11:00,20.7,62.63,0.848,111.62,58.28,0,normal
2026-09-02 02:11:30,21.91,62.6,0.818,129.57,86.47,0,normal
2026-09-02 02:12:00,20.28,62.6,0.906,126.27,67.9,0,normal
2026-09-02 02:12:30,22.21,62.58,0.889,91.73,40.88,0,normal
2026-09-02 02:13:00,23.38,62.56,0.984,108.39,57.87,0,normal
2026-09-02 02:13:30,21.0,62.55,0.816,128.86,58.4,0,normal
2026-09-02 02:14:00,25.74,62.59,1.059,152.05,76.83,0,normal
2026-09-02 02:14:30,21.9,62.6,0.88,152.03,93.4,0,normal
2026-09-02 02:15:00,21.98,62.58,0.917,172.39,69.52,0,normal
2026-09-02 02:15:30,19.04,62.55,0.754,132.14,55.45,0,normal
2026-09-02 02:16:00,22.36,62.51,0.964,109.67,51.23,0,normal
2026-09-02 02:16:30,20.98,62.5,0.777,118.4,47.1,0,normal
2026-09-02 02:17:00,19.81,62.49,0.83,117.16,53.52,0,normal
2026-09-02 02:17:30,19.39,62.49,0.78,109.8,55.67,0,normal
2026-09-02 02:18:00,28.02,62.44,1.064,129.57,73.24,0,normal
2026-09-02 02:18:30,20.68,62.44,0.908,130.74,64.83,0,normal
2026-09-02 02:19:00,17.71,62.47,0.774,90.66,42.02,0,normal
2026-09-02 02:19:30,19.6,62.5,0.703,147.2,66.1,0,normal
2026-09-02 02:20:00,21.23,62.46,0.857,74.08,44.69,0,normal
2026-09-02 02:20:30,22.73,62.45,0.941,114.44,60.79,0,normal
2026-09-02 02:21:00,22.76,62.43,0.93,148.73,60.9,0,normal
2026-09-02 02:21:30,23.06,62.43,0.992,135.18,56.26,0,normal
2026-09-02 02:22:00,19.77,62.41,0.842,111.08,57.42,0,normal
2026-09-02 02:22:30,22.23,62.45,0.901,169.22,89.61,0,normal
2026-09-02 02:23:00,19.2,62.45,0.855,109.0,57.49,0,normal
2026-09-02 02:23:30,19.84,62.45,0.831,69.95,31.93,0,normal
2026-09-02 02:24:00,19.11,62.48,0.751,131.32,72.07,0,normal
2026-09-02 02:24:30,18.43,62.48,0.717,75.54,34.03,0,normal
2026-09-02 02:25:00,24.07,62.49,1.023,99.21,44.25,0,normal
2026-09-02 02:25:30,23.13,62.48,0.889,135.57,55.08,0,normal
2026-09-02 02:26:00,23.87,62.45,0.935,108.48,43.89,0,normal
2026-09-02 02:26:30,21.52,62.44,0.851,134.52,69.4,0,normal
2026-09-02 02:27:00,23.38,62.49,0.952,91.05,44.72,0,normal
2026-09-02 02:27:30,17.03,62.5,0.675,141.46,57.19,0,normal
2026-09-02 02:28:00,23.6,62.51,0.882,77.73,35.84,0,normal
2026-09-02 02:28:30,21.89,62.49,0.926,152.97,61.42,0,normal
2026-09-02 02:29:00,23.02,62.51,0.902,108.12,43.36,0,normal
2026-09-02 02:29:30,22.41,62.48,0.987,158.28,100.6,0,normal
2026-09-02 02:30:00,19.0,62.45,0.772,98.99,61.16,0,normal
2026-09-02 02:30:30,17.72,62.44,0.754,168.12,80.63,0,normal
2026-09-02 02:31:00,19.7,62.48,0.813,96.06,54.23,0,normal
2026-09-02 02:31:30,22.89,62.52,0.976,75.15,33.88,0,normal
2026-09-02 02:32:00,23.22,62.51,0.955,121.08,51.52,0,normal
2026-09-02 02:32:30,18.07,62.5,0.731,150.85,68.5,0,normal
2026-09-02 02:33:00,19.05,62.47,0.804,139.77,68.95,0,normal
2026-09-02 02:33:30,19.69,62.47,0.886,149.07,64.75,0,normal
2026-09-02 02:34:00,20.62,62.48,0.814,140.26,69.79,0,normal
2026-09-02 02:34:30,18.11,62.49,0.753,99.49,57.57,0,normal
2026-09-02 02:35:00,17.97,62.51,0.719,139.16,87.25,0,normal
2026-09-02 02:35:30,19.47,62.51,0.799,122.32,58.88,0,normal
2026-09-02 02:36:00,21.75,62.52,0.872,102.26,59.98,0,normal
2026-09-02 02:36:30,18.58,62.51,0.663,124.48,53.2,0,normal
2026-09-02 02:37:00,21.26,62.52,0.842,118.59,48.22,0,normal
2026-09-02 02:37:30,24.19,62.51,1.016,155.4,62.21,0,normal
2026-09-02 02:38:00,18.3,62.52,0.704,107.13,60.65,0,normal
2026-09-02 02:38:30,21.04,62.53,0.88,105.96,57.57,0,normal
2026-09-02 02:39:00,24.13,62.54,0.974,102.53,60.12,0,normal
2026-09-02 02:39:30,20.53,62.55,0.813,167.42,77.82,0,normal
2026-09-02 02:40:00,20.15,62.52,0.842,103.93,62.8,0,normal
2026-09-02 02:40:30,24.49,62.5,1.013,152.42,60.87,0,normal
2026-09-02 02:41:00,20.83,62.5,0.851,94.22,64.53,0,normal
2026-09-02 02:41:30,24.36,62.47,1.024,132.67,88.18,0,normal
2026-09-02 02:42:00,22.68,62.47,0.916,126.56,74.62,0,normal
2026-09-02 02:42:30,20.75,62.46,0.762,150.83,70.56,0,normal
2026-09-02 02:43:00,22.82,62.49,0.895,147.21,66.4,0,normal
2026-09-02 02:43:30,22.42,62.49,0.816,122.05,82.38,0,normal
2026-09-02 02:44:00,24.18,62.51,0.999,106.57,43.43,0,normal
2026-09-02 02:44:30,20.26,62.52,0.847,160.62,80.03,0,normal
2026-09-02 02:45:00,21.75,62.51,0.911,104.08,45.91,0,normal
2026-09-02 02:45:30,21.49,62.51,0.881,63.31,43.18,0,normal
2026-09-02 02:46:00,23.41,62.53,0.982,73.54,57.17,0,normal
2026-09-02 02:46:30,19.09,62.56,0.703,79.62,40.89,0,normal
2026-09-02 02:47:00,24.21,62.56,0.963,134.89,88.45,0,normal
2026-09-02 02:47:30,22.83,62.52,0.849,175.36,73.67,0,normal
2026-09-02 02:48:00,18.39,62.49,0.722,69.0,43.29,0,normal
2026-09-02 02:48:30,24.7,62.48,1.068,100.44,61.26,0,normal
2026-09-02 02:49:00,27.28,62.44,1.151,122.23,53.55,0,normal
2026-09-02 02:49:30,24.2,62.48,1.0,158.64,74.86,0,normal
2026-09-02 02:50:00,25.27,62.49,1.002,100.3,56.32,0,normal
2026-09-02 02:50:30,21.92,62.48,0.833,134.77,54.64,0,normal
2026-09-02 02:51:00,17.56,62.46,0.709,113.75,58.51,0,normal
2026-09-02 02:51:30,17.11,62.48,0.722,185.18,86.17,0,normal
2026-09-02 02:52:00,22.37,62.46,0.913,123.61,55.23,0,normal
2026-09-02 02:52:30,20.25,62.44,0.746,128.89,61.61,0,normal
2026-09-02 02:53:00,19.45,62.43,0.782,122.11,61.73,0,normal
2026-09-02 02:53:30,21.58,62.43,0.781,109.63,47.11,0,normal
2026-09-02 02:54:00,23.29,62.44,0.969,143.75,72.34,0,normal
2026-09-02 02:54:30,18.12,62.47,0.7,91.02,45.13,0,normal
2026-09-02 02:55:00,20.64,62.49,0.775,69.95,37.27,0,normal
2026-09-02 02:55:30,25.54,62.49,1.063,116.25,75.91,0,normal
2026-09-02 02:56:00,19.09,62.52,0.785,140.39,67.17,0,normal
2026-09-02 02:56:30,23.95,62.5,0.969,105.48,76.8,0,normal
2026-09-02 02:57:00,20.58,62.47,0.913,124.66,58.88,0,normal
2026-09-02 02:57:30,23.16,62.46,0.956,89.48,44.86,0,normal
2026-09-02 02:58:00,24.55,62.44,0.95,146.57,70.82,0,normal
2026-09-02 02:58:30,23.66,62.43,0.971,136.3,70.78,0,normal
2026-09-02 02:59:00,24.09,62.41,0.95,120.49,52.04,0,normal
2026-09-02 02:59:30,18.94,62.4,0.806,124.22,50.56,0,normal
2026-09-02 03:00:00,24.61,62.42,0.998,85.16,62.7,0,normal
2026-09-02 03:00:30,19.7,62.45,0.803,86.28,49.71,0,normal
2026-09-02 03:01:00,22.49,62.42,0.835,116.95,48.31,0,normal
2026-09-02 03:01:30,22.49,62.4,0.902,132.84,54.0,0,normal
2026-09-02 03:02:00,23.07,62.38,0.92,134.11,64.91,0,normal
2026-09-02 03:02:30,22.7,62.4,0.861,110.93,64.06,0,normal
2026-09-02 03:03:00,19.76,62.4,0.782,138.63,84.17,0,normal
2026-09-02 03:03:30,18.49,62.38,0.756,155.52,73.24,0,normal
2026-09-02 03:04:00,24.06,62.4,0.962,117.78,48.11,0,normal
2026-09-02 03:04:30,22.35,62.42,0.831,127.74,70.69,0,normal
2026-09-02 03:05:00,24.77,62.42,0.977,114.8,77.28,0,normal
2026-09-02 03:05:30,21.78,62.41,0.851,116.84,60.08,0,normal
2026-09-02 03:06:00,18.4,62.41,0.743,124.24,57.45,0,normal
2026-09-02 03:06:30,24.32,62.41,0.977,162.58,70.95,0,normal
2026-09-02 03:07:00,21.0,62.41,0.823,142.88,61.05,0,normal
2026-09-02 03:07:30,22.78,62.4,0.891,140.63,56.7,0,normal
2026-09-02 03:08:00,20.32,62.42,0.815,108.66,52.31,0,normal
2026-09-02 03:08:30,26.05,62.42,1.092,97.55,40.13,0,normal
2026-09-02 03:09:00,19.76,62.45,0.801,129.74,60.51,0,normal
2026-09-02 03:09:30,21.11,62.47,0.904,151.09,64.53,0,normal
2026-09-02 03:10:00,22.23,62.49,0.94,163.09,70.19,0,normal
2026-09-02 03:10:30,19.23,62.48,0.827,58.68,32.57,0,normal
2026-09-02 03:11:00,22.8,62.5,0.975,181.16,82.55,0,normal
2026-09-02 03:11:30,26.01,62.51,1.122,130.42,69.21,0,normal
2026-09-02 03:12:00,20.76,62.57,0.783,142.72,57.51,0,normal
2026-09-02 03:12:30,22.98,62.57,0.949,76.5,38.45,0,normal
2026-09-02 03:13:00,15.13,62.59,0.642,114.08,45.84,0,normal
2026-09-02 03:13:30,21.91,62.59,0.938,140.57,77.74,0,normal
2026-09-02 03:14:00,21.23,62.6,0.817,90.63,41.65,0,normal
2026-09-02 03:14:30,19.97,62.59,0.825,47.79,51.59,0,normal
2026-09-02 03:15:00,24.73,62.6,0.993,128.39,54.67,0,normal
2026-09-02 03:15:30,21.22,62.61,0.927,118.76,50.02,0,normal
2026-09-02 03:16:00,21.6,62.64,0.804,156.03,62.75,0,normal
2026-09-02 03:16:30,21.1,62.64,0.812,116.0,48.57,0,normal
2026-09-02 03:17:00,17.27,62.64,0.628,117.83,52.01,0,normal
2026-09-02 03:17:30,19.23,62.63,0.775,137.44,69.9,0,normal
2026-09-02 03:18:00,24.48,62.61,1.09,145.84,61.89,0,normal
2026-09-02 03:18:30,16.8,62.64,0.67,102.28,51.82,0,normal
2026-09-02 03:19:00,20.17,62.63,0.811,143.61,72.96,0,normal
2026-09-02 03:19:30,21.09,62.65,0.867,106.96,71.72,0,normal
2026-09-02 03:20:00,26.46,62.66,1.052,120.41,50.59,0,normal
2026-09-02 03:20:30,24.02,62.67,0.978,136.77,77.56,0,normal
2026-09-02 03:21:00,20.72,62.67,0.845,141.13,63.03,0,normal
2026-09-02 03:21:30,25.38,62.65,0.972,127.96,57.25,0,normal
2026-09-02 03:22:00,20.28,62.64,0.807,92.99,64.51,0,normal
2026-09-02 03:22:30,24.65,62.67,1.023,73.24,43.48,0,normal
2026-09-02 03:23:00,18.75,62.68,0.785,115.3,83.96,0,normal
2026-09-02 03:23:30,24.83,62.7,1.058,144.28,58.3,0,normal
2026-09-02 03:24:00,21.14,62.73,0.86,131.24,62.98,0,normal
2026-09-02 03:24:30,19.59,62.72,0.797,126.05,71.18,0,normal
2026-09-02 03:25:00,21.63,62.73,0.898,119.82,72.2,0,normal
2026-09-02 03:25:30,22.86,62.73,0.887,127.73,58.96,0,normal
2026-09-02 03:26:00,20.95,62.71,0.811,95.15,54.41,0,normal
2026-09-02 03:26:30,23.57,62.71,0.937,139.51,73.22,0,normal
2026-09-02 03:27:00,20.74,62.72,0.777,141.16,75.84,0,normal
2026-09-02 03:27:30,23.75,62.71,0.969,111.12,83.0,0,normal
2026-09-02 03:28:00,23.32,62.71,0.982,130.93,60.16,0,normal
2026-09-02 03:28:30,22.06,62.71,0.851,77.09,36.51,0,normal
2026-09-02 03:29:00,21.13,62.75,0.863,124.5,55.15,0,normal
2026-09-02 03:29:30,22.61,62.72,0.876,116.67,76.45,0,normal
2026-09-02 03:30:00,23.62,62.73,0.897,151.48,62.15,0,normal
2026-09-02 03:30:30,27.4,62.73,1.209,115.03,76.09,0,normal
2026-09-02 03:31:00,24.61,62.72,0.935,141.72,64.71,0,normal
2026-09-02 03:31:30,24.7,62.71,0.925,110.22,66.27,0,normal
2026-09-02 03:32:00,29.99,62.73,1.213,62.85,31.82,0,normal
2026-09-02 03:32:30,23.56,62.74,0.955,114.36,57.6,0,normal
2026-09-02 03:33:00,23.5,62.75,0.971,124.92,76.95,0,normal
2026-09-02 03:33:30,24.05,62.77,1.058,123.77,62.7,0,normal
2026-09-02 03:34:00,19.78,62.8,0.76,124.15,58.93,0,normal
2026-09-02 03:34:30,21.19,62.82,0.823,107.34,49.6,0,normal
2026-09-02 03:35:00,21.05,62.81,0.91,111.91,59.63,0,normal
2026-09-02 03:35:30,23.94,62.82,1.002,91.84,54.14,0,normal
2026-09-02 03:36:00,21.9,62.83,0.911,70.08,32.22,0,normal
2026-09-02 03:36:30,22.68,62.81,0.88,117.34,56.35,0,normal
2026-09-02 03:37:00,25.06,62.79,1.059,101.37,69.46,0,normal
2026-09-02 03:37:30,24.5,62.75,1.02,147.0,96.75,0,normal
2026-09-02 03:38:00,21.96,62.75,0.887,65.45,56.01,0,normal
2026-09-02 03:38:30,20.69,62.76,0.803,127.28,72.82,0,normal
2026-09-02 03:39:00,25.21,62.74,1.014,173.04,80.13,0,normal
2026-09-02 03:39:30,24.31,62.76,1.053,115.43,53.93,0,normal
2026-09-02 03:40:00,18.38,62.76,0.695,119.93,54.25,0,normal
2026-09-02 03:40:30,21.61,62.79,0.83,130.66,65.96,0,normal
2026-09-02 03:41:00,22.82,62.8,0.884,132.61,68.19,0,normal
2026-09-02 03:41:30,24.35,62.78,0.954,109.79,66.05,0,normal
2026-09-02 03:42:00,24.7,62.79,0.987,94.79,38.97,0,normal
2026-09-02 03:42:30,23.13,62.81,0.97,136.32,71.65,0,normal
2026-09-02 03:43:00,23.9,62.8,0.978,72.3,43.39,0,normal
2026-09-02 03:43:30,22.6,62.77,0.907,140.81,65.28,0,normal
2026-09-02 03:44:00,20.77,62.78,0.842,110.21,74.06,0,normal
2026-09-02 03:44:30,21.8,62.76,0.899,120.08,65.36,0,normal
2026-09-02 03:45:00,22.51,62.78,0.825,106.86,50.78,0,normal
2026-09-02 03:45:30,22.38,62.77,0.943,155.77,66.02,0,normal
2026-09-02 03:46:00,17.77,62.81,0.681,126.23,53.41,0,normal
2026-09-02 03:46:30,21.49,62.77,0.84,111.96,63.51,0,normal
2026-09-02 03:47:00,22.64,62.78,0.921,111.25,48.37,0,normal
2026-09-02 03:47:30,21.79,62.8,0.868,116.3,53.83,0,normal
2026-09-02 03:48:00,21.9,62.79,0.897,179.92,91.17,0,normal
2026-09-02 03:48:30,23.73,62.79,0.956,87.07,49.76,0,normal
2026-09-02 03:49:00,19.83,62.78,0.782,147.07,62.47,0,normal
2026-09-02 03:49:30,18.46,62.77,0.795,134.2,58.47,0,normal
2026-09-02 03:50:00,21.67,62.78,0.898,158.5,71.02,0,normal
2026-09-02 03:50:30,24.45,62.75,0.993,135.73,72.14,0,normal
2026-09-02 03:51:00,26.78,62.75,1.108,120.08,81.38,0,normal
2026-09-02 03:51:30,24.51,62.76,0.946,145.5,66.79,0,normal
2026-09-02 03:52:00,18.9,62.76,0.838,125.74,55.14,0,normal
2026-09-02 03:52:30,21.99,62.74,0.832,138.87,78.74,0,normal
2026-09-02 03:53:00,23.23,62.77,0.935,155.71,73.85,0,normal
2026-09-02 03:53:30,23.03,62.78,0.908,122.31,67.43,0,normal
2026-09-02 03:54:00,23.95,62.76,0.943,109.39,69.3,0,normal
2026-09-02 03:54:30,20.31,62.74,0.794,103.9,68.88,0,normal
2026-09-02 03:55:00,22.78,62.72,0.876,131.26,61.46,0,normal
2026-09-02 03:55:30,23.67,62.73,1.003,98.05,41.29,0,normal
2026-09-02 03:56:00,24.7,62.74,0.929,111.25,47.72,0,normal
2026-09-02 03:56:30,20.62,62.76,0.865,95.81,39.39,0,normal
2026-09-02 03:57:00,21.79,62.75,0.9,132.71,59.72,0,normal
2026-09-02 03:57:30,15.89,62.74,0.624,101.2,42.2,0,normal
2026-09-02 03:58:00,21.11,62.76,0.867,87.83,50.19,0,normal
2026-09-02 03:58:30,21.36,62.75,0.848,92.23,51.02,0,normal
2026-09-02 03:59:00,20.14,62.75,0.761,105.72,65.62,0,normal
2026-09-02 03:59:30,23.1,62.72,0.874,107.99,49.96,0,normal
2026-09-02 04:00:00,22.56,62.72,0.932,126.29,62.21,0,normal
2026-09-02 04:00:30,17.05,62.74,0.703,115.96,52.29,0,normal
2026-09-02 04:01:00,23.25,62.72,0.941,129.26,58.63,0,normal
2026-09-02 04:01:30,20.4,62.74,0.8,131.27,79.09,0,normal
2026-09-02 04:02:00,23.95,62.7,0.949,138.51,63.2,0,normal
2026-09-02 04:02:30,19.53,62.69,0.768,72.3,61.8,0,normal
2026-09-02 04:03:00,22.82,62.69,0.833,91.82,47.26,0,normal
2026-09-02 04:03:30,22.04,62.72,0.884,133.87,63.61,0,normal
2026-09-02 04:04:00,23.52,62.7,0.965,125.29,55.12,0,normal
2026-09-02 04:04:30,23.08,62.72,0.926,144.42,70.22,0,normal
2026-09-02 04:05:00,22.14,62.74,0.964,81.4,41.19,0,normal
2026-09-02 04:05:30,18.94,62.73,0.72,108.12,63.29,0,normal
2026-09-02 04:06:00,19.1,62.72,0.739,112.59,76.51,0,normal
2026-09-02 04:06:30,21.34,62.73,0.859,124.16,64.04,0,normal
2026-09-02 04:07:00,22.79,62.7,0.923,120.9,64.21,0,normal
2026-09-02 04:07:30,21.29,62.69,0.771,131.73,59.12,0,normal
2026-09-02 04:08:00,24.39,62.72,1.005,117.13,73.49,0,normal
2026-09-02 04:08:30,22.13,62.73,0.896,154.31,74.32,0,normal
2026-09-02 04:09:00,20.43,62.73,0.731,162.28,111.11,0,normal
2026-09-02 04:09:30,22.15,62.73,0.881,92.05,42.12,0,normal
2026-09-02 04:10:00,23.43,62.75,0.899,121.13,65.2,0,normal
2026-09-02 04:10:30,23.67,62.76,0.925,139.95,58.68,0,normal
2026-09-02 04:11:00,27.57,62.76,1.029,134.63,93.09,0,normal
2026-09-02 04:11:30,21.2,62.79,0.866,109.8,68.37,0,normal
2026-09-02 04:12:00,22.71,62.82,0.988,126.37,62.7,0,normal
2026-09-02 04:12:30,23.96,62.83,0.971,80.41,47.71,0,normal
2026-09-02 04:13:00,22.85,62.82,0.815,119.52,67.82,0,normal
2026-09-02 04:13:30,21.66,62.8,0.879,83.49,48.9,0,normal
2026-09-02 04:14:00,19.05,62.79,0.755,132.7,68.65,0,normal
2026-09-02 04:14:30,21.65,62.8,0.818,92.1,78.37,0,normal
2026-09-02 04:15:00,20.26,62.76,0.825,124.08,60.43,0,normal
2026-09-02 04:15:30,18.63,62.77,0.778,127.98,69.64,0,normal
2026-09-02 04:16:00,20.97,62.8,0.811,121.9,65.45,0,normal
2026-09-02 04:16:30,20.34,62.81,0.747,104.2,50.61,0,normal
2026-09-02 04:17:00,24.43,62.8,0.879,114.74,50.89,0,normal
2026-09-02 04:17:30,24.48,62.79,0.947,149.53,74.99,0,normal
2026-09-02 04:18:00,20.73,62.8,0.823,109.38,63.72,0,normal
2026-09-02 04:18:30,22.34,62.8,0.871,120.54,65.17,0,normal
2026-09-02 04:19:00,18.36,62.81,0.709,106.08,53.56,0,normal
2026-09-02 04:19:30,21.77,62.82,0.896,145.51,76.02,0,normal
2026-09-02 04:20:00,24.02,62.85,0.983,121.95,56.87,0,normal
2026-09-02 04:20:30,25.09,62.82,1.014,100.9,51.77,0,normal
2026-09-02 04:21:00,21.26,62.83,0.885,120.18,51.33,0,normal
2026-09-02 04:21:30,25.67,62.82,0.993,113.97,59.65,0,normal
2026-09-02 04:22:00,19.27,62.83,0.729,154.81,65.21,0,normal
2026-09-02 04:22:30,19.94,62.84,0.777,118.88,62.03,0,normal
2026-09-02 04:23:00,24.85,62.87,0.965,85.43,47.37,0,normal
2026-09-02 04:23:30,27.25,62.89,0.978,132.47,62.0,0,normal
2026-09-02 04:24:00,24.33,62.91,0.946,164.65,76.15,0,normal
2026-09-02 04:24:30,22.99,62.9,0.97,149.92,65.31,0,normal
2026-09-02 04:25:00,17.62,62.9,0.733,92.43,62.25,0,normal
2026-09-02 04:25:30,18.05,62.87,0.741,113.28,63.59,0,normal
2026-09-02 04:26:00,23.45,62.9,0.944,119.23,55.19,0,normal
2026-09-02 04:26:30,22.23,62.89,0.954,119.54,79.52,0,normal
2026-09-02 04:27:00,20.38,62.91,0.772,129.52,54.64,0,normal
2026-09-02 04:27:30,23.31,62.92,0.887,111.4,47.32,0,normal
2026-09-02 04:28:00,23.45,62.9,0.991,97.11,45.96,0,normal
2026-09-02 04:28:30,25.52,62.88,1.022,143.8,62.12,0,normal
2026-09-02 04:29:00,23.52,62.92,0.909,91.91,89.53,0,normal
2026-09-02 04:29:30,26.25,62.92,1.079,99.95,45.88,0,normal
2026-09-02 04:30:00,23.21,62.91,0.908,91.76,56.47,0,normal
2026-09-02 04:30:30,22.9,62.91,0.878,135.31,56.4,0,normal
2026-09-02 04:31:00,25.87,62.94,0.99,122.66,67.52,0,normal
2026-09-02 04:31:30,20.76,62.96,0.844,142.09,86.8,0,normal
2026-09-02 04:32:00,30.26,62.93,1.223,100.37,70.02,0,normal
2026-09-02 04:32:30,24.16,62.96,1.04,88.67,41.21,0,normal
2026-09-02 04:33:00,24.2,62.99,0.954,108.9,48.35,0,normal
2026-09-02 04:33:30,24.56,62.98,0.967,115.44,60.55,0,normal
2026-09-02 04:34:00,27.95,62.96,1.199,125.23,53.15,0,normal
2026-09-02 04:34:30,25.24,62.98,1.059,77.94,48.96,0,normal
2026-09-02 04:35:00,19.27,63.0,0.776,131.97,90.1,0,normal
2026-09-02 04:35:30,26.79,62.97,0.988,97.64,67.16,0,normal
2026-09-02 04:36:00,22.44,62.97,0.861,103.81,45.64,0,normal
2026-09-02 04:36:30,23.56,63.03,0.893,149.34,70.04,0,normal
2026-09-02 04:37:00,20.11,63.03,0.806,65.42,34.69,0,normal
2026-09-02 04:37:30,24.63,63.02,0.96,128.06,74.15,0,normal
2026-09-02 04:38:00,21.7,63.0,0.938,127.97,59.51,0,normal
2026-09-02 04:38:30,23.58,63.04,0.869,99.53,50.23,0,normal
2026-09-02 04:39:00,22.64,63.06,0.853,108.82,49.39,0,normal
2026-09-02 04:39:30,28.16,63.09,1.14,150.53,80.19,0,normal
2026-09-02 04:40:00,28.32,63.1,1.162,169.07,82.47,0,normal
2026-09-02 04:40:30,23.48,63.12,0.818,146.62,76.33,0,normal
2026-09-02 04:41:00,23.54,63.11,0.86,167.15,78.37,0,normal
2026-09-02 04:41:30,22.45,63.11,0.886,102.72,42.46,0,normal
2026-09-02 04:42:00,26.16,63.12,1.117,80.5,34.3,0,normal
2026-09-02 04:42:30,22.58,63.15,0.988,118.68,55.1,0,normal
2026-09-02 04:43:00,22.36,63.16,0.876,140.12,86.75,0,normal
2026-09-02 04:43:30,25.86,63.15,1.026,73.63,34.91,0,normal
2026-09-02 04:44:00,22.09,63.15,0.847,96.84,44.48,0,normal
2026-09-02 04:44:30,23.34,63.12,0.963,99.62,43.29,0,normal
2026-09-02 04:45:00,19.5,63.08,0.839,128.91,66.77,0,normal
2026-09-02 04:45:30,25.21,63.09,1.072,125.69,77.15,0,normal
2026-09-02 04:46:00,28.32,63.09,1.131,100.62,43.1,0,normal
2026-09-02 04:46:30,25.27,63.08,0.968,124.5,58.75,0,normal
2026-09-02 04:47:00,27.14,63.11,1.086,91.38,37.36,0,normal
2026-09-02 04:47:30,21.37,63.13,0.914,109.34,45.6,0,normal
2026-09-02 04:48:00,24.09,63.15,0.944,88.38,49.59,0,normal
2026-09-02 04:48:30,21.14,63.19,0.769,116.24,51.28,0,normal
2026-09-02 04:49:00,22.95,63.2,0.901,99.99,43.41,0,normal
2026-09-02 04:49:30,25.45,63.21,1.004,137.26,63.22,0,normal
2026-09-02 04:50:00,23.79,63.22,0.865,119.35,53.64,0,normal
2026-09-02 04:50:30,20.01,63.19,0.81,114.33,52.64,0,normal
2026-09-02 04:51:00,20.27,63.21,0.831,164.2,86.92,0,normal
2026-09-02 04:51:30,20.1,63.16,0.879,129.58,61.57,0,normal
2026-09-02 04:52:00,24.8,63.16,0.926,110.8,52.52,0,normal
2026-09-02 04:52:30,28.73,63.16,1.191,105.41,69.25,0,normal
2026-09-02 04:53:00,27.0,63.14,1.132,90.47,52.81,0,normal
2026-09-02 04:53:30,18.85,63.14,0.774,118.35,52.88,0,normal
2026-09-02 04:54:00,27.16,63.18,1.032,127.69,53.44,0,normal
2026-09-02 04:54:30,25.95,63.2,0.983,72.14,48.61,0,normal
2026-09-02 04:55:00,19.76,63.19,0.794,85.9,66.51,0,normal
2026-09-02 04:55:30,22.87,63.18,0.919,107.1,80.95,0,normal
2026-09-02 04:56:00,26.38,63.16,1.026,92.55,60.21,0,normal
2026-09-02 04:56:30,25.02,63.17,1.065,121.08,55.95,0,normal
2026-09-02 04:57:00,20.39,63.17,0.799,124.55,79.58,0,normal
2026-09-02 04:57:30,25.19,63.13,0.912,116.94,78.43,0,normal
2026-09-02 04:58:00,18.33,63.14,0.725,133.75,62.49,0,normal
2026-09-02 04:58:30,23.12,63.15,0.947,105.38,78.54,0,normal
2026-09-02 04:59:00,26.54,63.17,1.08,118.85,55.03,0,normal
2026-09-02 04:59:30,23.74,63.17,0.966,94.92,46.9,0,normal
2026-09-02 05:00:00,22.47,63.16,0.966,127.12,77.79,0,normal
2026-09-02 05:00:30,25.94,63.2,0.98,121.9,56.09,0,normal
2026-09-02 05:01:00,26.17,63.21,1.025,90.04,76.61,0,normal
2026-09-02 05:01:30,27.01,63.22,1.164,116.12,69.48,0,normal
2026-09-02 05:02:00,25.93,63.22,0.935,119.05,56.28,0,normal
2026-09-02 05:02:30,26.45,63.23,1.055,127.03,85.57,0,normal
2026-09-02 05:03:00,25.6,63.21,1.087,127.95,57.61,0,normal
2026-09-02 05:03:30,24.43,63.2,1.037,101.97,48.55,0,normal
2026-09-02 05:04:00,24.01,63.18,0.992,139.09,61.93,0,normal
2026-09-02 05:04:30,23.19,63.16,0.959,133.08,67.0,0,normal
2026-09-02 05:05:00,20.77,63.19,0.788,101.89,50.95,0,normal
2026-09-02 05:05:30,21.41,63.18,0.915,91.43,42.39,0,normal
2026-09-02 05:06:00,23.11,63.2,0.869,103.8,47.92,0,normal
2026-09-02 05:06:30,24.42,63.23,0.921,83.21,45.97,0,normal
2026-09-02 05:07:00,27.44,63.23,1.119,125.2,83.61,0,normal
2026-09-02 05:07:30,23.73,63.25,0.926,149.59,65.25,0,normal
2026-09-02 05:08:00,26.36,63.27,1.065,155.54,71.18,0,normal
2026-09-02 05:08:30,26.55,63.27,1.085,92.77,40.63,0,normal
2026-09-02 05:09:00,23.29,63.29,1.015,139.67,63.44,0,normal
2026-09-02 05:09:30,25.36,63.33,1.036,122.11,71.45,0,normal
2026-09-02 05:10:00,23.28,63.32,0.902,60.1,44.86,0,normal
2026-09-02 05:10:30,27.2,63.3,1.125,111.69,51.38,0,normal
2026-09-02 05:11:00,25.5,63.28,0.978,108.91,46.0,0,normal
2026-09-02 05:11:30,20.93,63.3,0.876,150.27,73.32,0,normal
2026-09-02 05:12:00,24.33,63.33,0.976,98.23,59.61,0,normal
2026-09-02 05:12:30,28.05,63.32,1.144,134.08,67.34,0,normal
2026-09-02 05:13:00,23.49,63.28,0.856,117.32,63.93,0,normal
2026-09-02 05:13:30,25.06,63.27,0.89,83.85,38.59,0,normal
2026-09-02 05:14:00,25.33,63.28,0.937,106.2,60.52,0,normal
2026-09-02 05:14:30,21.37,63.28,0.929,158.29,94.27,0,normal
2026-09-02 05:15:00,25.26,63.29,0.952,115.67,59.88,0,normal
2026-09-02 05:15:30,20.5,63.28,0.85,142.65,64.93,0,normal
2026-09-02 05:16:00,22.43,63.3,0.869,141.28,81.43,0,normal
2026-09-02 05:16:30,26.69,63.31,1.055,108.79,55.39,0,normal
2026-09-02 05:17:00,24.91,63.32,0.994,87.91,38.04,0,normal
2026-09-02 05:17:30,23.26,63.33,1.007,91.2,39.87,0,normal
2026-09-02 05:18:00,25.15,63.34,1.035,156.29,74.06,0,normal
2026-09-02 05:18:30,23.88,63.35,0.974,123.79,61.86,0,normal
2026-09-02 05:19:00,24.08,63.34,1.026,76.65,36.59,0,normal
2026-09-02 05:19:30,25.69,63.34,0.995,140.85,75.95,0,normal
2026-09-02 05:20:00,22.25,63.36,0.938,75.33,42.53,0,normal
2026-09-02 05:20:30,24.17,63.39,1.01,99.35,43.95,0,normal
2026-09-02 05:21:00,23.31,63.4,0.974,122.03,55.11,0,normal
2026-09-02 05:21:30,20.12,63.38,0.799,183.01,98.12,0,normal
2026-09-02 05:22:00,21.81,63.37,0.853,140.4,59.81,0,normal
2026-09-02 05:22:30,28.03,63.36,1.072,107.94,63.84,0,normal
2026-09-02 05:23:00,25.09,63.37,0.963,120.71,60.01,0,normal
2026-09-02 05:23:30,20.82,63.36,0.794,142.99,70.76,0,normal
2026-09-02 05:24:00,20.29,63.35,0.827,155.55,65.23,0,normal
2026-09-02 05:24:30,23.86,63.32,0.944,113.81,71.95,0,normal
2026-09-02 05:25:00,28.06,63.29,1.147,114.53,48.31,0,normal
2026-09-02 05:25:30,23.69,63.22,0.971,99.25,55.45,0,normal
2026-09-02 05:26:00,27.45,63.22,1.04,136.63,68.27,0,normal
2026-09-02 05:26:30,25.06,63.27,0.948,145.65,60.27,0,normal
2026-09-02 05:27:00,25.38,63.31,1.003,71.53,49.25,0,normal
2026-09-02 05:27:30,20.86,63.29,0.802,110.08,46.99,0,normal
2026-09-02 05:28:00,26.56,63.3,1.016,89.66,44.99,0,normal
2026-09-02 05:28:30,23.38,63.27,1.014,123.77,59.65,0,normal
2026-09-02 05:29:00,26.39,63.25,0.975,89.05,39.09,0,normal
2026-09-02 05:29:30,22.2,63.22,0.978,87.0,57.65,0,normal
2026-09-02 05:30:00,24.69,63.22,1.002,148.09,74.25,0,normal
2026-09-02 05:30:30,25.13,63.22,1.055,115.86,63.02,0,normal
2026-09-02 05:31:00,23.88,63.23,0.997,118.5,52.75,0,normal
2026-09-02 05:31:30,25.28,63.24,1.042,130.79,65.54,0,normal
2026-09-02 05:32:00,23.62,63.24,1.023,144.27,70.13,0,normal
2026-09-02 05:32:30,22.67,63.24,0.858,109.54,47.28,0,normal
2026-09-02 05:33:00,28.32,63.22,1.124,110.09,52.17,0,normal
2026-09-02 05:33:30,26.93,63.2,1.031,110.2,45.6,0,normal
2026-09-02 05:34:00,22.42,63.17,0.821,147.04,77.5,0,normal
2026-09-02 05:34:30,25.75,63.18,0.996,118.3,61.32,0,normal
2026-09-02 05:35:00,22.49,63.18,0.984,112.72,77.21,0,normal
2026-09-02 05:35:30,21.38,63.14,0.848,129.77,64.11,0,normal
2026-09-02 05:36:00,26.95,63.15,1.185,165.78,100.15,0,normal
2026-09-02 05:36:30,20.1,63.12,0.888,121.86,55.52,0,normal
2026-09-02 05:37:00,26.7,63.16,1.228,113.26,57.46,0,normal
2026-09-02 05:37:30,23.75,63.15,1.04,168.57,73.38,0,normal
2026-09-02 05:38:00,23.87,63.16,1.067,153.25,64.74,0,normal
2026-09-02 05:38:30,25.42,63.19,1.033,149.62,70.15,0,normal
2026-09-02 05:39:00,25.87,63.17,1.047,107.48,45.97,0,normal
2026-09-02 05:39:30,22.35,63.17,0.907,105.0,46.85,0,normal
2026-09-02 05:40:00,26.23,63.19,1.049,74.15,47.91,0,normal
2026-09-02 05:40:30,24.72,63.19,0.996,144.12,92.93,0,normal
2026-09-02 05:41:00,21.31,63.2,0.885,121.92,70.36,0,normal
2026-09-02 05:41:30,24.03,63.17,0.939,74.98,43.42,0,normal
2026-09-02 05:42:00,27.92,63.19,1.04,150.05,87.53,0,normal
2026-09-02 05:42:30,28.66,63.18,1.167,111.57,53.39,0,normal
2026-09-02 05:43:00,26.28,63.19,1.015,114.65,56.16,0,normal
2026-09-02 05:43:30,21.51,63.21,0.835,82.18,48.66,0,normal
2026-09-02 05:44:00,25.73,63.23,1.022,132.3,56.14,0,normal
2026-09-02 05:44:30,26.63,63.23,1.046,132.54,58.11,0,normal
2026-09-02 05:45:00,26.34,63.25,1.112,118.8,54.93,0,normal
2026-09-02 05:45:30,26.49,63.27,1.051,109.54,61.18,0,normal
2026-09-02 05:46:00,25.45,63.3,1.077,185.66,90.33,0,normal
2026-09-02 05:46:30,24.36,63.3,0.985,89.92,55.42,0,normal
2026-09-02 05:47:00,23.04,63.31,0.918,101.96,60.46,0,normal
2026-09-02 05:47:30,19.82,63.32,0.799,137.71,81.4,0,normal
2026-09-02 05:48:00,25.43,63.32,0.951,94.64,49.32,0,normal
2026-09-02 05:48:30,25.05,63.29,1.019,92.79,49.77,0,normal
2026-09-02 05:49:00,25.99,63.31,1.084,148.29,68.61,0,normal
2026-09-02 05:49:30,21.25,63.3,0.892,135.13,64.49,0,normal
2026-09-02 05:50:00,26.23,63.28,0.978,132.1,55.89,0,normal
2026-09-02 05:50:30,29.75,63.29,1.1,124.55,56.87,0,normal
2026-09-02 05:51:00,24.83,63.32,0.967,102.7,60.21,0,normal
2026-09-02 05:51:30,24.48,63.29,1.047,113.68,56.53,0,normal
2026-09-02 05:52:00,25.43,63.32,1.028,118.02,50.03,0,normal
2026-09-02 05:52:30,29.73,63.27,1.143,141.16,84.01,0,normal
2026-09-02 05:53:00,22.11,63.26,0.82,130.65,74.31,0,normal
2026-09-02 05:53:30,25.18,63.3,0.973,96.8,47.08,0,normal
2026-09-02 05:54:00,22.69,63.3,0.874,139.74,73.42,0,normal
2026-09-02 05:54:30,23.32,63.3,0.977,78.04,40.33,0,normal
2026-09-02 05:55:00,24.58,63.32,1.033,111.99,59.94,0,normal
2026-09-02 05:55:30,28.08,63.28,1.064,91.45,57.84,0,normal
2026-09-02 05:56:00,29.23,63.29,1.213,98.57,45.78,0,normal
2026-09-02 05:56:30,25.85,63.29,1.068,168.16,74.16,0,normal
2026-09-02 05:57:00,23.8,63.33,0.896,83.23,68.69,0,normal
2026-09-02 05:57:30,30.98,63.31,1.234,99.52,53.51,0,normal
2026-09-02 05:58:00,23.69,63.3,0.964,132.76,55.54,0,normal
2026-09-02 05:58:30,23.34,63.29,0.941,108.25,49.3,0,normal
2026-09-02 05:59:00,20.34,63.27,0.744,123.89,52.34,0,normal
2026-09-02 05:59:30,28.27,63.29,1.138,155.74,75.26,0,normal
2026-09-02 06:00:00,27.22,63.3,1.123,136.37,69.57,0,normal
2026-09-02 06:00:30,30.84,63.29,1.331,108.28,65.52,0,normal
2026-09-02 06:01:00,21.34,63.28,0.825,116.66,68.41,0,normal
2026-09-02 06:01:30,28.46,63.27,1.107,133.27,58.53,0,normal
2026-09-02 06:02:00,25.01,63.26,0.99,135.87,68.92,0,normal
2026-09-02 06:02:30,26.85,63.24,1.09,120.52,50.8,0,normal
2026-09-02 06:03:00,20.74,63.24,0.833,129.02,68.53,0,normal
2026-09-02 06:03:30,28.53,63.23,1.175,129.04,79.41,0,normal
2026-09-02 06:04:00,26.84,63.22,1.013,117.69,51.55,0,normal
2026-09-02 06:04:30,24.78,63.22,1.011,104.87,65.27,0,normal
2026-09-02 06:05:00,26.5,63.23,1.021,138.56,61.91,0,normal
2026-09-02 06:05:30,22.98,63.22,0.913,127.29,74.66,0,normal
2026-09-02 06:06:00,23.46,63.22,1.019,67.98,30.75,0,normal
2026-09-02 06:06:30,23.75,63.26,0.884,99.35,47.79,0,normal
2026-09-02 06:07:00,20.3,63.31,0.801,107.98,56.21,0,normal
2026-09-02 06:07:30,27.08,63.29,1.014,114.97,66.34,0,normal
2026-09-02 06:08:00,27.93,63.27,1.126,150.1,62.73,0,normal
2026-09-02 06:08:30,23.19,63.25,0.976,200.06,96.8,0,normal
2026-09-02 06:09:00,25.84,63.28,1.042,58.53,45.14,0,normal
2026-09-02 06:09:30,24.3,63.27,0.966,127.61,67.04,0,normal
2026-09-02 06:10:00,25.8,63.28,1.101,121.74,72.3,0,normal
2026-09-02 06:10:30,23.41,63.32,0.952,115.49,48.72,0,normal
2026-09-02 06:11:00,22.79,63.32,0.949,133.57,70.4,0,normal
2026-09-02 06:11:30,27.63,63.34,1.145,123.74,56.1,0,normal
2026-09-02 06:12:00,24.86,63.35,0.851,110.96,47.38,0,normal
2026-09-02 06:12:30,30.08,63.34,1.198,120.73,71.48,0,normal
2026-09-02 06:13:00,25.15,63.37,0.952,133.91,72.41,0,normal
2026-09-02 06:13:30,22.72,63.35,0.871,131.54,79.46,0,normal
2026-09-02 06:14:00,28.12,63.38,1.208,124.72,56.24,0,normal
2026-09-02 06:14:30,26.63,63.37,1.045,105.41,66.23,0,normal
2026-09-02 06:15:00,26.89,63.36,1.177,190.48,85.79,0,normal
2026-09-02 06:15:30,28.05,63.34,1.043,128.99,65.89,0,normal
2026-09-02 06:16:00,23.46,63.33,0.888,139.06,83.33,0,normal
2026-09-02 06:16:30,24.77,63.32,1.029,107.3,59.34,0,normal
2026-09-02 06:17:00,24.68,63.27,0.97,124.74,58.27,0,normal
2026-09-02 06:17:30,21.88,63.27,0.889,124.54,58.14,0,normal
2026-09-02 06:18:00,24.47,63.26,0.973,72.2,42.06,0,normal
2026-09-02 06:18:30,28.47,63.28,1.131,102.08,59.56,0,normal
2026-09-02 06:19:00,25.74,63.29,1.014,101.62,45.14,0,normal
2026-09-02 06:19:30,21.78,63.28,0.879,104.99,46.38,0,normal
2026-09-02 06:20:00,21.28,63.27,0.878,93.25,48.0,0,normal
2026-09-02 06:20:30,29.33,63.27,1.268,121.1,56.74,0,normal
2026-09-02 06:21:00,24.96,63.3,0.988,154.93,73.04,0,normal
2026-09-02 06:21:30,23.57,63.29,0.924,123.26,72.79,0,normal
2026-09-02 06:22:00,24.52,63.28,0.955,90.47,39.05,0,normal
2026-09-02 06:22:30,21.51,63.25,0.924,94.23,53.75,0,normal
2026-09-02 06:23:00,28.78,63.23,1.191,110.57,47.54,0,normal
2026-09-02 06:23:30,24.24,63.23,0.877,84.61,51.21,0,normal
2026-09-02 06:24:00,28.66,63.24,1.035,127.61,73.52,0,normal
2026-09-02 06:24:30,25.37,63.27,0.973,153.83,77.93,0,normal
2026-09-02 06:25:00,28.83,63.29,1.167,105.6,52.27,0,normal
2026-09-02 06:25:30,25.9,63.34,1.034,121.9,51.56,0,normal
2026-09-02 06:26:00,27.41,63.34,1.125,109.28,50.94,0,normal
2026-09-02 06:26:30,27.07,63.34,1.073,104.26,50.7,0,normal
2026-09-02 06:27:00,26.85,63.32,1.149,124.74,59.79,0,normal
2026-09-02 06:27:30,26.16,63.33,1.087,103.42,51.76,0,normal
2026-09-02 06:28:00,24.73,63.34,0.993,99.79,79.96,0,normal
2026-09-02 06:28:30,30.1,63.35,1.273,79.52,37.38,0,normal
2026-09-02 06:29:00,23.06,63.33,0.846,121.61,66.99,0,normal
2026-09-02 06:29:30,25.34,63.34,1.009,146.68,74.5,0,normal
2026-09-02 06:30:00,25.39,63.35,1.022,137.68,83.23,0,normal
2026-09-02 06:30:30,26.35,63.35,1.086,157.3,71.61,0,normal
2026-09-02 06:31:00,24.29,63.34,0.888,103.14,44.03,0,normal
2026-09-02 06:31:30,26.15,63.36,1.033,141.27,86.72,0,normal
2026-09-02 06:32:00,24.96,63.41,1.018,92.43,55.51,0,normal
2026-09-02 06:32:30,21.43,63.39,0.878,137.73,77.75,0,normal
2026-09-02 06:33:00,25.43,63.4,1.077,161.1,85.38,0,normal
2026-09-02 06:33:30,22.65,63.35,0.941,132.46,73.18,0,normal
2026-09-02 06:34:00,21.08,63.36,0.841,161.55,87.84,0,normal
2026-09-02 06:34:30,25.76,63.33,1.065,105.03,53.55,0,normal
2026-09-02 06:35:00,26.66,63.32,1.056,116.64,53.27,0,normal
2026-09-02 06:35:30,26.76,63.29,1.078,97.11,60.8,0,normal
2026-09-02 06:36:00,26.87,63.29,1.118,120.87,54.47,0,normal
2026-09-02 06:36:30,20.63,63.31,0.823,126.74,67.17,0,normal
2026-09-02 06:37:00,22.07,63.28,0.899,120.65,69.22,0,normal
2026-09-02 06:37:30,30.41,63.27,1.275,108.15,49.77,0,normal
2026-09-02 06:38:00,22.88,63.26,0.948,107.73,45.68,0,normal
2026-09-02 06:38:30,27.02,63.3,1.147,128.63,70.69,0,normal
2026-09-02 06:39:00,23.79,63.31,1.063,116.02,53.24,0,normal
2026-09-02 06:39:30,25.71,63.29,1.065,91.2,67.22,0,normal
2026-09-02 06:40:00,23.95,63.28,0.936,72.57,41.83,0,normal
2026-09-02 06:40:30,26.93,63.31,1.105,105.11,59.83,0,normal
2026-09-02 06:41:00,25.89,63.33,1.06,85.44,60.38,0,normal
2026-09-02 06:41:30,24.43,63.31,1.007,99.11,47.49,0,normal
2026-09-02 06:42:00,22.94,63.31,0.986,109.42,58.45,0,normal
2026-09-02 06:42:30,26.23,63.31,0.961,116.35,56.27,0,normal
2026-09-02 06:43:00,22.55,63.3,0.97,103.35,49.75,0,normal
2026-09-02 06:43:30,26.65,63.26,1.165,174.78,103.46,0,normal
2026-09-02 06:44:00,32.17,63.26,1.323,88.47,53.81,0,normal
2026-09-02 06:44:30,28.98,63.28,1.193,150.23,97.0,0,normal
2026-09-02 06:45:00,27.42,63.28,1.083,115.94,64.01,0,normal
2026-09-02 06:45:30,25.41,63.28,1.017,103.56,45.06,0,normal
2026-09-02 06:46:00,20.79,63.28,0.861,134.69,69.21,0,normal
2026-09-02 06:46:30,22.33,63.33,0.922,108.68,48.11,0,normal
2026-09-02 06:47:00,28.86,63.33,1.196,99.83,57.67,0,normal
2026-09-02 06:47:30,23.68,63.35,0.977,164.75,69.58,0,normal
2026-09-02 06:48:00,23.93,63.35,1.0,65.14,31.64,0,normal
2026-09-02 06:48:30,25.26,63.34,1.05,113.88,54.01,0,normal
2026-09-02 06:49:00,23.04,63.35,0.874,124.75,80.71,0,normal
2026-09-02 06:49:30,22.62,63.33,0.943,155.2,74.36,0,normal
2026-09-02 06:50:00,25.58,63.33,1.118,110.04,66.1,0,normal
2026-09-02 06:50:30,23.48,63.35,0.938,186.53,87.02,0,normal
2026-09-02 06:51:00,23.87,63.34,1.027,138.98,67.52,0,normal
2026-09-02 06:51:30,23.77,63.34,0.907,60.82,44.52,0,normal
2026-09-02 06:52:00,27.05,63.35,1.08,83.66,46.09,0,normal
2026-09-02 06:52:30,25.16,63.34,0.974,125.92,86.66,0,normal
2026-09-02 06:53:00,25.32,63.36,1.082,91.4,41.16,0,normal
2026-09-02 06:53:30,27.26,63.37,1.18,133.7,62.66,0,normal
2026-09-02 06:54:00,25.43,63.37,1.012,108.66,64.62,0,normal
2026-09-02 06:54:30,25.08,63.33,1.062,90.1,54.72,0,normal
2026-09-02 06:55:00,26.97,63.32,1.168,95.89,47.12,0,normal
2026-09-02 06:55:30,27.47,63.33,1.097,141.3,70.77,0,normal
2026-09-02 06:56:00,25.45,63.37,1.025,69.43,34.04,0,normal
2026-09-02 06:56:30,26.02,63.38,1.079,146.13,82.38,0,normal
2026-09-02 06:57:00,23.88,63.41,0.915,146.86,68.95,0,normal
2026-09-02 06:57:30,23.68,63.38,0.953,111.71,60.47,0,normal
2026-09-02 06:58:00,27.77,63.38,1.23,84.89,43.78,0,normal
2026-09-02 06:58:30,26.96,63.41,1.052,133.9,77.65,0,normal
2026-09-02 06:59:00,27.01,63.4,1.126,107.84,49.07,0,normal
2026-09-02 06:59:30,26.57,63.41,1.091,82.12,43.07,0,normal
2026-09-02 07:00:00,26.0,63.43,1.032,167.73,82.89,0,normal
2026-09-02 07:00:30,27.63,63.44,1.117,97.89,92.61,0,normal
2026-09-02 07:01:00,28.24,63.44,1.229,83.2,54.1,0,normal
2026-09-02 07:01:30,28.18,63.42,1.159,127.13,66.47,0,normal
2026-09-02 07:02:00,25.67,63.46,1.063,118.3,55.38,0,normal
2026-09-02 07:02:30,29.39,63.47,1.27,157.15,89.47,0,normal
2026-09-02 07:03:00,26.51,63.48,1.045,110.49,68.39,0,normal
2026-09-02 07:03:30,27.52,63.47,1.043,110.75,54.19,0,normal
2026-09-02 07:04:00,26.66,63.48,1.161,128.38,65.18,0,normal
2026-09-02 07:04:30,26.58,63.48,1.07,124.99,67.49,0,normal
2026-09-02 07:05:00,24.14,63.49,1.009,125.75,74.61,0,normal
2026-09-02 07:05:30,27.73,63.51,1.067,126.8,76.96,0,normal
2026-09-02 07:06:00,33.11,63.49,1.35,124.12,54.09,0,normal
2026-09-02 07:06:30,25.06,63.47,0.947,109.59,57.4,0,normal
2026-09-02 07:07:00,26.19,63.47,1.051,140.82,63.38,0,normal
2026-09-02 07:07:30,24.89,63.44,0.964,111.0,48.85,0,normal
2026-09-02 07:08:00,24.81,63.43,0.949,140.11,60.06,0,normal
2026-09-02 07:08:30,29.89,63.42,1.177,154.69,80.62,0,normal
2026-09-02 07:09:00,24.36,63.44,0.863,103.06,50.16,0,normal
2026-09-02 07:09:30,24.86,63.48,0.937,180.11,99.73,0,normal
2026-09-02 07:10:00,22.09,63.44,0.918,102.18,44.53,0,normal
2026-09-02 07:10:30,24.17,63.49,0.984,102.37,45.57,0,normal
2026-09-02 07:11:00,21.81,63.49,0.826,133.5,58.24,0,normal
2026-09-02 07:11:30,27.66,63.49,1.137,131.04,68.24,0,normal
2026-09-02 07:12:00,33.1,63.47,1.266,121.8,62.35,0,normal
2026-09-02 07:12:30,25.18,63.49,1.044,140.46,92.81,0,normal
2026-09-02 07:13:00,21.95,63.49,0.873,126.32,61.26,0,normal
2026-09-02 07:13:30,28.37,63.49,1.116,171.64,76.88,0,normal
2026-09-02 07:14:00,24.32,63.46,0.968,118.67,53.5,0,normal
2026-09-02 07:14:30,29.38,63.46,1.326,98.64,44.31,0,normal
2026-09-02 07:15:00,25.44,63.48,0.979,106.21,63.97,0,normal
2026-09-02 07:15:30,24.57,63.48,0.994,131.78,73.59,0,normal
2026-09-02 07:16:00,25.72,63.5,1.069,132.15,56.1,0,normal
2026-09-02 07:16:30,28.06,63.53,1.068,125.16,76.68,0,normal
2026-09-02 07:17:00,25.62,63.52,0.943,98.76,46.88,0,normal
2026-09-02 07:17:30,24.94,63.55,0.968,147.72,72.33,0,normal
2026-09-02 07:18:00,25.7,63.55,1.067,168.42,75.88,0,normal
2026-09-02 07:18:30,23.02,63.55,0.905,120.73,68.18,0,normal
2026-09-02 07:19:00,27.21,63.56,1.076,165.27,86.27,0,normal
2026-09-02 07:19:30,21.75,63.56,0.91,141.66,73.12,0,normal
2026-09-02 07:20:00,25.13,63.51,0.965,175.47,83.0,0,normal
2026-09-02 07:20:30,28.13,63.51,1.12,131.82,62.62,0,normal
2026-09-02 07:21:00,27.01,63.49,0.999,123.42,59.35,0,normal
2026-09-02 07:21:30,27.73,63.52,1.127,141.06,63.96,0,normal
2026-09-02 07:22:00,26.11,63.55,1.056,109.16,59.72,0,normal
2026-09-02 07:22:30,29.2,63.57,1.214,130.18,60.8,0,normal
2026-09-02 07:23:00,28.6,63.57,1.078,153.27,91.71,0,normal
2026-09-02 07:23:30,27.4,63.55,1.086,140.49,65.36,0,normal
2026-09-02 07:24:00,28.62,63.54,1.072,119.23,97.15,0,normal
2026-09-02 07:24:30,28.18,63.58,1.113,125.01,66.4,0,normal
2026-09-02 07:25:00,25.22,63.57,1.084,138.94,68.24,0,normal
2026-09-02 07:25:30,22.96,63.52,0.904,138.11,82.68,0,normal
2026-09-02 07:26:00,27.39,63.55,1.021,138.75,91.67,0,normal
2026-09-02 07:26:30,27.7,63.58,1.071,128.49,68.62,0,normal
2026-09-02 07:27:00,29.08,63.61,1.07,99.39,51.64,0,normal
2026-09-02 07:27:30,24.02,63.64,0.898,103.37,76.51,0,normal
2026-09-02 07:28:00,24.11,63.66,0.997,131.53,73.81,0,normal
2026-09-02 07:28:30,27.52,63.66,1.021,140.79,88.37,0,normal
2026-09-02 07:29:00,26.21,63.63,1.065,137.55,86.26,0,normal
2026-09-02 07:29:30,21.68,63.63,0.868,103.12,52.86,0,normal
2026-09-02 07:30:00,27.35,63.64,1.065,116.22,77.55,0,normal
2026-09-02 07:30:30,21.78,63.64,0.881,90.64,58.87,0,normal
2026-09-02 07:31:00,24.06,63.64,0.917,85.21,44.51,0,normal
2026-09-02 07:31:30,29.8,63.62,1.242,122.04,64.95,0,normal
2026-09-02 07:32:00,31.0,63.61,1.197,153.95,76.38,0,normal
2026-09-02 07:32:30,23.4,63.64,0.918,122.5,81.6,0,normal
2026-09-02 07:33:00,25.63,63.68,0.999,167.7,103.58,0,normal
2026-09-02 07:33:30,26.56,63.68,1.099,115.9,51.51,0,normal
2026-09-02 07:34:00,30.93,63.69,1.271,120.78,53.66,0,normal
2026-09-02 07:34:30,25.24,63.67,0.877,95.22,54.06,0,normal
2026-09-02 07:35:00,25.3,63.69,1.025,111.32,55.81,0,normal
2026-09-02 07:35:30,30.36,63.73,1.109,90.25,71.87,0,normal
2026-09-02 07:36:00,25.57,63.7,1.005,81.37,76.07,0,normal
2026-09-02 07:36:30,28.31,63.71,1.126,90.68,39.71,0,normal
2026-09-02 07:37:00,22.83,63.72,0.897,122.13,65.24,0,normal
2026-09-02 07:37:30,26.1,63.73,1.07,101.58,43.5,0,normal
2026-09-02 07:38:00,22.39,63.77,0.928,107.5,57.94,0,normal
2026-09-02 07:38:30,23.9,63.81,0.919,130.25,69.13,0,normal
2026-09-02 07:39:00,28.66,63.81,1.1,81.28,55.42,0,normal
2026-09-02 07:39:30,26.43,63.82,1.055,122.03,54.78,0,normal
2026-09-02 07:40:00,25.78,63.83,0.952,141.2,64.31,0,normal
2026-09-02 07:40:30,24.7,63.82,0.965,143.36,61.65,0,normal
2026-09-02 07:41:00,26.04,63.83,1.112,132.91,60.53,0,normal
2026-09-02 07:41:30,27.34,63.84,1.011,118.7,74.17,0,normal
2026-09-02 07:42:00,29.07,63.85,1.143,104.41,62.09,0,normal
2026-09-02 07:42:30,20.05,63.83,0.778,117.94,56.04,0,normal
2026-09-02 07:43:00,24.55,63.82,1.08,161.34,75.41,0,normal
2026-09-02 07:43:30,27.02,63.81,1.052,126.83,62.21,0,normal
2026-09-02 07:44:00,26.39,63.8,1.03,117.33,70.15,0,normal
2026-09-02 07:44:30,27.65,63.81,1.049,134.09,58.48,0,normal
2026-09-02 07:45:00,27.33,63.82,1.094,121.24,59.47,0,normal
2026-09-02 07:45:30,25.9,63.84,1.05,125.64,64.18,0,normal
2026-09-02 07:46:00,25.36,63.83,0.969,113.83,64.14,0,normal
2026-09-02 07:46:30,26.06,63.81,1.094,109.63,52.3,0,normal
2026-09-02 07:47:00,29.56,63.85,1.199,144.9,84.83,0,normal
2026-09-02 07:47:30,24.86,63.85,1.037,71.24,51.01,0,normal
2026-09-02 07:48:00,26.55,63.85,1.045,131.97,59.31,0,normal
2026-09-02 07:48:30,27.17,63.85,1.1,108.08,59.09,0,normal
2026-09-02 07:49:00,30.62,63.87,1.212,72.37,44.2,0,normal
2026-09-02 07:49:30,25.97,63.9,1.115,95.63,55.03,0,normal
2026-09-02 07:50:00,29.14,63.92,1.172,119.1,58.69,0,normal
2026-09-02 07:50:30,29.82,63.92,1.193,122.54,67.85,0,normal
2026-09-02 07:51:00,26.6,63.91,1.039,138.5,86.69,0,normal
2026-09-02 07:51:30,26.23,63.95,1.022,140.2,60.84,0,normal
2026-09-02 07:52:00,25.95,63.97,1.05,81.33,44.16,0,normal
2026-09-02 07:52:30,26.13,63.96,1.088,129.44,80.54,0,normal
2026-09-02 07:53:00,28.92,63.99,1.117,138.21,68.47,0,normal
2026-09-02 07:53:30,27.37,63.98,1.102,125.47,58.56,0,normal
2026-09-02 07:54:00,27.39,64.01,1.106,132.56,63.08,0,normal
2026-09-02 07:54:30,23.99,64.04,0.977,71.69,34.68,0,normal
2026-09-02 07:55:00,24.4,64.03,0.893,95.24,54.9,0,normal
2026-09-02 07:55:30,32.18,64.04,1.228,154.15,71.53,0,normal
2026-09-02 07:56:00,26.39,64.06,0.984,113.01,57.74,0,normal
2026-09-02 07:56:30,24.9,64.11,0.998,175.58,85.02,0,normal
2026-09-02 07:57:00,30.43,64.1,1.162,88.04,40.11,0,normal
2026-09-02 07:57:30,27.56,64.13,1.075,159.09,81.25,0,normal
2026-09-02 07:58:00,28.31,64.13,1.065,104.73,57.19,0,normal
2026-09-02 07:58:30,26.52,64.11,1.04,141.56,63.69,0,normal
2026-09-02 07:59:00,26.09,64.11,0.985,112.62,57.56,0,normal
2026-09-02 07:59:30,26.46,64.11,1.099,122.89,65.47,0,normal
2026-09-02 08:00:00,23.44,64.09,0.96,134.89,79.42,0,normal
2026-09-02 08:00:30,26.68,64.1,1.075,104.67,49.56,0,normal
2026-09-02 08:01:00,27.66,64.12,1.09,140.03,72.14,0,normal
2026-09-02 08:01:30,31.54,64.13,1.133,113.35,62.16,0,normal
2026-09-02 08:02:00,27.15,64.12,1.061,124.45,81.2,0,normal
2026-09-02 08:02:30,21.1,64.11,0.812,53.87,62.25,0,normal
2026-09-02 08:03:00,26.71,64.12,1.082,111.57,57.62,0,normal
2026-09-02 08:03:30,33.8,64.12,1.394,151.59,68.88,0,normal
2026-09-02 08:04:00,29.13,64.15,1.184,137.37,58.9,0,normal
2026-09-02 08:04:30,24.94,64.15,1.06,142.16,74.99,0,normal
2026-09-02 08:05:00,28.46,64.13,1.106,121.33,53.17,0,normal
2026-09-02 08:05:30,25.12,64.12,0.974,161.91,77.32,0,normal
2026-09-02 08:06:00,23.61,64.13,0.993,127.21,69.82,0,normal
2026-09-02 08:06:30,26.12,64.15,1.054,103.5,62.18,0,normal
2026-09-02 08:07:00,27.24,64.18,1.076,141.38,71.74,0,normal
2026-09-02 08:07:30,22.33,64.21,0.976,143.06,69.8,0,normal
2026-09-02 08:08:00,24.15,64.22,0.994,135.74,63.95,0,normal
2026-09-02 08:08:30,27.05,64.23,1.072,109.93,49.48,0,normal
2026-09-02 08:09:00,26.02,64.21,1.005,127.04,64.24,0,normal
2026-09-02 08:09:30,28.03,64.22,1.195,154.83,81.53,0,normal
2026-09-02 08:10:00,24.02,64.2,0.971,131.94,67.13,0,normal
2026-09-02 08:10:30,28.84,64.2,1.155,83.06,44.08,0,normal
2026-09-02 08:11:00,24.11,64.26,0.997,104.28,55.96,0,normal
2026-09-02 08:11:30,31.18,64.27,1.302,103.12,54.33,0,normal
2026-09-02 08:12:00,22.8,64.25,0.937,101.14,63.92,0,normal
2026-09-02 08:12:30,24.36,64.26,1.017,67.22,46.48,0,normal
2026-09-02 08:13:00,28.15,64.26,1.151,167.26,88.57,0,normal
2026-09-02 08:13:30,31.26,64.24,1.285,98.09,52.5,0,normal
2026-09-02 08:14:00,27.91,64.28,1.075,99.9,45.58,0,normal
2026-09-02 08:14:30,28.53,64.3,1.244,71.46,53.57,0,normal
2026-09-02 08:15:00,27.18,64.31,1.02,141.66,63.37,0,normal
2026-09-02 08:15:30,24.57,64.31,0.998,117.73,56.57,0,normal
2026-09-02 08:16:00,25.92,64.3,0.968,111.23,49.62,0,normal
2026-09-02 08:16:30,24.12,64.33,0.96,112.55,49.07,0,normal
2026-09-02 08:17:00,23.97,64.34,0.931,134.7,64.74,0,normal
2026-09-02 08:17:30,28.17,64.28,1.134,108.0,47.08,0,normal
2026-09-02 08:18:00,24.37,64.33,0.991,70.28,37.18,0,normal
2026-09-02 08:18:30,27.98,64.34,1.066,87.71,47.73,0,normal
2026-09-02 08:19:00,23.94,64.35,0.956,86.41,46.71,0,normal
2026-09-02 08:19:30,27.93,64.37,1.195,126.88,64.63,0,normal
2026-09-02 08:20:00,25.99,64.38,0.971,143.25,67.04,0,normal
2026-09-02 08:20:30,30.73,64.4,1.177,156.65,82.52,0,normal
2026-09-02 08:21:00,28.03,64.39,1.17,79.13,40.95,0,normal
2026-09-02 08:21:30,30.31,64.37,1.217,135.51,68.03,0,normal
2026-09-02 08:22:00,25.35,64.38,1.022,104.62,48.96,0,normal
2026-09-02 08:22:30,27.38,64.41,1.151,193.09,89.64,0,normal
2026-09-02 08:23:00,24.8,64.4,0.953,154.59,86.11,0,normal
2026-09-02 08:23:30,26.22,64.38,1.022,162.55,80.94,0,normal
2026-09-02 08:24:00,26.61,64.41,1.03,140.06,60.27,0,normal
2026-09-02 08:24:30,25.45,64.4,1.0,129.55,56.94,0,normal
2026-09-02 08:25:00,24.24,64.4,1.035,109.94,48.7,0,normal
2026-09-02 08:25:30,23.75,64.39,0.869,105.02,68.12,0,normal
2026-09-02 08:26:00,21.45,64.39,0.807,100.0,55.4,0,normal
2026-09-02 08:26:30,24.66,64.36,0.919,135.44,65.21,0,normal
2026-09-02 08:27:00,28.88,64.35,1.236,159.01,92.18,0,normal
2026-09-02 08:27:30,23.32,64.36,0.904,111.08,59.02,0,normal
2026-09-02 08:28:00,23.91,64.36,0.941,101.94,49.77,0,normal
2026-09-02 08:28:30,31.8,64.39,1.169,82.91,79.24,0,normal
2026-09-02 08:29:00,25.75,64.43,1.017,126.12,64.4,0,normal
2026-09-02 08:29:30,28.14,64.46,1.175,150.73,81.35,0,normal
2026-09-02 08:30:00,28.96,64.48,1.173,151.98,77.52,0,normal
2026-09-02 08:30:30,29.01,64.48,1.154,154.46,71.94,0,normal
2026-09-02 08:31:00,23.57,64.47,0.869,130.39,82.56,0,normal
2026-09-02 08:31:30,26.79,64.47,1.054,122.25,57.61,0,normal
2026-09-02 08:32:00,23.34,64.48,0.94,152.06,73.08,0,normal
2026-09-02 08:32:30,33.5,64.5,1.274,92.25,61.0,0,normal
2026-09-02 08:33:00,23.41,64.51,0.967,108.98,52.85,0,normal
2026-09-02 08:33:30,24.78,64.51,1.035,162.77,77.27,0,normal
2026-09-02 08:34:00,24.81,64.53,0.966,93.13,49.17,0,normal
2026-09-02 08:34:30,23.67,64.56,0.981,119.14,63.86,0,normal
2026-09-02 08:35:00,30.81,64.58,1.226,135.78,69.25,0,normal
2026-09-02 08:35:30,33.48,64.58,1.416,122.07,57.82,0,normal
2026-09-02 08:36:00,26.25,64.56,1.157,148.74,68.87,0,normal
2026-09-02 08:36:30,24.14,64.55,0.913,158.14,75.82,0,normal
2026-09-02 08:37:00,21.87,64.53,0.908,131.99,64.93,0,normal
2026-09-02 08:37:30,26.85,64.54,1.144,154.75,90.76,0,normal
2026-09-02 08:38:00,26.68,64.55,1.015,96.78,65.66,0,normal
2026-09-02 08:38:30,25.84,64.53,1.004,116.06,53.6,0,normal
2026-09-02 08:39:00,28.04,64.52,1.089,180.13,82.87,0,normal
2026-09-02 08:39:30,28.47,64.52,1.131,168.57,80.71,0,normal
2026-09-02 08:40:00,28.31,64.51,1.112,88.08,42.75,0,normal
2026-09-02 08:40:30,26.71,64.52,1.058,119.68,59.01,0,normal
2026-09-02 08:41:00,24.76,64.51,1.032,123.4,56.26,0,normal
2026-09-02 08:41:30,29.18,64.5,1.056,130.41,62.17,0,normal
2026-09-02 08:42:00,27.56,64.5,1.049,151.85,70.83,0,normal
2026-09-02 08:42:30,29.75,64.51,1.23,165.98,72.67,0,normal
2026-09-02 08:43:00,29.52,64.5,1.213,120.94,60.79,0,normal
2026-09-02 08:43:30,23.99,64.49,0.909,148.05,65.6,0,normal
2026-09-02 08:44:00,23.97,64.51,0.986,136.2,67.88,0,normal
2026-09-02 08:44:30,25.67,64.49,1.095,119.47,62.86,0,normal
2026-09-02 08:45:00,24.93,64.46,0.995,77.55,33.56,0,normal
2026-09-02 08:45:30,29.46,64.43,1.119,145.46,71.43,0,normal
2026-09-02 08:46:00,28.46,64.42,1.188,135.13,69.36,0,normal
2026-09-02 08:46:30,30.33,64.4,1.318,129.74,71.72,0,normal
2026-09-02 08:47:00,28.59,64.39,1.093,95.47,47.12,0,normal
2026-09-02 08:47:30,28.12,64.43,1.127,168.98,100.65,0,normal
2026-09-02 08:48:00,30.61,64.4,1.291,123.81,62.89,0,normal
2026-09-02 08:48:30,28.78,64.4,1.158,91.47,51.83,0,normal
2026-09-02 08:49:00,27.79,64.44,1.015,87.44,55.18,0,normal
2026-09-02 08:49:30,31.33,64.45,1.281,136.94,69.92,0,normal
2026-09-02 08:50:00,27.93,64.45,1.062,137.68,89.11,0,normal
2026-09-02 08:50:30,26.88,64.44,1.007,108.42,50.26,0,normal
2026-09-02 08:51:00,25.56,64.46,0.934,131.57,65.01,0,normal
2026-09-02 08:51:30,29.41,64.49,1.246,136.69,59.55,0,normal
2026-09-02 08:52:00,30.76,64.48,1.179,123.5,57.38,0,normal
2026-09-02 08:52:30,27.54,64.47,1.12,102.47,47.74,0,normal
2026-09-02 08:53:00,30.95,64.44,1.274,144.03,76.17,0,normal
2026-09-02 08:53:30,22.75,64.44,0.917,140.94,66.04,0,normal
2026-09-02 08:54:00,27.55,64.42,1.118,134.19,73.41,0,normal
2026-09-02 08:54:30,27.59,64.41,1.125,99.16,60.75,0,normal
2026-09-02 08:55:00,25.89,64.4,1.043,86.72,60.62,0,normal
2026-09-02 08:55:30,33.66,64.42,1.295,121.91,61.76,0,normal
2026-09-02 08:56:00,27.55,64.41,1.055,143.24,68.53,0,normal
2026-09-02 08:56:30,26.7,64.42,1.062,146.01,70.0,0,normal
2026-09-02 08:57:00,27.8,64.39,1.105,134.61,86.21,0,normal
2026-09-02 08:57:30,22.72,64.39,0.928,108.74,61.14,0,normal
2026-09-02 08:58:00,25.84,64.37,1.091,99.89,60.34,0,normal
2026-09-02 08:58:30,30.2,64.36,1.229,119.58,55.52,0,normal
2026-09-02 08:59:00,26.18,64.41,1.005,119.82,60.2,0,normal
2026-09-02 08:59:30,25.68,64.43,0.915,147.68,69.17,0,normal
2026-09-02 09:00:00,31.04,64.43,1.194,108.01,49.38,0,normal
2026-09-02 09:00:30,31.12,64.49,1.161,110.08,49.3,0,normal
2026-09-02 09:01:00,29.08,64.48,1.121,171.37,90.86,0,normal
2026-09-02 09:01:30,26.64,64.5,1.079,158.78,92.75,0,normal
2026-09-02 09:02:00,27.2,64.47,1.092,97.93,46.19,0,normal
2026-09-02 09:02:30,25.79,64.47,1.127,156.72,87.57,0,normal
2026-09-02 09:03:00,25.32,64.44,1.037,91.95,64.49,0,normal
2026-09-02 09:03:30,25.2,64.45,1.104,109.15,72.12,0,normal
2026-09-02 09:04:00,26.28,64.45,1.089,111.99,54.53,0,normal
2026-09-02 09:04:30,25.23,64.45,1.064,118.06,78.04,0,normal
2026-09-02 09:05:00,23.92,64.47,0.94,135.49,63.63,0,normal
2026-09-02 09:05:30,28.38,64.46,1.074,122.66,66.79,0,normal
2026-09-02 09:06:00,28.43,64.47,1.112,135.37,78.35,0,normal
2026-09-02 09:06:30,32.1,64.49,1.283,109.95,67.48,0,normal
2026-09-02 09:07:00,26.19,64.46,1.015,129.36,56.14,0,normal
2026-09-02 09:07:30,28.6,64.44,1.087,121.97,59.87,0,normal
2026-09-02 09:08:00,28.65,64.45,1.17,85.29,45.66,0,normal
2026-09-02 09:08:30,27.24,64.46,1.035,132.08,58.87,0,normal
2026-09-02 09:09:00,29.74,64.49,1.099,122.4,65.95,0,normal
2026-09-02 09:09:30,29.82,64.49,1.126,102.15,52.5,0,normal
2026-09-02 09:10:00,28.72,64.48,1.135,109.38,58.17,0,normal
2026-09-02 09:10:30,27.26,64.47,1.036,109.99,54.92,0,normal
2026-09-02 09:11:00,27.02,64.48,1.068,113.88,63.21,0,normal
2026-09-02 09:11:30,24.49,64.47,1.009,163.97,72.18,0,normal
2026-09-02 09:12:00,25.91,64.47,1.066,172.26,78.93,0,normal
2026-09-02 09:12:30,26.37,64.46,1.02,51.85,45.79,0,normal
2026-09-02 09:13:00,25.12,64.48,0.939,132.2,100.01,0,normal
2026-09-02 09:13:30,29.03,64.47,1.128,143.87,72.03,0,normal
2026-09-02 09:14:00,30.94,64.45,1.278,114.6,57.85,0,normal
2026-09-02 09:14:30,25.68,64.46,1.073,143.2,79.91,0,normal
2026-09-02 09:15:00,28.67,64.41,1.167,161.35,75.56,0,normal
2026-09-02 09:15:30,25.37,64.39,1.076,85.7,38.13,0,normal
2026-09-02 09:16:00,27.21,64.37,1.182,123.34,66.93,0,normal
2026-09-02 09:16:30,26.24,64.4,1.024,168.92,79.21,0,normal
2026-09-02 09:17:00,29.49,64.39,1.267,89.06,41.68,0,normal
2026-09-02 09:17:30,26.28,64.38,1.038,117.12,59.93,0,normal
2026-09-02 09:18:00,30.52,64.38,1.283,108.79,75.72,0,normal
2026-09-02 09:18:30,27.38,64.37,1.134,146.3,86.99,0,normal
2026-09-02 09:19:00,26.38,64.36,0.951,149.78,84.04,0,normal
2026-09-02 09:19:30,24.87,64.37,0.947,124.06,64.79,0,normal
2026-09-02 09:20:00,28.65,64.36,1.076,120.81,58.95,0,normal
2026-09-02 09:20:30,30.26,64.35,1.102,77.02,44.35,0,normal
2026-09-02 09:21:00,28.71,64.33,1.199,155.58,79.17,0,normal
2026-09-02 09:21:30,33.63,64.31,1.484,111.17,51.39,0,normal
2026-09-02 09:22:00,31.62,64.32,1.248,116.44,77.27,0,normal
2026-09-02 09:22:30,27.27,64.32,1.137,144.29,70.77,0,normal
2026-09-02 09:23:00,27.26,64.3,1.171,124.94,57.7,0,normal
2026-09-02 09:23:30,29.23,64.31,1.181,145.1,68.39,0,normal
2026-09-02 09:24:00,25.97,64.33,1.037,135.09,60.12,0,normal
2026-09-02 09:24:30,30.98,64.35,1.224,125.09,86.71,0,normal
2026-09-02 09:25:00,28.98,64.36,1.19,127.76,74.51,0,normal
2026-09-02 09:25:30,28.72,64.37,1.199,91.93,49.22,0,normal
2026-09-02 09:26:00,29.8,64.42,1.22,116.28,64.36,0,normal
2026-09-02 09:26:30,32.39,64.41,1.323,147.1,65.57,0,normal
2026-09-02 09:27:00,28.53,64.39,1.138,97.53,60.82,0,normal
2026-09-02 09:27:30,27.82,64.36,1.024,102.12,55.19,0,normal
2026-09-02 09:28:00,31.88,64.4,1.332,98.01,42.69,0,normal
2026-09-02 09:28:30,30.53,64.43,1.143,123.83,67.72,0,normal
2026-09-02 09:29:00,27.32,64.42,1.127,155.06,84.31,0,normal
2026-09-02 09:29:30,28.13,64.4,1.168,133.68,69.17,0,normal
2026-09-02 09:30:00,28.62,64.4,1.08,65.58,33.13,0,normal
2026-09-02 09:30:30,29.04,64.42,1.126,136.22,80.64,0,normal
2026-09-02 09:31:00,24.75,64.4,1.095,108.95,48.25,0,normal
2026-09-02 09:31:30,24.29,64.36,0.968,132.73,72.05,0,normal
2026-09-02 09:32:00,25.94,64.41,0.974,116.26,51.6,0,normal
2026-09-02 09:32:30,25.74,64.41,1.071,98.49,62.59,0,normal
2026-09-02 09:33:00,26.56,64.43,1.021,118.21,64.0,0,normal
2026-09-02 09:33:30,29.75,64.42,1.076,108.96,51.04,0,normal
2026-09-02 09:34:00,27.75,64.43,1.139,127.69,59.33,0,normal
2026-09-02 09:34:30,28.67,64.4,1.094,97.85,50.61,0,normal
2026-09-02 09:35:00,25.13,64.39,1.021,91.88,61.87,0,normal
2026-09-02 09:35:30,27.03,64.39,1.037,138.3,79.64,0,normal
2026-09-02 09:36:00,29.67,64.35,1.229,147.72,79.24,0,normal
2026-09-02 09:36:30,29.69,64.34,1.198,134.5,81.27,0,normal
2026-09-02 09:37:00,26.4,64.34,0.919,103.78,61.41,0,normal
2026-09-02 09:37:30,28.61,64.33,1.166,101.5,45.22,0,normal
2026-09-02 09:38:00,33.72,64.32,1.329,102.94,68.45,0,normal
2026-09-02 09:38:30,28.18,64.3,1.207,142.26,76.61,0,normal
2026-09-02 09:39:00,26.5,64.27,1.081,99.37,47.18,0,normal
2026-09-02 09:39:30,27.8,64.27,1.154,142.1,69.68,0,normal
2026-09-02 09:40:00,28.47,64.27,1.098,135.92,87.96,0,normal
2026-09-02 09:40:30,27.86,64.24,1.07,150.94,91.54,0,normal
2026-09-02 09:41:00,28.17,64.24,1.125,146.58,64.6,0,normal
2026-09-02 09:41:30,24.64,64.24,0.968,133.57,74.76,0,normal
2026-09-02 09:42:00,25.85,64.23,1.103,83.28,38.21,0,normal
2026-09-02 09:42:30,27.89,64.19,1.107,135.25,60.15,0,normal
2026-09-02 09:43:00,27.86,64.2,1.046,122.89,59.89,0,normal
2026-09-02 09:43:30,26.86,64.18,1.03,110.67,53.33,0,normal
2026-09-02 09:44:00,27.84,64.18,1.167,154.06,71.87,0,normal
2026-09-02 09:44:30,28.43,64.17,1.128,116.22,64.81,0,normal
2026-09-02 09:45:00,30.52,64.16,1.207,106.76,66.32,0,normal
2026-09-02 09:45:30,28.04,64.18,1.181,148.1,74.96,0,normal
2026-09-02 09:46:00,29.3,64.2,1.118,109.87,60.49,0,normal
2026-09-02 09:46:30,26.95,64.22,0.957,105.51,54.28,0,normal
2026-09-02 09:47:00,29.74,64.23,1.139,91.82,41.27,0,normal
2026-09-02 09:47:30,29.25,64.24,1.184,99.5,50.44,0,normal
2026-09-02 09:48:00,30.49,64.2,1.204,101.64,50.45,0,normal
2026-09-02 09:48:30,30.11,64.2,1.11,135.53,66.5,0,normal
2026-09-02 09:49:00,29.8,64.19,1.253,94.52,60.11,0,normal
2026-09-02 09:49:30,28.09,64.22,1.133,73.55,38.97,0,normal
2026-09-02 09:50:00,28.95,64.21,1.181,127.58,71.59,0,normal
2026-09-02 09:50:30,31.0,64.22,1.266,104.15,48.08,0,normal
2026-09-02 09:51:00,26.72,64.22,0.999,119.59,66.42,0,normal
2026-09-02 09:51:30,26.78,64.25,1.087,152.06,73.71,0,normal
2026-09-02 09:52:00,28.82,64.25,1.205,121.79,61.39,0,normal
2026-09-02 09:52:30,29.4,64.26,1.243,157.74,74.99,0,normal
2026-09-02 09:53:00,26.31,64.23,1.09,118.3,58.04,0,normal
2026-09-02 09:53:30,28.18,64.2,1.156,145.17,65.05,0,normal
2026-09-02 09:54:00,28.15,64.16,1.028,106.31,56.55,0,normal
2026-09-02 09:54:30,22.84,64.17,0.913,122.69,72.86,0,normal
2026-09-02 09:55:00,27.84,64.19,1.06,96.68,46.76,0,normal
2026-09-02 09:55:30,28.0,64.2,1.192,99.65,57.97,0,normal
2026-09-02 09:56:00,28.0,64.19,1.183,114.38,64.37,0,normal
2026-09-02 09:56:30,31.94,64.18,1.217,86.79,50.43,0,normal
2026-09-02 09:57:00,25.37,64.18,1.012,123.98,69.45,0,normal
2026-09-02 09:57:30,26.35,64.21,1.067,112.43,54.68,0,normal
2026-09-02 09:58:00,21.89,64.25,0.915,125.86,80.54,0,normal
2026-09-02 09:58:30,27.22,64.26,0.997,87.17,41.95,0,normal
2026-09-02 09:59:00,27.44,64.27,0.976,137.54,69.61,0,normal
2026-09-02 09:59:30,27.15,64.3,1.088,162.44,82.93,0,normal
2026-09-02 10:00:00,31.21,64.29,1.09,157.16,76.54,0,normal
2026-09-02 10:00:30,30.59,64.29,1.233,167.6,87.72,0,normal
2026-09-02 10:01:00,28.64,64.29,1.18,121.06,65.91,0,normal
2026-09-02 10:01:30,27.52,64.27,1.169,111.19,56.73,0,normal
2026-09-02 10:02:00,31.02,64.27,1.202,132.19,86.21,0,normal
2026-09-02 10:02:30,28.41,64.24,1.145,114.04,57.73,0,normal
2026-09-02 10:03:00,26.42,64.27,1.091,76.49,34.14,0,normal
2026-09-02 10:03:30,24.17,64.28,0.91,140.48,62.85,0,normal
2026-09-02 10:04:00,27.37,64.31,1.145,114.14,54.83,0,normal
2026-09-02 10:04:30,30.36,64.27,1.231,83.32,46.75,0,normal
2026-09-02 10:05:00,34.17,64.31,1.326,107.29,55.48,0,normal
2026-09-02 10:05:30,28.64,64.28,1.154,114.71,58.46,0,normal
2026-09-02 10:06:00,26.58,64.26,1.056,120.3,63.16,0,normal
2026-09-02 10:06:30,25.53,64.25,1.061,120.6,52.73,0,normal
2026-09-02 10:07:00,29.88,64.28,1.174,154.23,114.92,0,normal
2026-09-02 10:07:30,24.09,64.28,0.974,87.79,43.36,0,normal
2026-09-02 10:08:00,29.88,64.28,1.158,116.2,57.37,0,normal
2026-09-02 10:08:30,30.55,64.26,1.165,98.03,47.51,0,normal
2026-09-02 10:09:00,29.61,64.24,1.194,151.4,71.21,0,normal
2026-09-02 10:09:30,27.97,64.26,1.069,105.96,69.77,0,normal
2026-09-02 10:10:00,29.94,64.28,1.245,111.4,63.68,0,normal
2026-09-02 10:10:30,28.95,64.3,1.192,146.24,90.27,0,normal
2026-09-02 10:11:00,26.59,64.31,1.023,153.12,82.3,0,normal
2026-09-02 10:11:30,33.16,64.26,1.341,156.82,70.62,0,normal
2026-09-02 10:12:00,27.66,64.24,1.064,78.92,42.28,0,normal
2026-09-02 10:12:30,30.48,64.25,1.121,132.07,80.39,0,normal
2026-09-02 10:13:00,22.5,64.24,0.873,126.75,57.18,0,normal
2026-09-02 10:13:30,31.74,64.23,1.266,118.72,80.1,0,normal
2026-09-02 10:14:00,32.23,64.21,1.323,121.66,55.13,0,normal
2026-09-02 10:14:30,28.63,64.23,1.154,152.14,77.51,0,normal
2026-09-02 10:15:00,29.96,64.24,1.253,145.96,76.95,0,normal
2026-09-02 10:15:30,29.96,64.25,1.14,142.42,64.48,0,normal
2026-09-02 10:16:00,26.97,64.24,1.058,125.17,77.43,0,normal
2026-09-02 10:16:30,29.94,64.24,1.296,176.76,82.32,0,normal
2026-09-02 10:17:00,26.56,64.22,0.96,109.98,60.82,0,normal
2026-09-02 10:17:30,27.06,64.22,1.058,79.6,45.88,0,normal
2026-09-02 10:18:00,31.41,64.17,1.189,113.37,72.44,0,normal
2026-09-02 10:18:30,31.03,64.14,1.229,121.44,53.2,0,normal
2026-09-02 10:19:00,26.83,64.13,1.05,152.58,90.44,0,normal
2026-09-02 10:19:30,26.76,64.18,1.103,107.23,67.31,0,normal
2026-09-02 10:20:00,26.99,64.14,1.093,132.28,61.77,0,normal
2026-09-02 10:20:30,30.44,64.12,1.138,83.07,42.45,0,normal
2026-09-02 10:21:00,26.11,64.13,1.014,147.04,67.07,0,normal
2026-09-02 10:21:30,29.51,64.16,1.18,121.71,65.57,0,normal
2026-09-02 10:22:00,30.49,64.17,1.265,112.99,58.4,0,normal
2026-09-02 10:22:30,28.4,64.18,1.274,173.29,84.03,0,normal
2026-09-02 10:23:00,31.15,64.18,1.29,146.75,88.54,0,normal
2026-09-02 10:23:30,27.87,64.17,1.058,94.0,42.4,0,normal
2026-09-02 10:24:00,28.1,64.17,1.119,117.27,64.37,0,normal
2026-09-02 10:24:30,26.19,64.16,1.057,188.41,104.49,0,normal
2026-09-02 10:25:00,31.19,64.17,1.215,169.47,85.1,0,normal
2026-09-02 10:25:30,26.73,64.14,1.094,143.07,85.42,0,normal
2026-09-02 10:26:00,29.53,64.16,1.047,73.82,48.15,0,normal
2026-09-02 10:26:30,28.47,64.16,1.17,153.3,72.34,0,normal
2026-09-02 10:27:00,26.03,64.16,1.016,104.12,66.59,0,normal
2026-09-02 10:27:30,27.14,64.12,1.079,153.09,76.17,0,normal
2026-09-02 10:28:00,32.12,64.11,1.379,101.93,60.54,0,normal
2026-09-02 10:28:30,29.17,64.13,1.093,132.22,67.27,0,normal
2026-09-02 10:29:00,26.15,64.13,1.06,103.99,53.55,0,normal
2026-09-02 10:29:30,29.44,64.13,1.224,110.92,62.7,0,normal
2026-09-02 10:30:00,28.32,64.12,1.142,135.55,62.3,0,normal
2026-09-02 10:30:30,37.32,64.12,1.372,87.03,55.11,0,normal
2026-09-02 10:31:00,29.4,64.09,1.255,179.31,100.22,0,normal
2026-09-02 10:31:30,27.74,64.09,1.098,94.32,51.75,0,normal
2026-09-02 10:32:00,32.24,64.1,1.256,92.92,63.93,0,normal
2026-09-02 10:32:30,24.09,64.11,0.949,135.63,83.83,0,normal
2026-09-02 10:33:00,28.94,64.09,1.135,152.3,68.03,0,normal
2026-09-02 10:33:30,33.69,64.09,1.267,111.91,55.92,0,normal
2026-09-02 10:34:00,28.42,64.1,1.146,93.21,50.59,0,normal
2026-09-02 10:34:30,24.37,64.09,0.946,96.94,46.02,0,normal
2026-09-02 10:35:00,27.72,64.09,1.146,94.25,58.81,0,normal
2026-09-02 10:35:30,32.35,64.13,1.328,127.7,61.76,0,normal
2026-09-02 10:36:00,29.66,64.11,1.283,118.25,67.24,0,normal
2026-09-02 10:36:30,26.62,64.13,1.054,130.65,71.56,0,normal
2026-09-02 10:37:00,27.01,64.11,1.037,129.12,79.16,0,normal
2026-09-02 10:37:30,27.33,64.12,1.013,140.61,74.0,0,normal
2026-09-02 10:38:00,29.64,64.14,1.315,109.75,65.05,0,normal
2026-09-02 10:38:30,32.08,64.13,1.326,101.54,63.13,0,normal
2026-09-02 10:39:00,31.37,64.11,1.211,123.91,60.54,0,normal
2026-09-02 10:39:30,29.88,64.07,1.296,118.63,55.98,0,normal
2026-09-02 10:40:00,25.42,64.06,1.086,126.32,57.53,0,normal
2026-09-02 10:40:30,25.43,64.07,0.948,102.21,52.74,0,normal
2026-09-02 10:41:00,30.09,64.05,1.158,136.06,84.96,0,normal
2026-09-02 10:41:30,25.39,64.05,1.009,90.54,48.26,0,normal
2026-09-02 10:42:00,28.2,64.02,1.067,108.99,65.88,0,normal
2026-09-02 10:42:30,29.52,64.01,1.175,148.23,73.67,0,normal
2026-09-02 10:43:00,25.92,63.99,1.074,91.72,68.61,0,normal
2026-09-02 10:43:30,26.2,63.99,0.976,146.26,73.98,0,normal
2026-09-02 10:44:00,28.54,63.98,1.158,84.77,62.53,0,normal
2026-09-02 10:44:30,30.03,63.96,1.271,80.37,53.26,0,normal
2026-09-02 10:45:00,31.43,63.95,1.282,82.65,53.18,0,normal
2026-09-02 10:45:30,30.29,63.93,1.207,122.92,55.86,0,normal
2026-09-02 10:46:00,28.97,63.9,1.12,138.24,63.04,0,normal
2026-09-02 10:46:30,26.92,63.93,1.121,152.31,79.01,0,normal
2026-09-02 10:47:00,26.11,63.92,0.983,150.32,67.53,0,normal
2026-09-02 10:47:30,27.51,63.88,1.114,141.57,76.61,0,normal
2026-09-02 10:48:00,29.82,63.86,1.194,99.21,49.22,0,normal
2026-09-02 10:48:30,29.64,63.88,1.252,98.99,57.62,0,normal
2026-09-02 10:49:00,23.55,63.87,0.915,139.69,71.31,0,normal
2026-09-02 10:49:30,26.84,63.9,1.047,155.53,90.92,0,normal
2026-09-02 10:50:00,31.82,63.88,1.194,94.22,59.76,0,normal
2026-09-02 10:50:30,29.0,63.89,1.186,152.35,79.23,0,normal
2026-09-02 10:51:00,25.27,63.91,0.989,71.99,45.93,0,normal
2026-09-02 10:51:30,34.7,63.92,1.328,129.75,63.93,0,normal
2026-09-02 10:52:00,28.74,63.9,1.106,117.4,56.56,0,normal
2026-09-02 10:52:30,29.78,63.88,1.223,114.9,51.18,0,normal
2026-09-02 10:53:00,29.82,63.9,1.127,120.78,78.5,0,normal
2026-09-02 10:53:30,27.9,63.89,1.06,98.66,50.28,0,normal
2026-09-02 10:54:00,27.01,63.91,1.129,131.15,61.18,0,normal
2026-09-02 10:54:30,34.13,63.9,1.354,121.52,78.97,0,normal
2026-09-02 10:55:00,31.34,63.9,1.313,143.38,84.41,0,normal
2026-09-02 10:55:30,30.89,63.88,1.213,159.76,97.37,0,normal
2026-09-02 10:56:00,30.28,63.86,1.211,123.17,63.33,0,normal
2026-09-02 10:56:30,26.33,63.85,1.061,99.53,46.89,0,normal
2026-09-02 10:57:00,32.04,63.85,1.37,91.55,41.38,0,normal
2026-09-02 10:57:30,26.73,63.85,1.139,162.46,91.71,0,normal
2026-09-02 10:58:00,29.56,63.87,1.25,159.26,76.36,0,normal
2026-09-02 10:58:30,24.75,63.86,0.959,142.18,84.31,0,normal
2026-09-02 10:59:00,23.75,63.84,0.903,121.5,57.79,0,normal
2026-09-02 10:59:30,29.65,63.84,1.231,140.38,71.85,0,normal
2026-09-02 11:00:00,26.83,63.82,1.147,152.61,73.82,0,normal
2026-09-02 11:00:30,23.88,63.84,1.011,104.55,69.75,0,normal
2026-09-02 11:01:00,30.21,63.84,1.209,120.74,57.45,0,normal
2026-09-02 11:01:30,34.16,63.84,1.416,92.34,77.74,0,normal
2026-09-02 11:02:00,32.34,63.85,1.342,116.77,80.55,0,normal
2026-09-02 11:02:30,28.22,63.84,1.137,158.61,82.28,0,normal
2026-09-02 11:03:00,28.89,63.81,1.167,146.96,66.99,0,normal
2026-09-02 11:03:30,31.09,63.79,1.25,123.38,55.72,0,normal
2026-09-02 11:04:00,31.68,63.81,1.217,52.67,26.75,0,normal
2026-09-02 11:04:30,28.02,63.82,1.082,103.61,46.23,0,normal
2026-09-02 11:05:00,28.97,63.78,1.118,122.56,54.83,0,normal
2026-09-02 11:05:30,29.63,63.79,1.09,114.6,70.17,0,normal
2026-09-02 11:06:00,30.27,63.78,1.219,120.82,91.89,0,normal
2026-09-02 11:06:30,28.55,63.76,1.14,126.06,65.16,0,normal
2026-09-02 11:07:00,28.59,63.74,1.187,106.66,47.64,0,normal
2026-09-02 11:07:30,32.34,63.76,1.375,119.81,80.27,0,normal
2026-09-02 11:08:00,31.92,63.72,1.361,116.26,67.16,0,normal
2026-09-02 11:08:30,30.09,63.7,1.289,102.42,58.03,0,normal
2026-09-02 11:09:00,33.19,63.71,1.278,166.16,81.34,0,normal
2026-09-02 11:09:30,27.93,63.74,1.037,108.09,53.53,0,normal
2026-09-02 11:10:00,32.96,63.75,1.38,63.64,34.33,0,normal
2026-09-02 11:10:30,30.26,63.73,1.294,164.58,107.37,0,normal
2026-09-02 11:11:00,37.08,63.77,1.599,98.84,64.91,0,normal
2026-09-02 11:11:30,25.92,63.74,1.062,142.5,86.42,0,normal
2026-09-02 11:12:00,27.18,63.75,0.979,102.98,49.04,0,normal
2026-09-02 11:12:30,29.96,63.76,1.22,134.23,89.02,0,normal
2026-09-02 11:13:00,29.91,63.74,1.229,118.8,71.86,0,normal
2026-09-02 11:13:30,33.79,63.75,1.436,145.01,67.03,0,normal
2026-09-02 11:14:00,27.24,63.74,1.168,114.66,55.02,0,normal
2026-09-02 11:14:30,31.18,63.76,1.304,103.62,70.27,0,normal
2026-09-02 11:15:00,31.83,63.72,1.236,126.43,87.11,0,normal
2026-09-02 11:15:30,30.68,63.73,1.164,110.44,52.84,0,normal
2026-09-02 11:16:00,26.52,63.72,1.089,71.77,54.62,0,normal
2026-09-02 11:16:30,32.44,63.74,1.246,104.96,61.59,0,normal
2026-09-02 11:17:00,32.0,63.74,1.374,191.72,102.31,0,normal
2026-09-02 11:17:30,30.43,63.77,1.113,74.47,34.25,0,normal
2026-09-02 11:18:00,29.44,63.78,1.211,126.03,65.49,0,normal
2026-09-02 11:18:30,29.49,63.78,1.199,113.93,65.9,0,normal
2026-09-02 11:19:00,28.74,63.79,1.138,165.91,92.5,0,normal
2026-09-02 11:19:30,30.53,63.81,1.165,92.22,69.21,0,normal
2026-09-02 11:20:00,29.01,63.82,1.041,122.53,54.03,0,normal
2026-09-02 11:20:30,26.81,63.77,1.044,137.15,77.47,0,normal
2026-09-02 11:21:00,26.32,63.75,1.026,115.52,65.82,0,normal
2026-09-02 11:21:30,27.06,63.78,1.143,100.81,51.51,0,normal
2026-09-02 11:22:00,29.5,63.76,1.134,119.45,62.28,0,normal
2026-09-02 11:22:30,28.88,63.78,1.181,112.26,80.38,0,normal
2026-09-02 11:23:00,29.48,63.79,1.103,112.19,69.29,0,normal
2026-09-02 11:23:30,30.2,63.78,1.237,143.27,66.52,0,normal
2026-09-02 11:24:00,27.38,63.74,0.973,130.07,66.06,0,normal
2026-09-02 11:24:30,32.61,63.72,1.441,133.79,70.09,0,normal
2026-09-02 11:25:00,28.28,63.77,1.123,128.26,78.36,0,normal
2026-09-02 11:25:30,27.87,63.75,0.959,144.0,64.21,0,normal
2026-09-02 11:26:00,30.16,63.73,1.163,152.61,80.22,0,normal
2026-09-02 11:26:30,24.36,63.71,0.932,112.83,58.49,0,normal
2026-09-02 11:27:00,26.98,63.74,1.044,140.49,62.48,0,normal
2026-09-02 11:27:30,31.41,63.73,1.233,87.6,43.21,0,normal
2026-09-02 11:28:00,24.62,63.72,0.952,63.67,41.03,0,normal
2026-09-02 11:28:30,31.75,63.75,1.218,165.66,94.31,0,normal
2026-09-02 11:29:00,32.74,63.76,1.234,111.67,60.14,0,normal
2026-09-02 11:29:30,28.04,63.74,1.168,126.31,65.77,0,normal
2026-09-02 11:30:00,29.69,63.72,1.259,89.37,59.69,0,normal
2026-09-02 11:30:30,31.76,63.74,1.254,88.22,67.12,0,normal
2026-09-02 11:31:00,27.8,63.74,1.111,102.18,62.0,0,normal
2026-09-02 11:31:30,31.14,63.71,1.175,136.07,73.48,0,normal
2026-09-02 11:32:00,27.29,63.68,1.096,107.09,62.8,0,normal
2026-09-02 11:32:30,27.77,63.66,1.124,111.61,50.89,0,normal
2026-09-02 11:33:00,26.97,63.63,1.067,101.39,56.68,0,normal
2026-09-02 11:33:30,29.83,63.59,1.217,149.14,81.01,0,normal
2026-09-02 11:34:00,31.87,63.57,1.294,141.71,63.38,0,normal
2026-09-02 11:34:30,28.51,63.55,1.08,107.9,52.83,0,normal
2026-09-02 11:35:00,25.8,63.54,1.093,137.1,74.95,0,normal
2026-09-02 11:35:30,26.27,63.58,1.04,113.87,56.48,0,normal
2026-09-02 11:36:00,29.96,63.57,1.299,111.56,57.46,0,normal
2026-09-02 11:36:30,33.59,63.57,1.372,118.76,58.34,0,normal
2026-09-02 11:37:00,29.96,63.58,1.317,136.08,64.19,0,normal
2026-09-02 11:37:30,28.01,63.57,1.186,97.7,46.23,0,normal
2026-09-02 11:38:00,30.9,63.58,1.25,132.56,70.18,0,normal
2026-09-02 11:38:30,28.38,63.59,1.094,182.45,100.87,0,normal
2026-09-02 11:39:00,28.04,63.59,1.082,124.58,71.38,0,normal
2026-09-02 11:39:30,26.59,63.65,1.092,120.89,69.47,0,normal
2026-09-02 11:40:00,32.51,63.66,1.31,117.9,54.09,0,normal
2026-09-02 11:40:30,22.64,63.64,0.879,131.96,62.78,0,normal
2026-09-02 11:41:00,30.98,63.65,1.291,79.74,51.11,0,normal
2026-09-02 11:41:30,27.83,63.64,1.115,162.53,85.13,0,normal
2026-09-02 11:42:00,27.96,63.64,1.165,144.53,85.52,0,normal
2026-09-02 11:42:30,33.22,63.62,1.264,103.89,51.91,0,normal
2026-09-02 11:43:00,27.2,63.59,1.143,120.79,69.98,0,normal
2026-09-02 11:43:30,27.29,63.6,1.119,106.07,60.39,0,normal
2026-09-02 11:44:00,28.66,63.62,1.215,127.48,69.45,0,normal
2026-09-02 11:44:30,30.02,63.63,1.26,121.53,61.19,0,normal
2026-09-02 11:45:00,27.89,63.65,1.111,125.72,55.88,0,normal
2026-09-02 11:45:30,25.06,63.66,0.994,94.29,54.88,0,normal
2026-09-02 11:46:00,26.83,63.66,1.169,107.96,68.87,0,normal
2026-09-02 11:46:30,32.2,63.65,1.269,148.65,69.88,0,normal
2026-09-02 11:47:00,29.18,63.67,1.211,106.66,57.46,0,normal
2026-09-02 11:47:30,30.12,63.69,1.182,53.91,33.83,0,normal
2026-09-02 11:48:00,28.34,63.69,1.028,116.23,76.34,0,normal
2026-09-02 11:48:30,27.35,63.68,1.027,180.29,81.66,0,normal
2026-09-02 11:49:00,33.19,63.72,1.355,141.22,77.42,0,normal
2026-09-02 11:49:30,28.52,63.72,1.181,105.4,55.11,0,normal
2026-09-02 11:50:00,27.89,63.72,1.138,118.73,54.77,1,cpu_spike
2026-09-02 11:50:30,39.22,63.73,1.687,137.0,122.96,1,cpu_spike
2026-09-02 11:51:00,42.17,63.73,1.679,76.09,142.98,1,cpu_spike
2026-09-02 11:51:30,49.97,63.71,1.874,98.6,255.91,1,cpu_spike
2026-09-02 11:52:00,58.97,63.72,2.425,129.96,335.03,1,cpu_spike
2026-09-02 11:52:30,66.43,63.72,2.674,159.86,365.95,1,cpu_spike
2026-09-02 11:53:00,74.57,63.75,2.929,109.02,323.05,1,cpu_spike
2026-09-02 11:53:30,86.64,63.77,3.924,159.18,372.5,1,cpu_spike
2026-09-02 11:54:00,82.25,63.76,3.355,101.14,438.02,1,cpu_spike
2026-09-02 11:54:30,75.46,63.77,2.504,35.36,479.93,1,cpu_spike
2026-09-02 11:55:00,82.22,63.78,3.31,138.6,576.82,1,cpu_spike
2026-09-02 11:55:30,81.5,63.8,3.489,133.51,293.05,1,cpu_spike
2026-09-02 11:56:00,81.52,63.79,3.485,138.4,379.41,1,cpu_spike
2026-09-02 11:56:30,82.02,63.8,3.348,137.43,400.83,1,cpu_spike
2026-09-02 11:57:00,81.34,63.8,3.249,124.79,374.1,1,cpu_spike
2026-09-02 11:57:30,81.28,63.8,3.002,113.53,455.86,1,cpu_spike
2026-09-02 11:58:00,82.94,63.78,3.714,114.48,436.42,1,cpu_spike
2026-09-02 11:58:30,80.05,63.79,3.257,108.49,534.57,1,cpu_spike
2026-09-02 11:59:00,79.04,63.8,3.095,109.99,329.17,1,cpu_spike
2026-09-02 11:59:30,88.97,63.82,3.629,74.72,378.35,1,cpu_spike
2026-09-02 12:00:00,79.62,63.82,3.054,89.64,420.67,1,cpu_spike
2026-09-02 12:00:30,81.66,63.82,3.255,115.91,512.85,1,cpu_spike
2026-09-02 12:01:00,77.67,63.83,2.926,63.98,479.89,1,cpu_spike
2026-09-02 12:01:30,81.7,63.82,3.207,69.8,500.19,1,cpu_spike
2026-09-02 12:02:00,79.08,63.84,2.952,111.64,410.03,1,cpu_spike
2026-09-02 12:02:30,80.3,63.86,3.221,116.79,340.53,1,cpu_spike
2026-09-02 12:03:00,84.02,63.88,3.404,112.17,490.14,1,cpu_spike
2026-09-02 12:03:30,82.59,63.89,3.283,60.5,513.11,1,cpu_spike
2026-09-02 12:04:00,82.83,63.88,3.44,158.81,365.77,1,cpu_spike
2026-09-02 12:04:30,76.98,63.88,2.936,84.09,300.65,1,cpu_spike
2026-09-02 12:05:00,86.0,63.89,3.914,99.55,270.69,1,cpu_spike
2026-09-02 12:05:30,78.43,63.88,3.071,88.46,458.71,1,cpu_spike
2026-09-02 12:06:00,85.23,63.91,3.687,152.48,433.51,1,cpu_spike
2026-09-02 12:06:30,83.96,63.92,3.798,130.54,305.79,1,cpu_spike
2026-09-02 12:07:00,82.85,63.9,3.113,108.17,323.69,1,cpu_spike
2026-09-02 12:07:30,79.27,63.94,3.313,106.41,469.83,1,cpu_spike
2026-09-02 12:08:00,81.79,63.94,3.644,124.49,407.38,1,cpu_spike
2026-09-02 12:08:30,80.23,63.92,3.187,88.84,312.54,1,cpu_spike
2026-09-02 12:09:00,81.48,63.9,3.391,129.52,456.07,1,cpu_spike
2026-09-02 12:09:30,80.78,63.93,3.172,106.28,263.67,1,cpu_spike
2026-09-02 12:10:00,76.31,63.97,2.649,132.99,270.7,1,cpu_spike
2026-09-02 12:10:30,84.21,63.99,3.453,132.14,339.18,1,cpu_spike
2026-09-02 12:11:00,81.2,64.01,3.217,105.16,338.68,1,cpu_spike
2026-09-02 12:11:30,72.71,64.04,2.904,68.68,245.39,1,cpu_spike
2026-09-02 12:12:00,65.03,64.05,2.576,113.83,218.91,1,cpu_spike
2026-09-02 12:12:30,59.84,64.06,2.666,83.76,185.41,1,cpu_spike
2026-09-02 12:13:00,49.22,64.07,1.906,121.97,239.9,1,cpu_spike
2026-09-02 12:13:30,38.33,64.08,1.309,113.59,187.91,1,cpu_spike
2026-09-02 12:14:00,37.5,64.07,1.633,105.3,90.75,1,cpu_spike
2026-09-02 12:14:30,30.29,64.08,1.138,87.61,53.11,1,cpu_spike
2026-09-02 12:15:00,28.49,64.11,1.108,149.67,78.61,0,normal
2026-09-02 12:15:30,26.12,64.11,1.059,108.66,62.56,0,normal
2026-09-02 12:16:00,29.21,64.1,1.193,178.83,81.51,0,normal
2026-09-02 12:16:30,25.33,64.11,0.94,120.87,58.79,0,normal
2026-09-02 12:17:00,26.42,64.1,1.017,128.79,67.25,0,normal
2026-09-02 12:17:30,27.11,64.07,1.004,120.98,73.79,0,normal
2026-09-02 12:18:00,31.1,64.09,1.283,128.54,58.51,0,normal
2026-09-02 12:18:30,28.08,64.08,1.19,147.32,74.85,0,normal
2026-09-02 12:19:00,27.87,64.08,1.047,147.61,76.41,0,normal
2026-09-02 12:19:30,33.87,64.07,1.422,75.83,38.45,0,normal
2026-09-02 12:20:00,29.87,64.1,1.25,141.39,74.6,0,normal
2026-09-02 12:20:30,29.83,64.11,1.154,132.43,77.32,0,normal
2026-09-02 12:21:00,28.06,64.11,1.011,120.9,55.7,0,normal
2026-09-02 12:21:30,27.49,64.08,1.041,162.81,75.04,0,normal
2026-09-02 12:22:00,23.51,64.08,0.913,163.82,74.03,0,normal
2026-09-02 12:22:30,31.4,64.09,1.353,142.61,65.24,0,normal
2026-09-02 12:23:00,30.1,64.09,1.197,106.41,58.39,0,normal
2026-09-02 12:23:30,28.53,64.09,1.084,90.19,61.61,0,normal
2026-09-02 12:24:00,28.63,64.1,1.154,138.86,61.41,0,normal
2026-09-02 12:24:30,30.82,64.11,1.153,153.99,75.76,0,normal
2026-09-02 12:25:00,25.09,64.11,1.029,69.28,36.84,0,normal
2026-09-02 12:25:30,27.5,64.12,1.046,147.16,70.79,0,normal
2026-09-02 12:26:00,26.13,64.1,1.002,113.63,65.04,0,normal
2026-09-02 12:26:30,33.4,64.15,1.361,74.77,32.99,0,normal
2026-09-02 12:27:00,31.16,64.14,1.355,131.73,92.15,0,normal
2026-09-02 12:27:30,23.46,64.15,1.042,142.73,86.59,0,normal
2026-09-02 12:28:00,25.18,64.16,0.955,111.22,51.27,0,normal
2026-09-02 12:28:30,28.64,64.15,1.111,93.57,46.66,0,normal
2026-09-02 12:29:00,27.79,64.15,1.14,162.8,104.87,0,normal
2026-09-02 12:29:30,25.66,64.15,1.086,103.28,52.89,0,normal
2026-09-02 12:30:00,33.83,64.13,1.207,148.99,66.7,0,normal
2026-09-02 12:30:30,29.75,64.14,1.195,82.17,40.9,0,normal
2026-09-02 12:31:00,30.15,64.11,1.177,130.4,61.06,0,normal
2026-09-02 12:31:30,27.23,64.14,0.984,129.69,66.37,0,normal
2026-09-02 12:32:00,30.76,64.16,1.148,141.84,77.38,0,normal
2026-09-02 12:32:30,28.01,64.17,1.089,157.32,73.28,0,normal
2026-09-02 12:33:00,28.25,64.14,1.133,99.66,45.48,0,normal
2026-09-02 12:33:30,30.48,64.12,1.281,133.02,71.73,0,normal
2026-09-02 12:34:00,24.88,64.15,1.013,85.84,62.86,0,normal
2026-09-02 12:34:30,32.95,64.23,1.38,85.55,48.84,0,normal
2026-09-02 12:35:00,29.41,64.25,1.178,105.54,58.2,0,normal
2026-09-02 12:35:30,32.15,64.27,1.241,130.23,65.02,0,normal
2026-09-02 12:36:00,26.26,64.28,1.041,161.92,92.04,0,normal
2026-09-02 12:36:30,26.64,64.27,1.103,166.47,83.15,0,normal
2026-09-02 12:37:00,26.04,64.29,1.095,111.13,68.78,0,normal
2026-09-02 12:37:30,29.57,64.26,1.174,127.64,61.39,0,normal
2026-09-02 12:38:00,29.11,64.24,1.11,143.58,67.19,0,normal
2026-09-02 12:38:30,27.78,64.21,1.13,139.13,75.98,0,normal
2026-09-02 12:39:00,26.4,64.23,1.081,115.76,60.07,0,normal
2026-09-02 12:39:30,25.77,64.23,1.094,121.9,57.59,0,normal
2026-09-02 12:40:00,28.81,64.23,1.113,117.25,65.59,0,normal
2026-09-02 12:40:30,27.77,64.23,1.074,114.79,75.8,0,normal
2026-09-02 12:41:00,27.22,64.21,1.13,111.46,59.01,0,normal
2026-09-02 12:41:30,32.8,64.2,1.285,117.01,52.89,0,normal
2026-09-02 12:42:00,28.72,64.18,1.123,109.85,56.51,0,normal
2026-09-02 12:42:30,32.1,64.15,1.365,91.61,45.15,0,normal
2026-09-02 12:43:00,27.59,64.14,1.028,141.56,88.99,0,normal
2026-09-02 12:43:30,29.54,64.12,1.303,132.91,87.29,0,normal
2026-09-02 12:44:00,28.78,64.13,1.116,166.91,74.39,0,normal
2026-09-02 12:44:30,24.68,64.15,1.03,129.24,63.97,0,normal
2026-09-02 12:45:00,32.49,64.12,1.293,109.58,61.81,0,normal
2026-09-02 12:45:30,28.58,64.11,1.159,104.34,62.02,0,normal
2026-09-02 12:46:00,30.78,64.15,1.215,121.18,55.27,0,normal
2026-09-02 12:46:30,27.04,64.13,1.128,133.82,78.35,0,normal
2026-09-02 12:47:00,28.5,64.14,1.12,113.88,52.06,0,normal
2026-09-02 12:47:30,26.74,64.14,1.039,83.24,56.32,0,normal
2026-09-02 12:48:00,32.0,64.16,1.396,101.52,50.23,0,normal
2026-09-02 12:48:30,29.69,64.17,1.189,120.45,59.59,0,normal
2026-09-02 12:49:00,29.82,64.16,1.153,138.51,81.15,0,normal
2026-09-02 12:49:30,32.3,64.16,1.196,82.85,38.78,0,normal
2026-09-02 12:50:00,31.79,64.16,1.39,126.63,56.03,0,normal
2026-09-02 12:50:30,30.81,64.16,1.199,125.53,60.78,0,normal
2026-09-02 12:51:00,25.34,64.13,1.118,108.71,56.66,0,normal
2026-09-02 12:51:30,27.16,64.15,1.108,105.33,59.82,0,normal
2026-09-02 12:52:00,26.38,64.18,1.063,101.59,49.91,0,normal
2026-09-02 12:52:30,30.71,64.15,1.239,123.52,57.71,0,normal
2026-09-02 12:53:00,29.31,64.15,1.303,148.17,87.6,0,normal
2026-09-02 12:53:30,25.41,64.14,0.905,149.94,66.61,0,normal
2026-09-02 12:54:00,28.41,64.12,1.149,91.9,43.25,0,normal
2026-09-02 12:54:30,25.15,64.08,0.993,115.33,54.21,0,normal
2026-09-02 12:55:00,28.75,64.07,1.138,65.16,30.38,0,normal
2026-09-02 12:55:30,24.74,64.06,0.997,122.73,77.5,0,normal
2026-09-02 12:56:00,30.2,64.03,1.192,134.94,69.72,0,normal
2026-09-02 12:56:30,29.82,64.03,1.204,159.27,93.6,0,normal
2026-09-02 12:57:00,33.64,64.06,1.344,75.34,50.23,0,normal
2026-09-02 12:57:30,30.99,64.07,1.158,92.8,50.27,0,normal
2026-09-02 12:58:00,27.81,64.07,1.134,123.6,70.52,0,normal
2026-09-02 12:58:30,30.91,64.03,1.281,79.54,54.4,0,normal
2026-09-02 12:59:00,25.37,64.05,0.987,124.31,72.05,0,normal
2026-09-02 12:59:30,26.46,64.05,1.157,135.58,65.75,0,normal
2026-09-02 13:00:00,29.69,64.06,1.267,87.97,51.37,0,normal
2026-09-02 13:00:30,23.46,64.09,0.978,123.31,77.4,0,normal
2026-09-02 13:01:00,28.76,64.08,1.198,89.69,65.97,0,normal
2026-09-02 13:01:30,26.3,64.02,1.054,154.39,79.6,0,normal
2026-09-02 13:02:00,29.1,64.0,1.23,125.17,64.82,0,normal
2026-09-02 13:02:30,26.15,64.01,1.128,104.0,47.82,0,normal
2026-09-02 13:03:00,29.9,64.01,1.244,89.05,50.35,0,normal
2026-09-02 13:03:30,28.89,63.98,1.123,129.73,68.06,0,normal
2026-09-02 13:04:00,32.34,63.95,1.291,153.95,69.46,0,normal
2026-09-02 13:04:30,28.85,63.95,1.187,100.71,45.83,0,normal
2026-09-02 13:05:00,26.91,63.92,1.122,109.01,72.07,0,normal
2026-09-02 13:05:30,28.21,63.93,1.124,101.2,55.99,0,normal
2026-09-02 13:06:00,25.47,63.92,0.99,158.89,99.11,0,normal
2026-09-02 13:06:30,29.84,63.91,1.288,72.28,36.78,0,normal
2026-09-02 13:07:00,30.3,63.89,1.147,152.14,81.14,0,normal
2026-09-02 13:07:30,34.99,63.9,1.334,110.57,54.27,0,normal
2026-09-02 13:08:00,27.26,63.9,1.018,118.21,53.67,0,normal
2026-09-02 13:08:30,28.15,63.9,1.073,111.48,62.19,0,normal
2026-09-02 13:09:00,27.37,63.9,1.163,125.99,64.62,0,normal
2026-09-02 13:09:30,29.34,63.9,1.249,101.76,54.81,0,normal
2026-09-02 13:10:00,29.76,63.88,1.186,146.46,83.35,0,normal
2026-09-02 13:10:30,28.67,63.86,1.175,147.47,76.95,0,normal
2026-09-02 13:11:00,31.52,63.86,1.26,95.41,48.55,0,normal
2026-09-02 13:11:30,27.26,63.9,1.025,136.69,61.91,0,normal
2026-09-02 13:12:00,31.26,63.87,1.389,111.09,57.76,0,normal
2026-09-02 13:12:30,30.14,63.86,1.288,121.29,69.35,0,normal
2026-09-02 13:13:00,28.76,63.86,1.171,158.13,92.17,0,normal
2026-09-02 13:13:30,28.0,63.85,1.072,103.15,46.32,0,normal
2026-09-02 13:14:00,34.85,63.88,1.378,143.16,63.28,0,normal
2026-09-02 13:14:30,26.74,63.87,1.033,131.43,66.22,0,normal
2026-09-02 13:15:00,29.52,63.86,1.187,115.15,59.16,0,normal
2026-09-02 13:15:30,26.9,63.88,1.093,129.19,72.49,0,normal
2026-09-02 13:16:00,33.24,63.91,1.307,126.21,63.39,0,normal
2026-09-02 13:16:30,30.99,63.94,1.149,91.04,71.54,0,normal
2026-09-02 13:17:00,27.07,63.94,1.198,104.83,54.53,0,normal
2026-09-02 13:17:30,30.05,63.94,1.216,93.87,43.23,0,normal
2026-09-02 13:18:00,29.4,63.94,1.203,113.08,54.25,0,normal
2026-09-02 13:18:30,27.47,63.94,1.075,153.63,80.83,0,normal
2026-09-02 13:19:00,30.65,63.92,1.13,134.53,79.38,0,normal
2026-09-02 13:19:30,29.73,63.94,1.184,84.19,38.33,0,normal
2026-09-02 13:20:00,29.29,63.94,1.153,113.17,66.05,0,normal
2026-09-02 13:20:30,28.64,63.94,1.186,125.84,65.85,0,normal
2026-09-02 13:21:00,29.82,63.91,1.247,138.6,62.92,0,normal
2026-09-02 13:21:30,29.31,63.92,1.217,103.73,62.33,0,normal
2026-09-02 13:22:00,28.88,63.88,1.212,89.06,60.75,0,normal
2026-09-02 13:22:30,27.13,63.87,1.183,118.59,69.55,0,normal
2026-09-02 13:23:00,32.96,63.85,1.344,134.23,70.21,0,normal
2026-09-02 13:23:30,26.1,63.86,1.101,125.87,74.59,0,normal
2026-09-02 13:24:00,29.79,63.89,1.221,97.88,59.79,0,normal
2026-09-02 13:24:30,27.92,63.91,1.011,163.87,88.89,0,normal
2026-09-02 13:25:00,33.11,63.93,1.314,117.53,54.84,0,normal
2026-09-02 13:25:30,26.46,63.95,1.012,124.84,59.19,0,normal
2026-09-02 13:26:00,26.87,63.97,1.087,103.45,65.87,0,normal
2026-09-02 13:26:30,26.28,64.0,1.01,147.66,80.67,0,normal
2026-09-02 13:27:00,29.51,63.99,1.216,134.3,77.82,0,normal
2026-09-02 13:27:30,25.27,63.97,1.06,127.87,80.48,0,normal
2026-09-02 13:28:00,27.5,63.98,1.166,91.21,43.47,0,normal
2026-09-02 13:28:30,23.31,63.98,1.008,147.35,74.77,0,normal
2026-09-02 13:29:00,29.29,63.99,1.073,138.92,65.54,0,normal
2026-09-02 13:29:30,27.44,63.98,1.032,145.37,65.3,0,normal
2026-09-02 13:30:00,24.96,63.97,1.145,120.93,63.54,0,normal
2026-09-02 13:30:30,31.39,64.0,1.319,118.13,56.53,0,normal
2026-09-02 13:31:00,25.4,63.98,1.028,115.45,63.05,0,normal
2026-09-02 13:31:30,30.67,63.99,1.229,176.97,80.48,0,normal
2026-09-02 13:32:00,26.91,64.0,1.073,106.44,62.54,0,normal
2026-09-02 13:32:30,32.67,63.97,1.18,90.34,49.51,0,normal
2026-09-02 13:33:00,30.53,63.95,1.174,110.67,64.21,0,normal
2026-09-02 13:33:30,26.14,63.94,1.04,106.67,48.9,0,normal
2026-09-02 13:34:00,26.36,63.95,1.017,151.5,73.08,0,normal
2026-09-02 13:34:30,30.17,63.94,1.171,86.1,49.01,0,normal
2026-09-02 13:35:00,27.99,63.94,1.263,105.97,53.33,0,normal
2026-09-02 13:35:30,28.22,63.91,1.115,124.76,56.55,0,normal
2026-09-02 13:36:00,31.82,63.95,1.29,151.71,81.64,0,normal
2026-09-02 13:36:30,26.77,63.95,1.084,137.83,88.34,0,normal
2026-09-02 13:37:00,28.86,63.96,1.188,160.48,79.32,0,normal
2026-09-02 13:37:30,31.02,63.95,1.211,128.64,64.11,0,normal
2026-09-02 13:38:00,30.64,63.94,1.302,114.91,54.09,0,normal
2026-09-02 13:38:30,28.22,63.97,1.154,141.39,70.2,0,normal
2026-09-02 13:39:00,27.89,63.93,1.044,85.82,37.59,0,normal
2026-09-02 13:39:30,24.27,63.94,0.965,77.25,53.55,0,normal
2026-09-02 13:40:00,25.97,63.91,1.03,144.41,69.32,0,normal
2026-09-02 13:40:30,29.4,63.9,1.163,125.26,56.76,0,normal
2026-09-02 13:41:00,28.25,63.89,1.159,144.1,85.1,0,normal
2026-09-02 13:41:30,28.79,63.87,1.188,98.69,47.63,0,normal
2026-09-02 13:42:00,31.19,63.87,1.28,152.12,72.19,0,normal
2026-09-02 13:42:30,25.62,63.82,1.042,136.76,84.65,0,normal
2026-09-02 13:43:00,27.99,63.81,1.124,119.22,68.51,0,normal
2026-09-02 13:43:30,29.05,63.81,1.037,125.18,66.63,0,normal
2026-09-02 13:44:00,26.81,63.78,1.114,128.67,72.45,0,normal
2026-09-02 13:44:30,32.15,63.81,1.318,98.58,62.2,0,normal
2026-09-02 13:45:00,30.84,63.8,1.173,110.37,66.47,0,normal
2026-09-02 13:45:30,29.29,63.79,1.188,128.28,65.2,0,normal
2026-09-02 13:46:00,33.04,63.78,1.365,109.37,49.8,0,normal
2026-09-02 13:46:30,24.81,63.78,1.051,83.26,41.15,0,normal
2026-09-02 13:47:00,28.53,63.8,1.17,127.37,62.58,0,normal
2026-09-02 13:47:30,29.47,63.85,1.198,140.9,62.25,0,normal
2026-09-02 13:48:00,26.26,63.86,1.1,146.71,65.83,0,normal
2026-09-02 13:48:30,29.29,63.88,1.154,133.31,62.86,0,normal
2026-09-02 13:49:00,25.77,63.92,1.052,140.46,76.84,0,normal
2026-09-02 13:49:30,30.26,63.92,1.173,144.69,88.65,0,normal
2026-09-02 13:50:00,31.17,63.95,1.316,121.99,74.35,0,normal
2026-09-02 13:50:30,29.21,63.97,1.074,67.03,53.16,0,normal
2026-09-02 13:51:00,23.88,63.97,0.994,148.99,73.24,0,normal
2026-09-02 13:51:30,26.1,63.97,1.045,97.67,52.93,0,normal
2026-09-02 13:52:00,29.92,63.94,1.255,91.73,46.32,0,normal
2026-09-02 13:52:30,28.56,63.94,1.098,92.41,56.51,0,normal
2026-09-02 13:53:00,21.76,63.91,0.875,182.11,79.61,0,normal
2026-09-02 13:53:30,31.61,63.88,1.268,131.01,65.42,0,normal
2026-09-02 13:54:00,28.83,63.88,1.178,93.96,46.53,0,normal
2026-09-02 13:54:30,26.44,63.86,1.002,102.91,56.03,0,normal
2026-09-02 13:55:00,30.97,63.85,1.278,119.98,72.77,0,normal
2026-09-02 13:55:30,26.79,63.86,0.973,133.56,60.31,0,normal
2026-09-02 13:56:00,26.75,63.86,1.034,126.98,63.23,0,normal
2026-09-02 13:56:30,29.37,63.84,1.083,96.78,42.5,0,normal
2026-09-02 13:57:00,32.92,63.86,1.371,127.93,96.17,0,normal
2026-09-02 13:57:30,32.52,63.85,1.327,104.72,59.14,0,normal
2026-09-02 13:58:00,29.35,63.86,1.201,146.17,64.54,0,normal
2026-09-02 13:58:30,29.61,63.84,1.272,121.41,75.79,0,normal
2026-09-02 13:59:00,30.43,63.83,1.198,101.02,66.36,0,normal
2026-09-02 13:59:30,25.3,63.85,1.043,137.22,60.53,0,normal
2026-09-02 14:00:00,30.05,63.87,1.206,129.58,67.12,0,normal
2026-09-02 14:00:30,26.6,63.86,1.059,108.13,60.6,0,normal
2026-09-02 14:01:00,29.22,63.84,1.245,138.25,64.31,0,normal
2026-09-02 14:01:30,27.86,63.82,1.23,135.73,62.86,0,normal
2026-09-02 14:02:00,29.67,63.81,1.161,150.05,88.96,0,normal
2026-09-02 14:02:30,28.71,63.78,1.196,137.75,77.91,0,normal
2026-09-02 14:03:00,20.73,63.77,0.842,114.65,52.8,0,normal
2026-09-02 14:03:30,28.86,63.79,1.173,77.74,36.53,0,normal
2026-09-02 14:04:00,30.01,63.77,1.215,124.67,60.02,0,normal
2026-09-02 14:04:30,29.51,63.77,1.161,128.55,79.52,0,normal
2026-09-02 14:05:00,28.13,63.76,0.924,121.28,66.74,0,normal
2026-09-02 14:05:30,32.5,63.78,1.4,44.73,35.28,0,normal
2026-09-02 14:06:00,29.16,63.77,1.126,136.97,61.89,0,normal
2026-09-02 14:06:30,29.48,63.76,1.165,97.2,49.36,0,normal
2026-09-02 14:07:00,30.98,63.74,1.226,137.14,64.74,0,normal
2026-09-02 14:07:30,29.28,63.71,1.125,162.52,83.87,0,normal
2026-09-02 14:08:00,26.12,63.72,1.057,113.68,61.95,0,normal
2026-09-02 14:08:30,22.27,63.72,0.889,130.96,57.63,0,normal
2026-09-02 14:09:00,27.16,63.72,1.047,120.82,53.12,0,normal
2026-09-02 14:09:30,30.25,63.74,1.219,133.14,58.67,0,normal
2026-09-02 14:10:00,27.46,63.77,1.097,122.59,69.51,0,normal
2026-09-02 14:10:30,30.35,63.74,1.27,107.08,79.53,0,normal
2026-09-02 14:11:00,28.7,63.75,1.071,97.38,44.12,0,normal
2026-09-02 14:11:30,31.55,63.75,1.211,159.76,76.74,0,normal
2026-09-02 14:12:00,27.58,63.74,1.143,130.96,69.15,0,normal
2026-09-02 14:12:30,29.49,63.75,1.142,140.76,76.87,0,normal
2026-09-02 14:13:00,29.58,63.71,1.13,129.98,64.44,0,normal
2026-09-02 14:13:30,32.07,63.74,1.245,144.39,110.14,0,normal
2026-09-02 14:14:00,24.04,63.75,0.957,97.6,67.62,0,normal
2026-09-02 14:14:30,27.16,63.73,1.081,122.08,85.44,0,normal
2026-09-02 14:15:00,30.41,63.72,1.204,132.64,72.69,0,normal
2026-09-02 14:15:30,32.16,63.68,1.22,152.32,83.24,0,normal
2026-09-02 14:16:00,28.88,63.67,1.2,186.83,116.23,0,normal
2026-09-02 14:16:30,27.55,63.66,1.175,130.19,70.67,0,normal
2026-09-02 14:17:00,30.16,63.63,1.091,103.47,49.81,0,normal
2026-09-02 14:17:30,30.44,63.65,1.123,90.11,58.72,0,normal
2026-09-02 14:18:00,27.36,63.67,1.149,97.38,44.63,0,normal
2026-09-02 14:18:30,29.09,63.67,1.255,100.65,44.65,0,normal
2026-09-02 14:19:00,31.2,63.66,1.115,47.47,33.14,0,normal
2026-09-02 14:19:30,32.98,63.67,1.373,103.11,81.5,0,normal
2026-09-02 14:20:00,30.1,63.67,1.302,137.92,67.78,0,normal
2026-09-02 14:20:30,28.35,63.65,1.085,121.88,94.39,0,normal
2026-09-02 14:21:00,28.09,63.63,1.213,113.53,59.18,0,normal
2026-09-02 14:21:30,29.62,63.63,1.174,79.45,42.86,0,normal
2026-09-02 14:22:00,27.93,63.63,1.135,146.26,90.98,0,normal
2026-09-02 14:22:30,28.69,63.63,1.106,132.8,58.36,0,normal
2026-09-02 14:23:00,25.56,63.63,1.074,119.68,63.5,0,normal
2026-09-02 14:23:30,31.45,63.6,1.311,64.94,43.47,0,normal
2026-09-02 14:24:00,25.35,63.61,1.101,107.73,56.25,0,normal
2026-09-02 14:24:30,27.12,63.61,1.163,130.84,61.1,0,normal
2026-09-02 14:25:00,28.43,63.66,1.137,119.29,73.95,0,normal
2026-09-02 14:25:30,33.16,63.65,1.533,124.8,57.49,0,normal
2026-09-02 14:26:00,27.12,63.66,1.158,137.14,80.91,0,normal
2026-09-02 14:26:30,26.51,63.71,1.089,123.87,74.62,0,normal
2026-09-02 14:27:00,26.79,63.71,1.018,136.24,85.38,0,normal
2026-09-02 14:27:30,32.31,63.71,1.194,98.91,55.49,0,normal
2026-09-02 14:28:00,21.12,63.69,0.784,89.43,45.88,0,normal
2026-09-02 14:28:30,25.65,63.72,0.978,131.93,61.37,0,normal
2026-09-02 14:29:00,34.97,63.7,1.495,137.06,74.82,0,normal
2026-09-02 14:29:30,29.62,63.7,1.214,132.97,74.14,0,normal
2026-09-02 14:30:00,25.37,63.69,0.984,123.29,63.17,0,normal
2026-09-02 14:30:30,28.03,63.69,1.113,111.9,48.96,0,normal
2026-09-02 14:31:00,28.29,63.66,1.117,125.27,70.39,0,normal
2026-09-02 14:31:30,30.24,63.68,1.258,129.48,68.18,0,normal
2026-09-02 14:32:00,32.71,63.68,1.251,130.98,74.59,0,normal
2026-09-02 14:32:30,29.08,63.65,1.184,185.18,82.17,0,normal
2026-09-02 14:33:00,26.75,63.67,1.086,96.98,57.22,0,normal
2026-09-02 14:33:30,30.07,63.66,1.152,200.65,102.28,0,normal
2026-09-02 14:34:00,26.34,63.67,1.137,88.58,47.17,0,normal
2026-09-02 14:34:30,25.5,63.68,1.005,129.64,58.79,0,normal
2026-09-02 14:35:00,23.68,63.69,0.9,90.13,51.05,0,normal
2026-09-02 14:35:30,24.16,63.65,1.008,127.66,86.29,0,normal
2026-09-02 14:36:00,25.82,63.66,1.036,144.55,66.32,0,normal
2026-09-02 14:36:30,25.12,63.66,1.025,120.81,61.37,0,normal
2026-09-02 14:37:00,28.84,63.65,1.085,144.33,63.02,0,normal
2026-09-02 14:37:30,25.05,63.65,1.043,109.41,60.59,0,normal
2026-09-02 14:38:00,20.18,63.61,0.895,68.75,47.23,0,normal
2026-09-02 14:38:30,25.43,63.61,0.953,135.67,65.69,0,normal
2026-09-02 14:39:00,26.85,63.58,1.093,120.77,58.19,0,normal
2026-09-02 14:39:30,26.52,63.58,1.019,108.01,58.99,0,normal
2026-09-02 14:40:00,31.82,63.58,1.444,109.74,66.43,0,normal
2026-09-02 14:40:30,26.48,63.6,1.125,130.16,68.03,0,normal
2026-09-02 14:41:00,30.21,63.58,1.225,99.64,57.26,0,normal
2026-09-02 14:41:30,27.96,63.61,1.05,129.38,73.98,0,normal
2026-09-02 14:42:00,27.89,63.63,1.061,149.72,84.24,0,normal
2026-09-02 14:42:30,25.91,63.62,1.075,171.5,89.89,0,normal
2026-09-02 14:43:00,27.83,63.59,1.038,155.11,71.22,0,normal
2026-09-02 14:43:30,26.07,63.56,0.973,124.04,64.21,0,normal
2026-09-02 14:44:00,28.39,63.57,1.136,126.44,70.17,0,normal
2026-09-02 14:44:30,27.38,63.55,1.102,109.99,52.75,0,normal
2026-09-02 14:45:00,25.6,63.57,1.043,108.36,69.12,0,normal
2026-09-02 14:45:30,30.44,63.56,1.191,141.8,70.95,0,normal
2026-09-02 14:46:00,29.01,63.54,1.214,112.31,65.18,0,normal
2026-09-02 14:46:30,26.83,63.54,1.027,129.15,61.65,0,normal
2026-09-02 14:47:00,28.3,63.53,1.167,95.94,43.8,0,normal
2026-09-02 14:47:30,27.72,63.53,1.121,154.26,69.08,0,normal
2026-09-02 14:48:00,25.75,63.54,1.061,111.94,63.79,0,normal
2026-09-02 14:48:30,28.1,63.55,1.19,147.2,65.45,0,normal
2026-09-02 14:49:00,26.36,63.55,1.03,102.4,49.12,0,normal
2026-09-02 14:49:30,25.55,63.55,0.988,101.08,64.24,0,normal
2026-09-02 14:50:00,23.84,63.51,0.873,153.2,70.44,0,normal
2026-09-02 14:50:30,27.0,63.52,0.971,104.35,52.67,0,normal
2026-09-02 14:51:00,29.3,63.52,1.162,80.8,56.3,0,normal
2026-09-02 14:51:30,26.15,63.54,1.04,94.0,96.55,0,normal
2026-09-02 14:52:00,34.17,63.55,1.293,141.42,85.17,0,normal
2026-09-02 14:52:30,30.09,63.55,1.151,139.02,68.36,0,normal
2026-09-02 14:53:00,31.12,63.56,1.34,100.94,52.3,0,normal
2026-09-02 14:53:30,29.85,63.56,1.246,104.21,76.79,0,normal
2026-09-02 14:54:00,32.48,63.56,1.217,136.83,68.31,0,normal
2026-09-02 14:54:30,25.88,63.55,1.012,152.9,72.9,0,normal
2026-09-02 14:55:00,21.43,63.56,0.875,118.28,59.7,0,normal
2026-09-02 14:55:30,26.72,63.55,1.035,133.86,73.61,0,normal
2026-09-02 14:56:00,29.22,63.58,1.121,141.84,70.01,0,normal
2026-09-02 14:56:30,28.2,63.62,1.109,173.83,86.1,0,normal
2026-09-02 14:57:00,28.5,63.64,1.202,91.11,42.58,0,normal
2026-09-02 14:57:30,31.11,63.67,1.318,103.28,54.14,0,normal
2026-09-02 14:58:00,28.75,63.63,1.108,107.34,75.09,0,normal
2026-09-02 14:58:30,29.79,63.61,1.219,140.69,79.87,0,normal
2026-09-02 14:59:00,25.43,63.6,1.017,113.7,51.53,0,normal
2026-09-02 14:59:30,25.04,63.6,0.951,127.81,57.02,0,normal
2026-09-02 15:00:00,31.81,63.59,1.253,123.05,53.29,0,normal
2026-09-02 15:00:30,28.02,63.56,1.05,120.04,90.51,0,normal
2026-09-02 15:01:00,26.2,63.58,1.109,122.68,55.71,0,normal
2026-09-02 15:01:30,26.2,63.62,1.129,145.75,100.9,0,normal
2026-09-02 15:02:00,26.12,63.64,1.023,95.74,44.41,0,normal
2026-09-02 15:02:30,25.97,63.66,1.005,116.29,52.11,0,normal
2026-09-02 15:03:00,24.52,63.67,1.033,89.62,42.4,0,normal
2026-09-02 15:03:30,23.98,63.65,1.018,125.66,65.16,0,normal
2026-09-02 15:04:00,27.23,63.65,1.029,115.11,69.63,0,normal
2026-09-02 15:04:30,26.24,63.69,1.042,146.73,95.88,0,normal
2026-09-02 15:05:00,30.47,63.68,1.215,119.88,56.63,0,normal
2026-09-02 15:05:30,28.44,63.67,1.094,108.9,50.0,0,normal
2026-09-02 15:06:00,28.35,63.69,1.156,113.83,81.15,0,normal
2026-09-02 15:06:30,25.83,63.71,0.997,163.09,83.57,0,normal
2026-09-02 15:07:00,27.38,63.69,1.065,80.75,43.96,0,normal
2026-09-02 15:07:30,28.58,63.69,1.137,104.31,63.85,0,normal
2026-09-02 15:08:00,29.45,63.68,1.09,120.9,63.53,0,normal
2026-09-02 15:08:30,27.43,63.68,0.984,104.09,62.02,0,normal
2026-09-02 15:09:00,30.35,63.7,1.27,132.27,64.23,0,normal
2026-09-02 15:09:30,27.67,63.68,1.066,118.59,80.56,0,normal
2026-09-02 15:10:00,29.62,63.7,1.311,126.4,56.03,0,normal
2026-09-02 15:10:30,26.41,63.7,1.161,122.95,86.03,0,normal
2026-09-02 15:11:00,23.09,63.74,0.9,117.42,51.28,0,normal
2026-09-02 15:11:30,28.29,63.75,1.264,87.73,45.12,0,normal
2026-09-02 15:12:00,29.42,63.74,1.232,124.4,67.26,0,normal
2026-09-02 15:12:30,29.05,63.76,1.124,75.91,54.9,0,normal
2026-09-02 15:13:00,28.65,63.75,0.998,103.2,67.45,0,normal
2026-09-02 15:13:30,26.73,63.71,1.106,132.23,59.09,0,normal
2026-09-02 15:14:00,25.57,63.7,1.024,149.74,74.57,0,normal
2026-09-02 15:14:30,28.96,63.7,1.183,178.74,93.97,0,normal
2026-09-02 15:15:00,28.64,63.66,1.132,109.29,55.29,0,normal
2026-09-02 15:15:30,26.17,63.66,0.987,98.37,49.63,0,normal
2026-09-02 15:16:00,30.33,63.62,1.187,133.06,77.68,0,normal
2026-09-02 15:16:30,25.35,63.61,1.05,166.75,85.9,0,normal
2026-09-02 15:17:00,26.08,63.61,1.025,158.32,76.78,0,normal
2026-09-02 15:17:30,31.63,63.61,1.243,94.12,50.33,0,normal
2026-09-02 15:18:00,29.7,63.6,1.098,116.49,55.82,0,normal
2026-09-02 15:18:30,26.63,63.6,1.07,141.26,73.18,0,normal
2026-09-02 15:19:00,28.23,63.58,1.067,142.99,66.02,0,normal
2026-09-02 15:19:30,27.9,63.58,1.167,134.8,69.74,0,normal
2026-09-02 15:20:00,20.64,63.58,0.795,108.78,75.46,0,normal
2026-09-02 15:20:30,25.23,63.56,0.994,134.57,72.4,0,normal
2026-09-02 15:21:00,27.36,63.56,1.213,143.23,72.22,0,normal
2026-09-02 15:21:30,26.59,63.57,1.047,96.7,45.44,0,normal
2026-09-02 15:22:00,28.09,63.56,1.099,153.26,76.46,0,normal
2026-09-02 15:22:30,30.3,63.61,1.247,144.8,70.61,0,normal
2026-09-02 15:23:00,26.65,63.6,0.971,101.45,48.74,0,normal
2026-09-02 15:23:30,24.81,63.6,1.055,143.12,69.84,0,normal
2026-09-02 15:24:00,28.26,63.59,1.186,140.33,68.74,0,normal
2026-09-02 15:24:30,26.63,63.57,1.093,141.28,61.65,0,normal
2026-09-02 15:25:00,27.04,63.58,0.899,159.4,74.96,0,normal
2026-09-02 15:25:30,26.7,63.56,1.054,119.74,74.79,0,normal
2026-09-02 15:26:00,33.02,63.55,1.237,128.29,59.88,0,normal
2026-09-02 15:26:30,21.81,63.54,0.922,54.03,38.33,0,normal
2026-09-02 15:27:00,26.43,63.52,1.113,147.9,67.74,0,normal
2026-09-02 15:27:30,27.39,63.48,1.117,145.49,65.16,0,normal
2026-09-02 15:28:00,25.43,63.47,0.956,153.9,96.28,0,normal
2026-09-02 15:28:30,29.64,63.49,1.274,96.58,69.28,0,normal
2026-09-02 15:29:00,29.4,63.49,1.161,144.05,63.04,0,normal
2026-09-02 15:29:30,27.25,63.52,1.188,145.47,62.92,0,normal
2026-09-02 15:30:00,26.68,63.53,1.081,103.73,49.09,0,normal
2026-09-02 15:30:30,27.08,63.54,1.111,146.4,76.3,0,normal
2026-09-02 15:31:00,27.08,63.57,1.058,131.58,70.67,0,normal
2026-09-02 15:31:30,27.15,63.57,1.162,77.55,54.18,0,normal
2026-09-02 15:32:00,26.86,63.57,1.107,134.61,70.33,0,normal
2026-09-02 15:32:30,27.96,63.57,1.199,100.82,52.54,0,normal
2026-09-02 15:33:00,29.2,63.6,1.178,78.1,34.48,0,normal
2026-09-02 15:33:30,24.24,63.6,0.967,129.16,67.55,0,normal
2026-09-02 15:34:00,24.67,63.58,1.016,118.37,83.06,0,normal
2026-09-02 15:34:30,22.93,63.59,0.983,155.1,105.27,0,normal
2026-09-02 15:35:00,29.45,63.57,1.238,124.54,55.42,0,normal
2026-09-02 15:35:30,27.91,63.58,1.124,139.46,76.93,0,normal
2026-09-02 15:36:00,28.53,63.59,1.035,132.72,87.16,0,normal
2026-09-02 15:36:30,23.69,63.59,0.986,145.52,71.96,0,normal
2026-09-02 15:37:00,31.72,63.59,1.177,97.84,65.25,0,normal
2026-09-02 15:37:30,25.73,63.56,1.031,124.96,55.15,0,normal
2026-09-02 15:38:00,27.66,63.56,1.1,116.48,54.11,0,normal
2026-09-02 15:38:30,29.37,63.55,1.092,136.34,62.77,0,normal
2026-09-02 15:39:00,24.76,63.61,1.009,126.4,89.03,0,normal
2026-09-02 15:39:30,25.86,63.61,1.146,104.65,58.31,0,normal
2026-09-02 15:40:00,27.66,63.6,1.089,111.55,66.54,0,normal
2026-09-02 15:40:30,34.35,63.57,1.427,161.21,96.84,0,normal
2026-09-02 15:41:00,27.95,63.59,1.25,77.64,39.93,0,normal
2026-09-02 15:41:30,31.21,63.58,1.302,137.73,76.21,0,normal
2026-09-02 15:42:00,30.19,63.56,1.169,151.04,85.26,0,normal
2026-09-02 15:42:30,28.1,63.57,1.137,134.47,65.25,0,normal
2026-09-02 15:43:00,24.69,63.58,1.011,169.28,85.82,0,normal
2026-09-02 15:43:30,29.81,63.59,1.278,143.46,71.32,0,normal
2026-09-02 15:44:00,23.4,63.59,0.993,129.6,59.73,0,normal
2026-09-02 15:44:30,31.15,63.59,1.073,108.33,62.32,0,normal
2026-09-02 15:45:00,27.63,63.59,1.058,130.07,55.92,0,normal
2026-09-02 15:45:30,20.51,63.6,0.817,137.04,64.06,0,normal
2026-09-02 15:46:00,26.27,63.61,0.997,120.09,86.7,0,normal
2026-09-02 15:46:30,28.75,63.63,0.937,101.43,51.77,0,normal
2026-09-02 15:47:00,26.51,63.63,1.022,89.89,70.86,0,normal
2026-09-02 15:47:30,28.89,63.61,1.155,124.64,53.51,0,normal
2026-09-02 15:48:00,24.96,63.6,0.972,82.99,41.13,0,normal
2026-09-02 15:48:30,23.82,63.62,0.905,108.21,53.54,0,normal
2026-09-02 15:49:00,26.89,63.58,1.078,59.21,41.94,0,normal
2026-09-02 15:49:30,27.15,63.54,1.105,140.83,70.32,0,normal
2026-09-02 15:50:00,26.19,63.56,1.023,148.85,78.26,0,normal
2026-09-02 15:50:30,30.12,63.59,1.288,121.97,60.95,0,normal
2026-09-02 15:51:00,24.92,63.56,1.0,165.79,86.78,0,normal
2026-09-02 15:51:30,27.82,63.56,1.064,153.68,73.91,0,normal
2026-09-02 15:52:00,27.2,63.55,1.027,131.99,70.93,0,normal
2026-09-02 15:52:30,23.13,63.55,0.916,117.17,57.57,0,normal
2026-09-02 15:53:00,23.71,63.55,1.001,111.27,48.16,0,normal
2026-09-02 15:53:30,27.04,63.52,1.037,134.06,57.91,0,normal
2026-09-02 15:54:00,31.95,63.5,1.316,116.47,51.27,0,normal
2026-09-02 15:54:30,28.44,63.49,1.143,133.71,69.17,0,normal
2026-09-02 15:55:00,22.66,63.48,0.997,135.56,80.83,0,normal
2026-09-02 15:55:30,19.2,63.46,0.783,114.26,57.49,0,normal
2026-09-02 15:56:00,28.8,63.47,1.112,147.39,86.09,0,normal
2026-09-02 15:56:30,26.72,63.46,1.108,114.29,58.02,0,normal
2026-09-02 15:57:00,29.8,63.45,1.238,120.53,55.43,0,normal
2026-09-02 15:57:30,24.75,63.46,0.97,95.56,59.05,0,normal
2026-09-02 15:58:00,27.81,63.45,1.048,113.23,61.64,0,normal
2026-09-02 15:58:30,29.05,63.47,1.193,173.95,81.71,0,normal
2026-09-02 15:59:00,25.8,63.45,1.035,97.49,53.14,0,normal
2026-09-02 15:59:30,25.85,63.42,0.956,130.94,71.56,0,normal
2026-09-02 16:00:00,26.96,63.41,1.092,108.64,70.29,0,normal
2026-09-02 16:00:30,28.26,63.41,1.094,64.65,44.39,0,normal
2026-09-02 16:01:00,26.85,63.38,0.993,133.97,76.66,0,normal
2026-09-02 16:01:30,29.32,63.35,1.152,106.1,47.62,0,normal
2026-09-02 16:02:00,25.71,63.35,1.095,127.98,68.59,0,normal
2026-09-02 16:02:30,23.55,63.34,0.999,144.74,78.36,0,normal
2026-09-02 16:03:00,31.79,63.31,1.332,125.86,72.14,0,normal
2026-09-02 16:03:30,25.34,63.33,1.027,128.21,69.97,0,normal
2026-09-02 16:04:00,25.42,63.31,1.047,98.3,42.2,0,normal
2026-09-02 16:04:30,26.67,63.33,1.072,137.67,83.34,0,normal
2026-09-02 16:05:00,26.99,63.33,1.02,115.26,50.22,0,normal
2026-09-02 16:05:30,25.85,63.34,0.987,70.04,47.69,0,normal
2026-09-02 16:06:00,26.76,63.33,1.038,140.68,78.33,0,normal
2026-09-02 16:06:30,26.7,63.27,1.143,148.32,79.08,0,normal
2026-09-02 16:07:00,27.22,63.25,1.148,157.03,68.28,0,normal
2026-09-02 16:07:30,20.89,63.25,0.791,174.27,91.15,0,normal
2026-09-02 16:08:00,31.47,63.25,1.262,139.34,65.99,0,normal
2026-09-02 16:08:30,26.4,63.21,1.035,132.85,63.35,0,normal
2026-09-02 16:09:00,28.21,63.21,1.12,147.29,68.64,0,normal
2026-09-02 16:09:30,23.31,63.19,0.907,97.83,55.07,0,normal
2026-09-02 16:10:00,25.56,63.19,1.094,78.2,53.31,0,normal
2026-09-02 16:10:30,25.06,63.19,1.001,108.07,62.06,0,normal
2026-09-02 16:11:00,30.4,63.2,1.229,151.93,67.03,0,normal
2026-09-02 16:11:30,25.26,63.22,1.022,103.47,62.51,0,normal
2026-09-02 16:12:00,28.6,63.22,1.085,131.64,74.74,0,normal
2026-09-02 16:12:30,25.08,63.24,1.009,134.33,63.65,0,normal
2026-09-02 16:13:00,25.56,63.23,1.077,126.11,68.7,0,normal
2026-09-02 16:13:30,26.08,63.29,1.12,88.06,52.18,0,normal
2026-09-02 16:14:00,29.88,63.26,1.127,128.57,59.68,0,normal
2026-09-02 16:14:30,21.95,63.25,0.811,109.46,49.41,0,normal
2026-09-02 16:15:00,23.37,63.26,0.938,162.57,100.67,0,normal
2026-09-02 16:15:30,21.79,63.28,0.92,148.42,71.41,0,normal
2026-09-02 16:16:00,23.92,63.28,0.974,110.34,50.68,0,normal
2026-09-02 16:16:30,24.61,63.3,1.018,164.14,78.85,0,normal
2026-09-02 16:17:00,22.59,63.25,0.842,128.59,74.15,0,normal
2026-09-02 16:17:30,24.79,63.28,0.963,78.21,51.12,0,normal
2026-09-02 16:18:00,21.57,63.28,0.768,118.04,54.9,0,normal
2026-09-02 16:18:30,24.06,63.3,0.956,160.88,79.01,0,normal
2026-09-02 16:19:00,29.59,63.26,1.056,99.5,46.1,0,normal
2026-09-02 16:19:30,27.6,63.26,1.178,118.29,69.12,0,normal
2026-09-02 16:20:00,27.04,63.25,1.166,86.0,51.61,0,normal
2026-09-02 16:20:30,24.07,63.26,0.969,89.97,55.8,0,normal
2026-09-02 16:21:00,22.72,63.26,0.84,99.14,55.65,0,normal
2026-09-02 16:21:30,23.71,63.27,0.966,89.32,64.97,0,normal
2026-09-02 16:22:00,26.43,63.24,1.156,104.54,52.28,0,normal
2026-09-02 16:22:30,28.71,63.24,1.176,163.46,84.94,0,normal
2026-09-02 16:23:00,28.78,63.23,1.219,119.1,75.28,0,normal
2026-09-02 16:23:30,28.1,63.24,1.097,139.64,70.2,0,normal
2026-09-02 16:24:00,24.66,63.26,0.944,147.29,68.66,0,normal
2026-09-02 16:24:30,26.57,63.26,1.059,92.29,53.82,0,normal
2026-09-02 16:25:00,25.69,63.23,0.929,99.21,50.73,0,normal
2026-09-02 16:25:30,25.99,63.24,1.157,139.15,65.62,0,normal
2026-09-02 16:26:00,31.57,63.28,1.272,104.14,50.07,0,normal
2026-09-02 16:26:30,22.07,63.32,0.921,137.49,61.87,0,normal
2026-09-02 16:27:00,25.87,63.25,1.011,161.93,82.12,0,normal
2026-09-02 16:27:30,29.49,63.26,1.088,83.62,62.67,0,normal
2026-09-02 16:28:00,22.78,63.27,0.976,111.08,62.65,0,normal
2026-09-02 16:28:30,24.83,63.27,0.937,115.04,49.08,0,normal
2026-09-02 16:29:00,25.1,63.25,1.022,106.84,58.93,0,normal
2026-09-02 16:29:30,25.87,63.25,1.058,104.8,54.58,0,normal
2026-09-02 16:30:00,22.42,63.25,0.9,107.7,70.77,0,normal
2026-09-02 16:30:30,27.9,63.23,1.072,119.62,65.91,0,normal
2026-09-02 16:31:00,28.06,63.25,1.114,124.12,55.88,0,normal
2026-09-02 16:31:30,27.66,63.25,1.054,143.84,68.48,0,normal
2026-09-02 16:32:00,24.2,63.23,1.007,119.37,55.91,0,normal
2026-09-02 16:32:30,26.59,63.25,1.094,147.95,80.2,0,normal
2026-09-02 16:33:00,24.11,63.22,0.963,105.2,48.19,0,normal
2026-09-02 16:33:30,25.52,63.2,0.992,89.97,39.78,0,normal
2026-09-02 16:34:00,31.72,63.19,1.403,112.38,58.05,0,normal
2026-09-02 16:34:30,26.58,63.23,0.994,131.56,94.73,0,normal
2026-09-02 16:35:00,23.35,63.21,0.862,141.51,73.46,0,normal
2026-09-02 16:35:30,26.77,63.17,1.067,156.51,81.22,0,normal
2026-09-02 16:36:00,22.93,63.16,0.905,127.26,56.49,0,normal
2026-09-02 16:36:30,23.31,63.17,0.983,138.83,61.97,0,normal
2026-09-02 16:37:00,23.69,63.18,0.978,154.22,80.82,0,normal
2026-09-02 16:37:30,25.18,63.22,1.009,100.52,58.53,0,normal
2026-09-02 16:38:00,28.61,63.25,1.173,114.75,66.91,0,normal
2026-09-02 16:38:30,27.72,63.25,1.135,189.27,91.66,0,normal
2026-09-02 16:39:00,27.56,63.23,1.218,141.41,73.13,0,normal
2026-09-02 16:39:30,23.51,63.26,0.952,132.77,68.1,0,normal
2026-09-02 16:40:00,24.88,63.25,0.961,142.34,66.81,0,normal
2026-09-02 16:40:30,26.92,63.24,1.087,86.61,42.31,0,normal
2026-09-02 16:41:00,24.65,63.22,0.857,103.83,47.28,0,normal
2026-09-02 16:41:30,25.52,63.2,1.019,94.69,57.05,0,normal
2026-09-02 16:42:00,27.31,63.19,1.152,130.47,66.46,0,normal
2026-09-02 16:42:30,25.33,63.18,1.044,110.78,66.47,0,normal
2026-09-02 16:43:00,26.75,63.19,1.086,122.38,54.06,0,normal
2026-09-02 16:43:30,30.17,63.18,1.246,112.22,49.7,0,normal
2026-09-02 16:44:00,25.74,63.16,1.086,79.34,48.39,0,normal
2026-09-02 16:44:30,29.12,63.12,1.248,142.12,66.55,0,normal
2026-09-02 16:45:00,27.55,63.12,1.127,75.95,48.04,0,normal
2026-09-02 16:45:30,22.48,63.12,0.885,101.81,58.6,0,normal
2026-09-02 16:46:00,23.38,63.11,0.827,87.11,41.8,0,normal
2026-09-02 16:46:30,24.05,63.1,1.009,98.01,49.22,0,normal
2026-09-02 16:47:00,23.98,63.1,0.984,125.05,53.05,0,normal
2026-09-02 16:47:30,25.89,63.13,1.043,150.88,84.48,0,normal
2026-09-02 16:48:00,27.63,63.11,1.067,80.98,40.9,0,normal
2026-09-02 16:48:30,29.24,63.11,1.226,106.07,52.02,0,normal
2026-09-02 16:49:00,26.85,63.13,1.06,76.27,34.84,0,normal
2026-09-02 16:49:30,24.97,63.11,0.997,104.86,46.31,0,normal
2026-09-02 16:50:00,20.86,63.11,0.832,121.8,75.04,0,normal
2026-09-02 16:50:30,26.24,63.11,1.073,139.18,62.03,0,normal
2026-09-02 16:51:00,26.11,63.08,0.984,67.04,54.14,0,normal
2026-09-02 16:51:30,26.5,63.08,1.09,133.76,57.96,0,normal
2026-09-02 16:52:00,31.29,63.08,1.207,95.68,66.69,0,normal
2026-09-02 16:52:30,29.13,63.09,1.125,89.6,40.41,0,normal
2026-09-02 16:53:00,27.97,63.06,1.168,121.69,58.03,0,normal
2026-09-02 16:53:30,23.61,63.06,0.897,135.68,61.96,0,normal
2026-09-02 16:54:00,24.71,63.09,1.032,117.49,58.44,0,normal
2026-09-02 16:54:30,25.76,63.13,1.035,92.67,43.82,0,normal
2026-09-02 16:55:00,24.04,63.15,0.882,117.48,72.39,0,normal
2026-09-02 16:55:30,27.23,63.13,1.163,101.87,53.14,0,normal
2026-09-02 16:56:00,26.85,63.13,1.091,135.1,58.07,0,normal
2026-09-02 16:56:30,23.24,63.12,0.948,146.88,70.11,0,normal
2026-09-02 16:57:00,28.93,63.12,1.216,145.29,70.13,0,normal
2026-09-02 16:57:30,26.2,63.11,1.126,119.51,54.94,0,normal
2026-09-02 16:58:00,21.6,63.07,0.873,148.07,63.22,0,normal
2026-09-02 16:58:30,25.79,63.06,1.064,94.48,51.57,0,normal
2026-09-02 16:59:00,26.61,63.07,1.084,164.57,70.88,0,normal
2026-09-02 16:59:30,28.34,63.08,1.114,94.34,46.85,0,normal
2026-09-02 17:00:00,25.04,63.08,0.922,69.25,47.03,0,normal
2026-09-02 17:00:30,27.96,63.09,1.13,154.14,69.67,0,normal
2026-09-02 17:01:00,26.34,63.09,1.126,102.25,59.51,0,normal
2026-09-02 17:01:30,22.58,63.1,0.93,122.92,67.94,0,normal
2026-09-02 17:02:00,22.31,63.09,0.845,94.23,49.71,0,normal
2026-09-02 17:02:30,28.66,63.09,1.209,179.09,96.06,0,normal
2026-09-02 17:03:00,28.82,63.12,1.135,165.55,95.57,0,normal
2026-09-02 17:03:30,26.64,63.13,0.954,158.66,73.9,0,normal
2026-09-02 17:04:00,29.56,63.12,1.242,122.21,51.95,0,normal
2026-09-02 17:04:30,28.46,63.13,1.084,144.52,78.47,0,normal
2026-09-02 17:05:00,27.51,63.12,1.198,118.67,79.26,0,normal
2026-09-02 17:05:30,23.52,63.11,0.995,148.06,68.77,0,normal
2026-09-02 17:06:00,30.11,63.11,1.191,109.73,54.35,0,normal
2026-09-02 17:06:30,27.12,63.1,1.11,159.62,68.71,0,normal
2026-09-02 17:07:00,24.8,63.09,1.112,108.48,47.24,0,normal
2026-09-02 17:07:30,24.09,63.08,1.012,111.32,51.02,0,normal
2026-09-02 17:08:00,26.39,63.07,1.068,108.34,69.43,0,normal
2026-09-02 17:08:30,21.57,63.09,0.987,124.81,53.31,0,normal
2026-09-02 17:09:00,27.48,63.08,1.106,110.3,53.23,0,normal
2026-09-02 17:09:30,23.34,63.04,0.961,132.18,68.58,0,normal
2026-09-02 17:10:00,26.64,63.04,1.016,107.98,52.34,0,normal
2026-09-02 17:10:30,24.4,63.05,0.894,139.77,84.8,0,normal
2026-09-02 17:11:00,25.03,63.02,0.987,157.96,67.92,0,normal
2026-09-02 17:11:30,23.8,63.04,0.954,121.94,71.48,0,normal
2026-09-02 17:12:00,25.27,63.01,1.027,175.46,77.14,0,normal
2026-09-02 17:12:30,30.4,63.03,1.13,148.19,77.06,0,normal
2026-09-02 17:13:00,29.12,63.02,1.203,173.46,94.38,0,normal
2026-09-02 17:13:30,26.54,62.98,1.018,118.47,55.72,0,normal
2026-09-02 17:14:00,25.57,62.98,1.054,78.46,46.94,0,normal
2026-09-02 17:14:30,27.75,62.97,1.162,102.35,43.91,0,normal
2026-09-02 17:15:00,28.44,62.95,1.115,104.9,51.08,0,normal
2026-09-02 17:15:30,23.54,62.94,0.896,96.17,69.42,0,normal
2026-09-02 17:16:00,25.41,62.93,1.095,65.1,29.24,0,normal
2026-09-02 17:16:30,21.05,62.92,0.879,145.62,71.58,0,normal
2026-09-02 17:17:00,28.39,62.88,1.144,73.5,40.38,0,normal
2026-09-02 17:17:30,30.75,62.91,1.32,143.22,84.47,0,normal
2026-09-02 17:18:00,25.77,62.9,1.035,174.64,100.44,0,normal
2026-09-02 17:18:30,20.25,62.88,0.785,100.54,67.28,0,normal
2026-09-02 17:19:00,27.07,62.86,1.029,129.69,57.97,0,normal
2026-09-02 17:19:30,23.29,62.87,0.926,110.03,52.02,0,normal
2026-09-02 17:20:00,23.87,62.84,0.992,140.68,66.89,0,normal
2026-09-02 17:20:30,27.1,62.84,1.159,90.14,41.96,0,normal
2026-09-02 17:21:00,26.15,62.83,1.047,116.71,52.86,0,normal
2026-09-02 17:21:30,24.29,62.82,1.031,148.03,76.79,0,normal
2026-09-02 17:22:00,23.87,62.79,0.945,118.78,58.76,0,normal
2026-09-02 17:22:30,25.81,62.78,0.992,79.28,34.04,0,normal
2026-09-02 17:23:00,24.45,62.77,0.914,151.04,65.92,0,normal
2026-09-02 17:23:30,22.7,62.78,0.885,87.6,44.03,0,normal
2026-09-02 17:24:00,24.63,62.76,0.923,121.97,59.94,0,normal
2026-09-02 17:24:30,26.31,62.76,1.158,134.57,61.69,0,normal
2026-09-02 17:25:00,24.99,62.77,1.022,123.0,65.87,0,normal
2026-09-02 17:25:30,21.91,62.74,0.872,183.44,77.68,0,normal
2026-09-02 17:26:00,27.89,62.73,1.212,138.35,59.58,0,normal
2026-09-02 17:26:30,18.57,62.71,0.695,114.94,51.76,0,normal
2026-09-02 17:27:00,24.29,62.69,0.965,135.07,65.91,0,normal
2026-09-02 17:27:30,23.85,62.69,1.049,125.25,66.6,0,normal
2026-09-02 17:28:00,25.75,62.68,1.023,121.11,55.26,0,normal
2026-09-02 17:28:30,26.79,62.66,1.203,126.09,59.64,0,normal
2026-09-02 17:29:00,28.18,62.68,1.172,109.15,59.1,0,normal
2026-09-02 17:29:30,23.59,62.7,1.005,125.32,53.67,0,normal
2026-09-02 17:30:00,26.81,62.65,1.144,107.36,47.87,0,normal
2026-09-02 17:30:30,25.84,62.62,1.034,72.6,57.09,0,normal
2026-09-02 17:31:00,21.05,62.63,0.821,148.51,73.07,0,normal
2026-09-02 17:31:30,30.08,62.63,1.196,105.86,54.96,0,normal
2026-09-02 17:32:00,21.71,62.65,0.826,123.53,65.55,0,normal
2026-09-02 17:32:30,26.36,62.66,1.051,100.99,50.49,0,normal
2026-09-02 17:33:00,26.27,62.67,1.051,101.74,63.26,0,normal
2026-09-02 17:33:30,25.98,62.65,1.127,94.03,41.77,0,normal
2026-09-02 17:34:00,24.04,62.65,0.99,143.71,60.84,0,normal
2026-09-02 17:34:30,27.34,62.63,1.223,149.74,80.92,0,normal
2026-09-02 17:35:00,21.36,62.65,0.762,120.65,56.53,0,normal
2026-09-02 17:35:30,25.09,62.66,0.943,106.58,71.11,0,normal
2026-09-02 17:36:00,23.83,62.64,0.936,77.67,36.23,0,normal
2026-09-02 17:36:30,23.55,62.65,1.012,139.89,67.19,0,normal
2026-09-02 17:37:00,26.29,62.69,1.046,103.09,49.11,0,normal
2026-09-02 17:37:30,27.91,62.69,1.035,92.07,59.31,0,normal
2026-09-02 17:38:00,24.34,62.69,0.962,120.73,61.06,0,normal
2026-09-02 17:38:30,27.15,62.69,1.021,111.65,55.59,0,normal
2026-09-02 17:39:00,25.31,62.68,0.942,82.05,59.66,0,normal
2026-09-02 17:39:30,22.95,62.65,1.01,85.48,60.67,0,normal
2026-09-02 17:40:00,24.52,62.65,0.964,128.41,56.03,0,normal
2026-09-02 17:40:30,24.42,62.65,0.985,103.61,58.67,0,normal
2026-09-02 17:41:00,23.41,62.68,0.932,132.76,59.41,0,normal
2026-09-02 17:41:30,26.22,62.65,1.036,123.66,58.1,0,normal
2026-09-02 17:42:00,25.72,62.64,0.985,146.19,65.26,0,normal
2026-09-02 17:42:30,21.15,62.66,0.833,99.2,51.04,0,normal
2026-09-02 17:43:00,20.98,62.65,0.853,125.82,113.88,0,normal
2026-09-02 17:43:30,26.17,62.65,1.121,135.96,74.3,0,normal
2026-09-02 17:44:00,23.05,62.63,0.966,104.34,47.28,0,normal
2026-09-02 17:44:30,25.85,62.61,0.971,148.18,69.15,0,normal
2026-09-02 17:45:00,27.03,62.57,1.135,78.34,39.84,0,normal
2026-09-02 17:45:30,21.9,62.56,0.897,99.18,42.77,0,normal
2026-09-02 17:46:00,21.53,62.53,0.834,77.41,43.66,0,normal
2026-09-02 17:46:30,29.24,62.53,1.18,101.6,44.75,0,normal
2026-09-02 17:47:00,25.92,62.51,1.066,116.14,63.64,0,normal
2026-09-02 17:47:30,23.99,62.51,0.962,140.79,65.98,0,normal
2026-09-02 17:48:00,22.68,62.49,0.929,116.12,57.68,0,normal
2026-09-02 17:48:30,23.74,62.49,0.909,105.12,46.05,0,normal
2026-09-02 17:49:00,22.03,62.48,0.969,81.27,38.55,0,normal
2026-09-02 17:49:30,27.21,62.46,0.983,89.65,51.81,0,normal
2026-09-02 17:50:00,23.04,62.45,0.948,127.76,54.06,0,normal
2026-09-02 17:50:30,27.72,62.47,1.129,142.04,65.94,0,normal
2026-09-02 17:51:00,23.96,62.47,0.989,109.52,56.3,0,normal
2026-09-02 17:51:30,22.36,62.46,0.863,150.28,66.46,0,normal
2026-09-02 17:52:00,23.88,62.45,1.011,96.25,63.14,0,normal
2026-09-02 17:52:30,18.39,62.41,0.731,110.24,48.93,0,normal
2026-09-02 17:53:00,24.63,62.41,0.927,112.35,52.21,0,normal
2026-09-02 17:53:30,24.5,62.4,0.926,158.24,70.81,0,normal
2026-09-02 17:54:00,26.97,62.37,1.086,123.34,57.54,0,normal
2026-09-02 17:54:30,20.19,62.36,0.743,75.04,44.45,0,normal
2026-09-02 17:55:00,27.8,62.35,1.212,143.79,61.4,0,normal
2026-09-02 17:55:30,26.94,62.37,1.134,166.15,76.96,0,normal
2026-09-02 17:56:00,28.0,62.38,1.222,113.76,66.48,0,normal
2026-09-02 17:56:30,24.74,62.37,1.075,97.57,42.24,0,normal
2026-09-02 17:57:00,27.39,62.35,1.076,141.61,59.62,0,normal
2026-09-02 17:57:30,21.18,62.34,0.81,169.11,73.1,0,normal
2026-09-02 17:58:00,26.62,62.35,0.922,141.22,64.34,0,normal
2026-09-02 17:58:30,22.91,62.36,0.898,79.42,55.42,0,normal
2026-09-02 17:59:00,20.69,62.35,0.901,138.87,73.38,0,normal
2026-09-02 17:59:30,22.01,62.37,0.844,130.11,58.3,0,normal
2026-09-02 18:00:00,24.81,62.35,0.982,96.13,63.52,0,normal
2026-09-02 18:00:30,22.74,62.38,0.884,152.22,81.67,0,normal
2026-09-02 18:01:00,25.72,62.37,1.048,130.96,56.09,0,normal
2026-09-02 18:01:30,20.26,62.36,0.863,152.87,86.0,0,normal
2026-09-02 18:02:00,19.45,62.35,0.718,93.46,58.0,0,normal
2026-09-02 18:02:30,28.19,62.37,1.052,129.97,66.25,0,normal
2026-09-02 18:03:00,27.0,62.36,1.16,97.62,65.55,0,normal
2026-09-02 18:03:30,22.12,62.38,0.917,126.19,56.63,0,normal
2026-09-02 18:04:00,24.72,62.36,0.976,156.93,71.65,0,normal
2026-09-02 18:04:30,27.28,62.35,1.184,84.34,37.97,0,normal
2026-09-02 18:05:00,25.76,62.35,0.96,85.77,45.75,0,normal
2026-09-02 18:05:30,25.08,62.34,1.05,143.89,74.07,0,normal
2026-09-02 18:06:00,27.43,62.35,1.093,119.65,57.01,0,normal
2026-09-02 18:06:30,22.86,62.36,0.942,149.28,70.59,0,normal
2026-09-02 18:07:00,24.75,62.33,0.872,99.82,45.84,0,normal
2026-09-02 18:07:30,24.63,62.33,0.972,121.28,56.68,0,normal
2026-09-02 18:08:00,23.97,62.32,0.994,137.2,60.6,0,normal
2026-09-02 18:08:30,23.68,62.32,0.944,125.26,61.17,0,normal
2026-09-02 18:09:00,24.82,62.36,1.055,75.28,37.47,0,normal
2026-09-02 18:09:30,24.72,62.35,1.049,190.56,87.21,0,normal
2026-09-02 18:10:00,22.0,62.36,0.838,125.31,66.3,0,normal
2026-09-02 18:10:30,26.62,62.36,1.109,86.49,50.22,0,normal
2026-09-02 18:11:00,22.16,62.35,0.842,127.85,65.24,0,normal
2026-09-02 18:11:30,24.05,62.35,0.965,130.73,61.74,0,normal
2026-09-02 18:12:00,23.84,62.33,0.985,144.85,60.54,0,normal
2026-09-02 18:12:30,25.48,62.34,0.976,143.18,66.33,0,normal
2026-09-02 18:13:00,19.26,62.33,0.801,114.65,53.98,0,normal
2026-09-02 18:13:30,26.79,62.31,1.044,76.95,52.42,0,normal
2026-09-02 18:14:00,22.85,62.32,0.888,131.53,63.91,0,normal
2026-09-02 18:14:30,27.59,62.33,1.143,78.94,34.66,0,normal
2026-09-02 18:15:00,23.33,62.32,0.894,150.38,86.64,0,normal
2026-09-02 18:15:30,24.4,62.34,0.933,101.68,67.25,0,normal
2026-09-02 18:16:00,29.29,62.3,1.233,135.87,72.98,0,normal
2026-09-02 18:16:30,23.81,62.33,0.958,103.6,49.89,0,normal
2026-09-02 18:17:00,27.59,62.31,1.023,107.7,65.9,0,normal
2026-09-02 18:17:30,24.59,62.31,1.026,99.98,55.55,0,normal
2026-09-02 18:18:00,25.51,62.3,1.0,137.9,82.85,0,normal
2026-09-02 18:18:30,24.65,62.28,0.917,104.47,49.81,0,normal
2026-09-02 18:19:00,26.57,62.3,0.93,139.21,77.49,0,normal
2026-09-02 18:19:30,22.74,62.34,0.951,105.12,44.13,0,normal
2026-09-02 18:20:00,21.97,62.33,0.841,114.21,60.8,0,normal
2026-09-02 18:20:30,22.84,62.33,0.857,120.89,64.67,0,normal
2026-09-02 18:21:00,24.66,62.33,1.018,123.85,55.27,0,normal
2026-09-02 18:21:30,23.86,62.37,0.993,96.89,46.47,0,normal
2026-09-02 18:22:00,26.17,62.32,1.006,137.6,58.35,0,normal
2026-09-02 18:22:30,27.66,62.33,1.157,113.22,57.09,0,normal
2026-09-02 18:23:00,21.94,62.31,0.968,133.6,90.46,0,normal
2026-09-02 18:23:30,22.54,62.26,0.962,119.59,67.24,0,normal
2026-09-02 18:24:00,20.77,62.25,0.88,134.66,79.51,0,normal
2026-09-02 18:24:30,29.44,62.29,1.196,109.72,49.03,0,normal
2026-09-02 18:25:00,25.1,62.27,0.982,100.26,53.75,0,normal
2026-09-02 18:25:30,25.54,62.29,1.019,130.67,56.8,0,normal
2026-09-02 18:26:00,20.97,62.31,0.857,107.66,65.56,0,normal
2026-09-02 18:26:30,24.32,62.3,0.912,156.47,69.61,0,normal
2026-09-02 18:27:00,25.58,62.3,0.984,121.69,60.01,0,normal
2026-09-02 18:27:30,23.67,62.27,0.879,85.66,42.14,0,normal
2026-09-02 18:28:00,26.98,62.25,1.092,105.36,60.42,0,normal
2026-09-02 18:28:30,30.07,62.27,1.208,95.02,39.25,0,normal
2026-09-02 18:29:00,21.9,62.27,0.848,146.82,91.74,0,normal
2026-09-02 18:29:30,21.71,62.27,0.904,139.34,59.27,0,normal
2026-09-02 18:30:00,22.06,62.27,0.836,118.47,50.38,0,normal
2026-09-02 18:30:30,28.27,62.32,1.092,127.25,53.21,0,normal
2026-09-02 18:31:00,26.84,62.3,1.115,117.81,56.06,0,normal
2026-09-02 18:31:30,23.89,62.33,1.0,141.51,78.26,0,normal
2026-09-02 18:32:00,24.31,62.33,0.934,133.0,90.48,0,normal
2026-09-02 18:32:30,22.17,62.37,0.897,137.5,58.15,0,normal
2026-09-02 18:33:00,26.42,62.34,1.016,115.2,49.15,0,normal
2026-09-02 18:33:30,23.25,62.34,0.921,104.21,74.42,0,normal
2026-09-02 18:34:00,23.53,62.33,0.948,136.63,56.57,0,normal
2026-09-02 18:34:30,25.7,62.33,1.057,158.78,72.18,0,normal
2026-09-02 18:35:00,23.69,62.35,0.963,147.65,62.76,0,normal
2026-09-02 18:35:30,23.57,62.36,0.956,159.54,67.2,0,normal
2026-09-02 18:36:00,24.17,62.38,0.915,124.05,77.58,0,normal
2026-09-02 18:36:30,26.13,62.37,1.066,95.75,56.15,0,normal
2026-09-02 18:37:00,28.24,62.35,1.161,97.97,50.39,0,normal
2026-09-02 18:37:30,25.59,62.35,1.059,154.49,74.98,0,normal
2026-09-02 18:38:00,26.12,62.34,1.007,73.45,34.12,0,normal
2026-09-02 18:38:30,23.61,62.34,0.988,157.62,69.19,0,normal
2026-09-02 18:39:00,22.32,62.32,0.834,100.31,42.38,0,normal
2026-09-02 18:39:30,25.72,62.34,1.007,168.08,82.95,0,normal
2026-09-02 18:40:00,24.5,62.33,0.966,118.23,55.97,0,normal
2026-09-02 18:40:30,20.51,62.36,0.769,138.06,67.55,0,normal
2026-09-02 18:41:00,23.23,62.35,0.916,179.63,77.52,0,normal
2026-09-02 18:41:30,23.85,62.37,0.964,111.75,46.76,0,normal
2026-09-02 18:42:00,22.76,62.37,0.827,111.33,52.88,0,normal
2026-09-02 18:42:30,27.74,62.36,1.088,102.63,47.06,0,normal
2026-09-02 18:43:00,25.22,62.36,0.92,94.96,57.2,0,normal
2026-09-02 18:43:30,27.45,62.4,1.21,111.75,56.08,0,normal
2026-09-02 18:44:00,24.66,62.4,0.997,106.13,51.89,0,normal
2026-09-02 18:44:30,24.2,62.42,0.974,88.74,57.74,0,normal
2026-09-02 18:45:00,21.64,62.43,0.876,114.74,66.94,0,normal
2026-09-02 18:45:30,24.01,62.43,0.989,131.24,55.04,0,normal
2026-09-02 18:46:00,24.0,62.43,1.007,97.6,43.59,0,normal
2026-09-02 18:46:30,20.54,62.44,0.758,115.94,53.62,0,normal
2026-09-02 18:47:00,22.6,62.45,0.963,155.16,86.9,0,normal
2026-09-02 18:47:30,23.14,62.43,0.983,84.51,50.74,0,normal
2026-09-02 18:48:00,24.96,62.43,0.995,168.29,73.23,0,normal
2026-09-02 18:48:30,25.08,62.42,0.997,103.15,49.89,0,normal
2026-09-02 18:49:00,22.46,62.41,0.759,125.02,63.77,0,normal
2026-09-02 18:49:30,25.08,62.44,0.941,151.98,83.91,0,normal
2026-09-02 18:50:00,23.44,62.42,0.962,159.61,101.17,0,normal
2026-09-02 18:50:30,16.72,62.39,0.709,131.75,54.97,0,normal
2026-09-02 18:51:00,22.66,62.4,0.939,102.64,64.69,0,normal
2026-09-02 18:51:30,26.57,62.38,1.059,100.43,47.19,0,normal
2026-09-02 18:52:00,19.65,62.33,0.862,105.63,74.65,0,normal
2026-09-02 18:52:30,24.14,62.35,1.014,167.23,88.92,0,normal
2026-09-02 18:53:00,27.8,62.35,1.09,110.42,51.53,0,normal
2026-09-02 18:53:30,21.94,62.36,0.973,128.09,73.34,0,normal
2026-09-02 18:54:00,23.82,62.35,0.901,93.91,42.98,0,normal
2026-09-02 18:54:30,20.56,62.32,0.762,91.09,59.64,0,normal
2026-09-02 18:55:00,27.87,62.29,1.091,120.66,50.35,0,normal
2026-09-02 18:55:30,23.59,62.29,0.908,111.88,62.75,0,normal
2026-09-02 18:56:00,23.9,62.26,0.939,113.71,55.83,0,normal
2026-09-02 18:56:30,27.17,62.26,1.13,83.02,34.35,0,normal
2026-09-02 18:57:00,25.42,62.25,1.015,118.16,60.7,0,normal
2026-09-02 18:57:30,21.58,62.25,0.863,158.73,76.28,0,normal
2026-09-02 18:58:00,22.13,62.25,0.888,98.67,52.93,0,normal
2026-09-02 18:58:30,24.99,62.26,0.884,142.44,70.19,0,normal
2026-09-02 18:59:00,22.17,62.27,0.82,33.39,34.89,0,normal
2026-09-02 18:59:30,18.44,62.26,0.723,99.94,45.94,0,normal
2026-09-02 19:00:00,23.58,62.26,0.903,72.24,35.75,0,normal
2026-09-02 19:00:30,20.01,62.26,0.791,150.91,75.49,0,normal
2026-09-02 19:01:00,27.74,62.21,1.187,141.97,64.77,0,normal
2026-09-02 19:01:30,24.14,62.22,0.962,94.14,39.66,0,normal
2026-09-02 19:02:00,21.41,62.22,0.8,127.23,60.65,0,normal
2026-09-02 19:02:30,21.93,62.23,0.842,150.04,75.34,0,normal
2026-09-02 19:03:00,18.94,62.2,0.822,153.93,76.04,0,normal
2026-09-02 19:03:30,20.91,62.2,0.901,109.86,57.77,0,normal
2026-09-02 19:04:00,26.18,62.17,1.079,64.78,46.81,0,normal
2026-09-02 19:04:30,29.22,62.19,1.078,97.54,45.33,0,normal
2026-09-02 19:05:00,25.44,62.15,1.033,139.15,62.89,0,normal
2026-09-02 19:05:30,23.39,62.14,0.954,172.47,79.57,0,normal
2026-09-02 19:06:00,22.53,62.14,0.902,118.64,49.97,0,normal
2026-09-02 19:06:30,21.22,62.13,0.824,104.83,64.46,0,normal
2026-09-02 19:07:00,28.74,62.11,1.129,179.98,77.4,0,normal
2026-09-02 19:07:30,23.12,62.13,0.895,130.14,53.51,0,normal
2026-09-02 19:08:00,28.86,62.14,1.088,89.31,49.41,0,normal
2026-09-02 19:08:30,27.06,62.15,1.156,117.03,64.2,0,normal
2026-09-02 19:09:00,19.2,62.17,0.802,145.0,59.99,0,normal
2026-09-02 19:09:30,21.89,62.16,0.863,118.24,68.71,0,normal
2026-09-02 19:10:00,21.86,62.15,0.89,139.86,59.32,0,normal
2026-09-02 19:10:30,23.34,62.14,0.952,79.87,36.61,0,normal
2026-09-02 19:11:00,23.37,62.14,1.044,84.15,36.18,0,normal
2026-09-02 19:11:30,31.01,62.13,1.295,101.63,47.57,0,normal
2026-09-02 19:12:00,20.81,62.12,0.867,112.95,55.48,0,normal
2026-09-02 19:12:30,24.07,62.13,0.965,128.35,63.11,0,normal
2026-09-02 19:13:00,25.03,62.15,0.979,135.92,68.57,0,normal
2026-09-02 19:13:30,23.48,62.16,1.004,181.65,77.49,0,normal
2026-09-02 19:14:00,23.74,62.19,0.981,101.54,67.77,0,normal
2026-09-02 19:14:30,20.86,62.18,0.8,112.15,54.58,0,normal
2026-09-02 19:15:00,23.72,62.13,0.97,102.23,65.91,0,normal
2026-09-02 19:15:30,24.73,62.15,1.031,146.98,72.52,0,normal
2026-09-02 19:16:00,24.25,62.13,0.868,148.35,66.94,0,normal
2026-09-02 19:16:30,24.86,62.12,0.948,108.81,62.44,0,normal
2026-09-02 19:17:00,26.95,62.08,1.097,171.64,74.69,0,normal
2026-09-02 19:17:30,25.76,62.07,0.931,102.28,76.84,0,normal
2026-09-02 19:18:00,23.58,62.03,0.86,145.75,62.3,0,normal
2026-09-02 19:18:30,20.47,62.02,0.808,156.36,79.49,0,normal
2026-09-02 19:19:00,21.88,62.01,0.897,85.96,42.94,0,normal
2026-09-02 19:19:30,22.83,62.01,0.938,134.44,62.21,0,normal
2026-09-02 19:20:00,23.99,62.03,1.036,51.87,31.32,0,normal
2026-09-02 19:20:30,22.17,62.05,0.89,140.61,69.83,0,normal
2026-09-02 19:21:00,21.01,62.01,0.825,92.46,49.34,0,normal
2026-09-02 19:21:30,20.38,62.02,0.762,134.19,103.26,0,normal
2026-09-02 19:22:00,19.2,62.02,0.753,138.87,57.63,0,normal
2026-09-02 19:22:30,22.74,62.02,0.942,148.0,68.95,0,normal
2026-09-02 19:23:00,19.64,62.02,0.815,142.26,63.64,0,normal
2026-09-02 19:23:30,20.81,62.02,0.843,121.4,53.72,0,normal
2026-09-02 19:24:00,22.31,62.0,0.917,110.49,59.67,0,normal
2026-09-02 19:24:30,19.96,62.0,0.849,118.14,51.17,0,normal
2026-09-02 19:25:00,24.23,62.02,0.973,92.1,45.13,0,normal
2026-09-02 19:25:30,25.13,62.0,1.074,114.71,68.74,0,normal
2026-09-02 19:26:00,21.89,61.98,0.844,112.73,68.9,0,normal
2026-09-02 19:26:30,22.17,61.98,0.883,100.29,50.55,0,normal
2026-09-02 19:27:00,24.59,61.95,0.96,76.47,33.09,0,normal
2026-09-02 19:27:30,21.46,61.92,0.892,88.08,67.94,0,normal
2026-09-02 19:28:00,21.27,61.91,0.808,41.25,26.09,0,normal
2026-09-02 19:28:30,26.22,61.94,1.032,112.3,49.84,0,normal
2026-09-02 19:29:00,25.42,61.93,0.922,129.01,55.98,0,normal
2026-09-02 19:29:30,24.71,61.93,1.018,52.94,45.63,0,normal
2026-09-02 19:30:00,25.51,61.89,1.084,125.92,77.05,0,normal
2026-09-02 19:30:30,18.25,61.9,0.763,116.94,54.8,0,normal
2026-09-02 19:31:00,26.56,61.9,1.106,90.58,43.55,0,normal
2026-09-02 19:31:30,24.16,61.88,1.007,109.22,46.44,0,normal
2026-09-02 19:32:00,25.69,61.88,1.063,146.27,74.15,0,normal
2026-09-02 19:32:30,24.13,61.89,0.995,95.65,45.4,0,normal
2026-09-02 19:33:00,23.26,61.86,0.962,121.97,81.94,0,normal
2026-09-02 19:33:30,22.45,61.87,0.869,128.66,53.36,0,normal
2026-09-02 19:34:00,24.04,61.89,0.952,99.44,45.82,0,normal
2026-09-02 19:34:30,22.35,61.88,0.897,145.21,63.94,0,normal
2026-09-02 19:35:00,25.28,61.86,0.994,130.1,55.3,0,normal
2026-09-02 19:35:30,19.14,61.86,0.706,113.7,56.11,0,normal
2026-09-02 19:36:00,21.74,61.87,0.816,179.08,75.63,0,normal
2026-09-02 19:36:30,28.2,61.85,1.141,145.31,77.54,0,normal
2026-09-02 19:37:00,21.51,61.85,0.899,77.85,40.61,0,normal
2026-09-02 19:37:30,22.48,61.84,0.9,110.27,59.46,0,normal
2026-09-02 19:38:00,20.85,61.84,0.949,181.67,90.82,0,normal
2026-09-02 19:38:30,23.9,61.83,0.912,95.45,64.79,0,normal
2026-09-02 19:39:00,21.2,61.82,0.867,121.66,51.31,0,normal
2026-09-02 19:39:30,22.58,61.85,0.961,150.77,75.87,0,normal
2026-09-02 19:40:00,25.15,61.81,1.059,136.31,77.85,0,normal
2026-09-02 19:40:30,21.28,61.82,0.879,139.91,68.66,0,normal
2026-09-02 19:41:00,24.98,61.85,1.053,138.44,63.27,0,normal
2026-09-02 19:41:30,25.06,61.87,1.005,120.63,52.9,0,normal
2026-09-02 19:42:00,25.63,61.84,1.11,100.19,56.93,0,normal
2026-09-02 19:42:30,23.34,61.81,0.994,130.87,56.25,0,normal
2026-09-02 19:43:00,31.08,61.79,1.19,109.93,64.24,0,normal
2026-09-02 19:43:30,25.61,61.8,1.041,107.97,44.95,0,normal
2026-09-02 19:44:00,23.77,61.8,0.877,157.06,73.61,0,normal
2026-09-02 19:44:30,20.77,61.77,0.894,110.48,60.56,0,normal
2026-09-02 19:45:00,22.7,61.75,0.918,162.65,71.38,0,normal
2026-09-02 19:45:30,26.51,61.73,1.132,126.42,54.72,0,normal
2026-09-02 19:46:00,27.2,61.73,1.082,116.02,50.52,0,normal
2026-09-02 19:46:30,26.62,61.77,0.966,74.56,31.36,0,normal
2026-09-02 19:47:00,24.87,61.74,1.126,173.0,71.68,0,normal
2026-09-02 19:47:30,19.77,61.72,0.796,119.85,53.12,0,normal
2026-09-02 19:48:00,24.11,61.7,0.916,63.23,39.06,0,normal
2026-09-02 19:48:30,19.79,61.71,0.837,144.69,64.66,0,normal
2026-09-02 19:49:00,19.16,61.71,0.844,118.75,61.05,0,normal
2026-09-02 19:49:30,23.47,61.69,0.929,96.72,45.13,0,normal
2026-09-02 19:50:00,24.17,61.68,0.962,143.28,63.33,0,normal
2026-09-02 19:50:30,25.12,61.66,1.017,56.28,25.41,0,normal
2026-09-02 19:51:00,24.09,61.66,0.91,102.15,46.81,0,normal
2026-09-02 19:51:30,24.17,61.72,0.934,112.51,47.33,0,normal
2026-09-02 19:52:00,20.37,61.72,0.887,141.3,75.01,0,normal
2026-09-02 19:52:30,22.57,61.72,0.897,176.01,91.94,0,normal
2026-09-02 19:53:00,19.04,61.71,0.73,113.88,75.11,0,normal
2026-09-02 19:53:30,17.8,61.68,0.696,131.5,63.77,0,normal
2026-09-02 19:54:00,24.65,61.69,1.039,188.71,88.13,0,normal
2026-09-02 19:54:30,20.91,61.7,0.754,120.12,70.46,0,normal
2026-09-02 19:55:00,24.96,61.69,1.011,131.7,67.63,0,normal
2026-09-02 19:55:30,25.55,61.71,1.148,89.07,68.4,0,normal
2026-09-02 19:56:00,21.22,61.71,0.935,168.98,91.08,0,normal
2026-09-02 19:56:30,24.24,61.73,0.997,102.18,41.47,0,normal
2026-09-02 19:57:00,21.09,61.73,0.899,126.71,59.02,0,normal
2026-09-02 19:57:30,18.13,61.73,0.773,126.01,51.65,0,normal
2026-09-02 19:58:00,23.04,61.7,0.916,122.13,54.9,0,normal
2026-09-02 19:58:30,21.55,61.7,0.902,109.14,88.51,0,normal
2026-09-02 19:59:00,21.62,61.71,0.942,126.03,58.89,0,normal
2026-09-02 19:59:30,27.65,61.7,1.036,163.93,71.15,0,normal
2026-09-02 20:00:00,18.89,61.71,0.777,177.02,90.9,0,normal
2026-09-02 20:00:30,23.66,61.69,0.963,115.62,66.02,0,normal
2026-09-02 20:01:00,20.2,61.7,0.812,108.76,60.37,0,normal
2026-09-02 20:01:30,24.95,61.7,0.999,99.78,46.69,0,normal
2026-09-02 20:02:00,23.41,61.68,0.947,187.15,77.86,0,normal
2026-09-02 20:02:30,23.62,61.67,0.96,123.22,82.38,0,normal
2026-09-02 20:03:00,20.29,61.69,0.857,147.88,60.82,0,normal
2026-09-02 20:03:30,20.74,61.66,0.849,137.42,55.97,0,normal
2026-09-02 20:04:00,24.95,61.64,0.989,175.21,81.85,0,normal
2026-09-02 20:04:30,27.06,61.64,1.037,113.81,72.87,0,normal
2026-09-02 20:05:00,23.82,61.68,0.93,92.32,47.93,0,normal
2026-09-02 20:05:30,20.38,61.66,0.826,166.49,83.25,0,normal
2026-09-02 20:06:00,23.45,61.67,0.905,142.58,57.79,0,normal
2026-09-02 20:06:30,28.67,61.67,1.201,131.41,72.28,0,normal
2026-09-02 20:07:00,22.85,61.66,0.933,158.38,64.05,0,normal
2026-09-02 20:07:30,26.24,61.66,1.11,132.83,70.69,0,normal
2026-09-02 20:08:00,20.72,61.65,0.802,159.25,76.29,0,normal
2026-09-02 20:08:30,22.47,61.64,0.861,126.16,56.77,0,normal
2026-09-02 20:09:00,24.11,61.6,1.019,142.55,80.59,0,normal
2026-09-02 20:09:30,23.55,61.6,0.948,133.16,70.09,0,normal
2026-09-02 20:10:00,20.63,61.62,0.817,111.87,50.77,0,normal
2026-09-02 20:10:30,20.52,61.62,0.849,114.87,56.84,0,normal
2026-09-02 20:11:00,25.0,61.64,1.033,110.18,49.11,0,normal
2026-09-02 20:11:30,25.51,61.65,0.956,126.64,58.33,0,normal
2026-09-02 20:12:00,26.29,61.64,1.125,108.6,63.27,0,normal
2026-09-02 20:12:30,27.02,61.63,1.059,130.9,59.85,0,normal
2026-09-02 20:13:00,22.83,61.62,0.991,130.05,59.4,0,normal
2026-09-02 20:13:30,21.72,61.59,0.811,125.13,62.07,0,normal
2026-09-02 20:14:00,25.86,61.58,1.051,125.56,59.22,0,normal
2026-09-02 20:14:30,24.26,61.58,0.962,105.85,46.4,0,normal
2026-09-02 20:15:00,20.01,61.61,0.721,112.95,54.95,0,normal
2026-09-02 20:15:30,19.88,61.63,0.821,78.23,32.91,0,normal
2026-09-02 20:16:00,23.68,61.6,0.856,117.0,55.63,0,normal
2026-09-02 20:16:30,22.01,61.58,0.867,95.35,44.06,0,normal
2026-09-02 20:17:00,22.37,61.57,0.944,122.5,54.63,0,normal
2026-09-02 20:17:30,25.12,61.58,0.978,102.14,45.14,0,normal
2026-09-02 20:18:00,24.32,61.58,0.929,68.73,56.47,0,normal
2026-09-02 20:18:30,25.75,61.59,1.071,176.31,76.51,0,normal
2026-09-02 20:19:00,17.58,61.58,0.694,114.21,50.5,0,normal
2026-09-02 20:19:30,23.04,61.59,0.903,156.18,69.05,0,normal
2026-09-02 20:20:00,24.13,61.56,1.027,106.83,59.88,0,normal
2026-09-02 20:20:30,18.57,61.59,0.7,162.45,66.02,0,normal
2026-09-02 20:21:00,20.74,61.57,0.81,91.21,44.52,0,normal
2026-09-02 20:21:30,20.27,61.58,0.846,124.4,69.13,0,normal
2026-09-02 20:22:00,22.42,61.57,0.841,92.69,63.51,0,normal
2026-09-02 20:22:30,26.43,61.57,1.151,185.02,88.85,0,normal
2026-09-02 20:23:00,27.4,61.56,1.084,113.77,61.21,0,normal
2026-09-02 20:23:30,20.31,61.57,0.848,140.71,60.44,0,normal
2026-09-02 20:24:00,23.65,61.57,0.987,131.26,70.35,0,normal
2026-09-02 20:24:30,23.73,61.59,0.942,119.36,55.52,0,normal
2026-09-02 20:25:00,23.29,61.62,0.909,132.94,69.84,0,normal
2026-09-02 20:25:30,23.31,61.63,0.931,153.98,68.31,0,normal
2026-09-02 20:26:00,23.06,61.66,0.955,136.71,67.06,0,normal
2026-09-02 20:26:30,26.52,61.66,1.009,124.06,57.45,0,normal
2026-09-02 20:27:00,25.04,61.68,0.941,132.98,60.15,0,normal
2026-09-02 20:27:30,19.64,61.69,0.844,167.88,88.62,0,normal
2026-09-02 20:28:00,24.26,61.67,0.935,109.58,52.77,0,normal
2026-09-02 20:28:30,24.5,61.67,0.997,73.65,48.52,0,normal
2026-09-02 20:29:00,23.05,61.68,0.912,92.59,39.85,0,normal
2026-09-02 20:29:30,25.09,61.68,0.996,94.45,39.72,0,normal
2026-09-02 20:30:00,22.71,61.69,0.974,97.97,61.92,0,normal
2026-09-02 20:30:30,22.74,61.7,0.906,98.83,70.56,0,normal
2026-09-02 20:31:00,22.53,61.7,0.885,119.41,75.66,0,normal
2026-09-02 20:31:30,17.18,61.64,0.678,126.19,51.31,0,normal
2026-09-02 20:32:00,22.01,61.67,0.858,125.92,55.14,0,normal
2026-09-02 20:32:30,20.54,61.66,0.794,101.74,49.02,0,normal
2026-09-02 20:33:00,19.23,61.64,0.75,144.85,61.07,0,normal
2026-09-02 20:33:30,25.78,61.62,1.117,133.36,68.31,0,normal
2026-09-02 20:34:00,23.45,61.61,0.971,159.53,77.07,0,normal
2026-09-02 20:34:30,22.11,61.6,0.869,141.17,61.45,0,normal
2026-09-02 20:35:00,20.76,61.58,0.871,111.26,59.67,0,normal
2026-09-02 20:35:30,22.91,61.57,0.844,152.64,89.95,0,normal
2026-09-02 20:36:00,24.64,61.58,1.053,126.84,72.35,0,normal
2026-09-02 20:36:30,20.09,61.62,0.856,139.95,70.24,0,normal
2026-09-02 20:37:00,22.13,61.63,0.984,138.01,77.76,0,normal
2026-09-02 20:37:30,24.31,61.65,1.022,116.89,48.8,0,normal
2026-09-02 20:38:00,17.29,61.64,0.707,122.58,71.44,0,normal
2026-09-02 20:38:30,21.98,61.64,0.936,116.72,48.7,0,normal
2026-09-02 20:39:00,21.04,61.65,0.815,98.68,44.58,0,normal
2026-09-02 20:39:30,21.78,61.64,0.854,66.38,40.45,0,normal
2026-09-02 20:40:00,20.85,61.62,0.831,102.65,53.67,0,normal
2026-09-02 20:40:30,22.44,61.64,0.959,124.98,66.61,0,normal
2026-09-02 20:41:00,26.9,61.66,1.03,147.14,62.02,0,normal
2026-09-02 20:41:30,21.28,61.66,0.81,139.9,68.9,0,normal
2026-09-02 20:42:00,22.8,61.63,0.923,113.01,60.8,0,normal
2026-09-02 20:42:30,27.06,61.63,1.121,103.0,49.2,0,normal
2026-09-02 20:43:00,20.68,61.6,0.798,115.5,76.15,0,normal
2026-09-02 20:43:30,26.6,61.6,1.099,95.62,42.02,0,normal
2026-09-02 20:44:00,22.06,61.6,0.943,67.12,29.28,0,normal
2026-09-02 20:44:30,26.5,61.59,1.124,81.37,55.35,0,normal
2026-09-02 20:45:00,23.91,61.6,0.973,154.37,65.59,0,normal
2026-09-02 20:45:30,22.8,61.6,0.908,166.43,77.83,0,normal
2026-09-02 20:46:00,21.85,61.61,0.95,138.85,66.51,0,normal
2026-09-02 20:46:30,20.46,61.58,0.819,118.55,53.86,0,normal
2026-09-02 20:47:00,22.19,61.57,0.929,85.18,38.41,0,normal
2026-09-02 20:47:30,24.25,61.58,1.065,115.97,54.07,0,normal
2026-09-02 20:48:00,21.96,61.61,0.915,135.3,61.52,0,normal
2026-09-02 20:48:30,21.2,61.61,0.806,140.75,59.09,0,normal
2026-09-02 20:49:00,21.35,61.61,0.801,137.22,78.87,0,normal
2026-09-02 20:49:30,24.46,61.63,0.964,150.24,69.47,0,normal
2026-09-02 20:50:00,25.03,61.62,1.037,168.57,87.15,0,normal
2026-09-02 20:50:30,20.29,61.65,0.83,109.87,52.78,0,normal
2026-09-02 20:51:00,20.28,61.67,0.901,190.13,103.03,0,normal
2026-09-02 20:51:30,22.9,61.7,0.936,69.5,40.61,0,normal
2026-09-02 20:52:00,25.75,61.7,1.013,100.54,46.09,0,normal
2026-09-02 20:52:30,24.8,61.75,0.936,125.0,72.58,0,normal
2026-09-02 20:53:00,18.79,61.73,0.796,133.73,76.71,0,normal
2026-09-02 20:53:30,21.26,61.78,0.85,115.46,58.41,0,normal
2026-09-02 20:54:00,19.58,61.79,0.724,107.61,59.21,0,normal
2026-09-02 20:54:30,21.24,61.81,0.851,175.06,71.17,0,normal
2026-09-02 20:55:00,25.91,61.81,0.985,106.41,42.52,0,normal
2026-09-02 20:55:30,18.34,61.82,0.718,94.52,50.59,0,normal
2026-09-02 20:56:00,17.84,61.85,0.714,162.27,75.25,0,normal
2026-09-02 20:56:30,19.81,61.83,0.757,141.23,68.05,0,normal
2026-09-02 20:57:00,22.59,61.82,0.881,147.37,78.2,0,normal
2026-09-02 20:57:30,23.42,61.78,0.902,124.9,74.18,0,normal
2026-09-02 20:58:00,22.95,61.77,0.885,85.6,59.85,0,normal
2026-09-02 20:58:30,24.8,61.75,0.942,122.12,56.4,0,normal
2026-09-02 20:59:00,17.44,61.75,0.681,82.16,40.13,0,normal
2026-09-02 20:59:30,24.81,61.81,0.948,126.06,65.77,0,normal
2026-09-02 21:00:00,21.05,61.84,0.867,136.34,74.92,0,normal
2026-09-02 21:00:30,23.66,61.81,0.956,146.89,79.32,0,normal
2026-09-02 21:01:00,18.51,61.82,0.785,117.69,65.02,0,normal
2026-09-02 21:01:30,21.83,61.83,0.956,138.7,60.16,0,normal
2026-09-02 21:02:00,22.4,61.82,0.926,97.4,39.18,0,normal
2026-09-02 21:02:30,24.69,61.83,1.01,144.17,67.38,0,normal
2026-09-02 21:03:00,17.83,61.83,0.74,136.86,64.72,0,normal
2026-09-02 21:03:30,21.87,61.8,0.895,99.99,63.04,0,normal
2026-09-02 21:04:00,19.07,61.78,0.765,133.26,63.17,0,normal
2026-09-02 21:04:30,23.04,61.78,0.92,147.24,73.84,0,normal
2026-09-02 21:05:00,23.71,61.78,0.9,121.97,65.18,0,normal
2026-09-02 21:05:30,24.98,61.77,1.041,99.44,51.25,0,normal
2026-09-02 21:06:00,20.42,61.75,0.815,124.44,67.13,0,normal
2026-09-02 21:06:30,24.07,61.75,1.033,133.81,64.6,0,normal
2026-09-02 21:07:00,25.14,61.76,1.052,99.25,54.57,0,normal
2026-09-02 21:07:30,17.63,61.76,0.683,94.81,39.78,0,normal
2026-09-02 21:08:00,23.26,61.79,0.988,133.04,68.45,0,normal
2026-09-02 21:08:30,24.12,61.77,0.841,140.58,73.63,0,normal
2026-09-02 21:09:00,21.07,61.78,0.924,173.74,85.81,0,normal
2026-09-02 21:09:30,18.69,61.77,0.698,136.64,78.48,0,normal
2026-09-02 21:10:00,24.06,61.78,0.986,89.77,54.79,0,normal
2026-09-02 21:10:30,18.7,61.76,0.764,170.99,90.18,0,normal
2026-09-02 21:11:00,21.25,61.8,0.898,146.37,78.28,0,normal
2026-09-02 21:11:30,21.59,61.76,0.849,69.87,57.5,0,normal
2026-09-02 21:12:00,23.47,61.8,0.838,94.24,41.34,0,normal
2026-09-02 21:12:30,20.11,61.8,0.791,107.71,63.51,0,normal
2026-09-02 21:13:00,19.96,61.81,0.789,140.95,72.35,0,normal
2026-09-02 21:13:30,21.91,61.83,0.787,60.51,25.1,0,normal
2026-09-02 21:14:00,24.17,61.85,0.969,117.02,55.12,0,normal
2026-09-02 21:14:30,27.37,61.83,1.036,139.53,89.1,0,normal
2026-09-02 21:15:00,17.87,61.84,0.738,49.15,24.45,0,normal
2026-09-02 21:15:30,22.43,61.88,0.886,138.67,69.42,0,normal
2026-09-02 21:16:00,18.91,61.86,0.831,141.67,65.98,0,normal
2026-09-02 21:16:30,24.18,61.9,0.955,98.83,57.85,0,normal
2026-09-02 21:17:00,19.27,61.91,0.787,91.17,56.02,0,normal
2026-09-02 21:17:30,19.93,61.9,0.789,98.44,40.85,0,normal
2026-09-02 21:18:00,20.13,61.88,0.74,53.2,45.83,0,normal
2026-09-02 21:18:30,21.42,61.87,0.848,111.85,61.75,0,normal
2026-09-02 21:19:00,22.4,61.83,0.93,125.49,53.98,0,normal
2026-09-02 21:19:30,22.8,61.82,0.94,89.52,44.38,0,normal
2026-09-02 21:20:00,21.57,61.81,0.85,144.3,58.75,0,normal
2026-09-02 21:20:30,18.26,61.79,0.677,122.56,52.48,0,normal
2026-09-02 21:21:00,23.39,61.8,0.966,126.5,63.43,0,normal
2026-09-02 21:21:30,21.44,61.8,0.876,109.95,46.66,0,normal
2026-09-02 21:22:00,24.46,61.78,1.02,138.58,56.62,0,normal
2026-09-02 21:22:30,19.79,61.78,0.781,152.26,82.07,0,normal
2026-09-02 21:23:00,17.54,61.78,0.643,109.81,60.14,0,normal
2026-09-02 21:23:30,21.46,61.78,0.881,139.03,68.9,0,normal
2026-09-02 21:24:00,24.78,61.77,0.991,139.3,76.51,0,normal
2026-09-02 21:24:30,21.94,61.77,0.939,130.45,60.77,0,normal
2026-09-02 21:25:00,21.03,61.77,0.842,161.93,77.72,0,normal
2026-09-02 21:25:30,19.35,61.74,0.772,101.84,44.33,0,normal
2026-09-02 21:26:00,25.91,61.74,1.058,109.46,62.12,0,normal
2026-09-02 21:26:30,18.94,61.75,0.735,100.58,46.67,0,normal
2026-09-02 21:27:00,19.69,61.76,0.762,138.13,75.57,0,normal
2026-09-02 21:27:30,22.93,61.75,0.913,113.19,46.54,0,normal
2026-09-02 21:28:00,16.85,61.76,0.643,102.61,62.41,0,normal
2026-09-02 21:28:30,24.68,61.74,0.976,161.58,77.86,0,normal
2026-09-02 21:29:00,23.04,61.72,1.011,165.24,68.92,0,normal
2026-09-02 21:29:30,23.73,61.72,0.999,111.78,73.88,0,normal
2026-09-02 21:30:00,22.86,61.74,0.929,85.81,52.56,0,normal
2026-09-02 21:30:30,21.07,61.75,0.908,166.59,90.84,0,normal
2026-09-02 21:31:00,18.8,61.74,0.721,131.77,54.03,0,normal
2026-09-02 21:31:30,21.11,61.77,0.949,130.52,84.23,0,normal
2026-09-02 21:32:00,19.01,61.76,0.743,122.63,67.58,0,normal
2026-09-02 21:32:30,22.66,61.81,0.997,99.99,51.93,0,normal
2026-09-02 21:33:00,23.45,61.79,1.032,109.67,51.97,0,normal
2026-09-02 21:33:30,25.13,61.77,0.917,136.94,74.14,0,normal
2026-09-02 21:34:00,22.35,61.77,0.96,108.81,66.63,0,normal
2026-09-02 21:34:30,23.74,61.76,0.936,130.82,84.3,0,normal
2026-09-02 21:35:00,20.67,61.74,0.803,120.33,53.91,0,normal
2026-09-02 21:35:30,20.22,61.8,0.83,93.58,42.55,0,normal
2026-09-02 21:36:00,22.59,61.8,0.858,160.53,64.6,0,normal
2026-09-02 21:36:30,20.44,61.81,0.838,134.85,55.7,0,normal
2026-09-02 21:37:00,22.06,61.8,0.841,128.27,55.96,0,normal
2026-09-02 21:37:30,18.74,61.79,0.756,133.88,63.23,0,normal
2026-09-02 21:38:00,19.18,61.8,0.818,75.18,54.76,0,normal
2026-09-02 21:38:30,22.97,61.77,0.937,107.67,50.53,0,normal
2026-09-02 21:39:00,23.59,61.74,0.927,81.82,34.34,0,normal
2026-09-02 21:39:30,18.91,61.74,0.777,123.12,50.13,0,normal
2026-09-02 21:40:00,23.04,61.76,0.857,128.15,66.15,0,normal
2026-09-02 21:40:30,20.03,61.76,0.768,123.53,84.96,0,normal
2026-09-02 21:41:00,21.39,61.76,0.837,149.46,75.11,0,normal
2026-09-02 21:41:30,24.89,61.76,1.035,82.57,44.69,0,normal
2026-09-02 21:42:00,23.36,61.79,0.953,100.02,53.25,0,normal
2026-09-02 21:42:30,23.33,61.75,0.958,130.36,70.66,0,normal
2026-09-02 21:43:00,26.1,61.77,1.043,126.6,86.37,0,normal
2026-09-02 21:43:30,19.57,61.76,0.752,87.11,59.79,0,normal
2026-09-02 21:44:00,18.85,61.78,0.81,149.91,68.38,0,normal
2026-09-02 21:44:30,19.51,61.76,0.753,158.58,101.53,0,normal
2026-09-02 21:45:00,20.67,61.76,0.844,130.64,66.01,0,normal
2026-09-02 21:45:30,15.42,61.76,0.613,82.27,40.85,0,normal
2026-09-02 21:46:00,20.78,61.74,0.855,123.99,57.3,0,normal
2026-09-02 21:46:30,19.94,61.71,0.773,128.51,90.94,0,normal
2026-09-02 21:47:00,23.25,61.7,0.979,113.2,45.04,0,normal
2026-09-02 21:47:30,22.17,61.7,0.948,153.68,64.19,0,normal
2026-09-02 21:48:00,19.78,61.68,0.83,117.1,47.3,0,normal
2026-09-02 21:48:30,22.75,61.68,0.917,172.61,77.65,0,normal
2026-09-02 21:49:00,23.08,61.64,0.903,139.58,68.7,0,normal
2026-09-02 21:49:30,19.35,61.63,0.883,126.9,51.01,0,normal
2026-09-02 21:50:00,20.03,61.65,0.761,143.01,68.63,0,normal
2026-09-02 21:50:30,15.69,61.66,0.655,158.27,74.78,0,normal
2026-09-02 21:51:00,18.52,61.66,0.753,142.48,57.56,0,normal
2026-09-02 21:51:30,19.39,61.66,0.773,118.1,72.6,0,normal
2026-09-02 21:52:00,21.42,61.64,0.865,103.5,43.6,0,normal
2026-09-02 21:52:30,18.87,61.68,0.736,91.95,42.59,0,normal
2026-09-02 21:53:00,19.94,61.71,0.815,58.98,47.6,0,normal
2026-09-02 21:53:30,18.17,61.72,0.738,124.36,63.12,0,normal
2026-09-02 21:54:00,21.65,61.77,0.982,110.31,57.11,0,normal
2026-09-02 21:54:30,22.28,61.75,0.939,111.65,65.55,0,normal
2026-09-02 21:55:00,22.22,61.73,0.912,145.72,78.42,0,normal
2026-09-02 21:55:30,21.24,61.71,0.874,117.2,46.77,0,normal
2026-09-02 21:56:00,17.35,61.71,0.758,167.38,77.5,0,normal
2026-09-02 21:56:30,19.65,61.75,0.748,105.67,63.67,0,normal
2026-09-02 21:57:00,20.17,61.74,0.8,95.73,66.18,0,normal
2026-09-02 21:57:30,20.18,61.73,0.73,88.56,54.13,0,normal
2026-09-02 21:58:00,21.37,61.71,0.879,138.07,56.63,0,normal
2026-09-02 21:58:30,24.75,61.73,1.032,148.79,67.51,0,normal
2026-09-02 21:59:00,23.2,61.75,0.882,105.14,44.92,0,normal
2026-09-02 21:59:30,18.7,61.74,0.802,93.4,47.56,0,normal
2026-09-02 22:00:00,22.86,61.7,0.881,158.26,64.28,0,normal
2026-09-02 22:00:30,22.76,61.68,0.895,83.74,60.06,0,normal
2026-09-02 22:01:00,19.14,61.71,0.77,145.26,67.09,0,normal
2026-09-02 22:01:30,23.28,61.72,1.005,105.73,72.67,0,normal
2026-09-02 22:02:00,20.74,61.72,0.794,129.93,67.57,0,normal
2026-09-02 22:02:30,17.62,61.76,0.715,146.92,63.77,0,normal
2026-09-02 22:03:00,22.27,61.8,0.925,131.91,58.34,0,normal
2026-09-02 22:03:30,21.68,61.79,0.892,112.62,55.63,0,normal
2026-09-02 22:04:00,20.56,61.79,0.847,154.9,62.94,0,normal
2026-09-02 22:04:30,21.03,61.78,0.873,127.23,62.26,0,normal
2026-09-02 22:05:00,19.32,61.77,0.751,212.06,95.65,0,normal
2026-09-02 22:05:30,22.64,61.74,0.982,77.37,51.38,0,normal
2026-09-02 22:06:00,21.0,61.71,0.835,77.0,41.71,0,normal
2026-09-02 22:06:30,21.53,61.68,0.851,144.86,73.3,0,normal
2026-09-02 22:07:00,21.99,61.7,0.939,119.21,51.51,0,normal
2026-09-02 22:07:30,18.21,61.67,0.706,139.82,82.81,0,normal
2026-09-02 22:08:00,18.86,61.7,0.766,92.54,40.69,0,normal
2026-09-02 22:08:30,15.57,61.69,0.6,121.35,54.48,0,normal
2026-09-02 22:09:00,22.49,61.72,1.013,131.43,64.87,0,normal
2026-09-02 22:09:30,18.05,61.71,0.805,106.41,55.78,0,normal
2026-09-02 22:10:00,21.41,61.68,0.852,125.8,60.6,0,normal
2026-09-02 22:10:30,22.0,61.71,0.903,85.96,35.95,0,normal
2026-09-02 22:11:00,22.57,61.73,0.903,129.87,51.52,0,normal
2026-09-02 22:11:30,18.06,61.71,0.71,156.14,64.51,0,normal
2026-09-02 22:12:00,20.89,61.71,0.841,89.06,35.21,0,normal
2026-09-02 22:12:30,25.23,61.69,1.007,87.55,53.83,0,normal
2026-09-02 22:13:00,25.34,61.68,0.936,149.75,65.54,0,normal
2026-09-02 22:13:30,23.52,61.69,0.953,87.11,35.46,0,normal
2026-09-02 22:14:00,21.89,61.68,0.874,141.02,76.91,0,normal
2026-09-02 22:14:30,18.53,61.64,0.753,121.38,58.27,0,normal
2026-09-02 22:15:00,22.83,61.63,0.91,109.55,65.3,0,normal
2026-09-02 22:15:30,20.64,61.64,0.811,156.66,82.87,0,normal
2026-09-02 22:16:00,22.43,61.63,0.936,143.2,61.83,0,normal
2026-09-02 22:16:30,19.44,61.63,0.798,126.99,81.2,0,normal
2026-09-02 22:17:00,20.58,61.61,0.881,66.18,37.25,0,normal
2026-09-02 22:17:30,21.43,61.6,0.878,137.81,65.79,0,normal
2026-09-02 22:18:00,21.62,61.62,0.856,93.23,40.84,0,normal
2026-09-02 22:18:30,22.24,61.6,0.917,114.47,75.41,0,normal
2026-09-02 22:19:00,19.55,61.61,0.705,120.18,57.46,0,normal
2026-09-02 22:19:30,17.64,61.61,0.78,167.43,74.38,0,normal
2026-09-02 22:20:00,25.06,61.62,1.016,113.67,50.69,0,normal
2026-09-02 22:20:30,27.22,61.6,1.208,84.43,62.21,0,normal
2026-09-02 22:21:00,22.1,61.59,0.846,156.74,62.02,0,normal
2026-09-02 22:21:30,17.68,61.59,0.668,138.14,62.75,0,normal
2026-09-02 22:22:00,19.05,61.58,0.776,139.07,64.99,0,normal
2026-09-02 22:22:30,22.25,61.59,0.906,157.21,88.05,0,normal
2026-09-02 22:23:00,24.32,61.59,0.989,163.08,69.44,0,normal
2026-09-02 22:23:30,17.94,61.64,0.724,97.71,43.68,0,normal
2026-09-02 22:24:00,20.65,61.64,0.8,85.23,71.35,0,normal
2026-09-02 22:24:30,21.45,61.6,0.794,141.06,66.26,0,normal
2026-09-02 22:25:00,23.12,61.62,0.938,113.44,64.84,0,normal
2026-09-02 22:25:30,20.1,61.62,0.752,115.71,66.26,0,normal
2026-09-02 22:26:00,17.04,61.66,0.635,91.96,36.99,0,normal
2026-09-02 22:26:30,22.5,61.69,0.883,134.6,57.28,0,normal
2026-09-02 22:27:00,23.75,61.68,0.971,130.05,84.71,0,normal
2026-09-02 22:27:30,20.73,61.69,0.912,116.11,66.79,0,normal
2026-09-02 22:28:00,21.95,61.68,0.921,85.29,36.53,0,normal
2026-09-02 22:28:30,19.75,61.68,0.847,150.23,77.72,0,normal
2026-09-02 22:29:00,18.81,61.69,0.777,126.39,54.81,0,normal
2026-09-02 22:29:30,23.49,61.71,0.957,147.95,66.57,0,normal
2026-09-02 22:30:00,21.89,61.73,0.985,67.42,44.15,0,normal
2026-09-02 22:30:30,22.15,61.73,0.827,121.42,58.8,0,normal
2026-09-02 22:31:00,24.67,61.78,0.966,102.08,40.35,0,normal
2026-09-02 22:31:30,18.28,61.77,0.719,120.9,66.38,0,normal
2026-09-02 22:32:00,19.53,61.74,0.816,143.58,74.39,0,normal
2026-09-02 22:32:30,21.3,61.71,0.81,129.25,54.01,0,normal
2026-09-02 22:33:00,19.49,61.74,0.809,120.45,72.49,0,normal
2026-09-02 22:33:30,22.86,61.73,0.941,120.32,50.78,0,normal
2026-09-02 22:34:00,20.42,61.74,0.85,81.01,51.98,0,normal
2026-09-02 22:34:30,18.41,61.73,0.766,97.34,48.32,0,normal
2026-09-02 22:35:00,21.05,61.71,0.907,148.03,67.62,0,normal
2026-09-02 22:35:30,21.31,61.7,0.85,107.36,46.38,0,normal
2026-09-02 22:36:00,23.22,61.71,0.953,148.51,77.23,0,normal
2026-09-02 22:36:30,21.86,61.7,0.842,140.66,57.41,0,normal
2026-09-02 22:37:00,22.03,61.71,0.839,141.98,60.78,0,normal
2026-09-02 22:37:30,21.67,61.72,0.943,128.32,66.09,0,normal
2026-09-02 22:38:00,20.4,61.71,0.783,109.1,52.29,0,normal
2026-09-02 22:38:30,19.08,61.68,0.787,116.22,75.4,0,normal
2026-09-02 22:39:00,21.58,61.65,0.886,136.01,71.3,0,normal
2026-09-02 22:39:30,20.03,61.71,0.848,66.86,42.29,0,normal
2026-09-02 22:40:00,25.08,61.74,0.92,151.09,67.02,0,normal
2026-09-02 22:40:30,24.21,61.76,1.011,107.5,61.78,0,normal
2026-09-02 22:41:00,22.43,61.75,0.895,117.84,57.67,0,normal
2026-09-02 22:41:30,21.79,61.75,0.846,118.06,48.03,0,normal
2026-09-02 22:42:00,20.62,61.73,0.814,119.0,47.69,0,normal
2026-09-02 22:42:30,17.69,61.7,0.744,87.16,34.46,0,normal
2026-09-02 22:43:00,20.29,61.69,0.841,123.79,69.27,0,normal
2026-09-02 22:43:30,21.09,61.72,0.838,134.86,80.28,0,normal
2026-09-02 22:44:00,21.4,61.73,0.807,68.89,38.67,0,normal
2026-09-02 22:44:30,22.0,61.71,0.833,87.48,42.03,0,normal
2026-09-02 22:45:00,23.13,61.71,0.96,142.4,63.55,0,normal
2026-09-02 22:45:30,19.09,61.72,0.715,137.74,61.79,0,normal
2026-09-02 22:46:00,19.11,61.71,0.76,127.47,61.12,0,normal
2026-09-02 22:46:30,24.44,61.71,1.109,102.95,64.24,0,normal
2026-09-02 22:47:00,22.74,61.72,0.93,137.89,74.78,0,normal
2026-09-02 22:47:30,19.83,61.72,0.823,89.93,50.44,0,normal
2026-09-02 22:48:00,20.54,61.73,0.778,116.57,46.79,0,normal
2026-09-02 22:48:30,20.55,61.72,0.772,87.34,41.25,0,normal
2026-09-02 22:49:00,20.88,61.7,0.868,115.95,76.09,0,normal
2026-09-02 22:49:30,21.98,61.68,0.867,94.24,47.58,0,normal
2026-09-02 22:50:00,27.13,61.65,1.149,138.9,60.86,0,normal
2026-09-02 22:50:30,21.27,61.65,0.857,130.83,65.79,0,normal
2026-09-02 22:51:00,22.45,61.66,1.057,105.74,42.25,0,normal
2026-09-02 22:51:30,16.57,61.63,0.647,147.26,64.38,0,normal
2026-09-02 22:52:00,19.57,61.64,0.798,96.09,46.86,0,normal
2026-09-02 22:52:30,23.86,61.65,0.916,119.12,51.39,0,normal
2026-09-02 22:53:00,21.78,61.61,0.921,104.63,50.33,0,normal
2026-09-02 22:53:30,9.81,61.61,0.403,138.56,56.79,0,normal
2026-09-02 22:54:00,22.46,61.64,0.86,136.09,66.79,0,normal
2026-09-02 22:54:30,25.57,61.65,1.012,152.55,61.61,0,normal
2026-09-02 22:55:00,15.78,61.61,0.678,122.07,77.62,0,normal
2026-09-02 22:55:30,24.57,61.63,1.049,46.01,18.28,0,normal
2026-09-02 22:56:00,13.83,61.61,0.517,109.23,63.15,0,normal
2026-09-02 22:56:30,23.11,61.62,0.907,159.13,77.17,0,normal
2026-09-02 22:57:00,20.74,61.61,0.909,111.88,66.84,0,normal
2026-09-02 22:57:30,14.88,61.61,0.593,72.06,57.89,0,normal
2026-09-02 22:58:00,21.87,61.6,0.887,131.23,77.98,0,normal
2026-09-02 22:58:30,23.63,61.6,0.998,133.1,56.27,0,normal
2026-09-02 22:59:00,21.66,61.58,0.813,101.82,41.68,0,normal
2026-09-02 22:59:30,22.21,61.58,0.851,113.83,46.39,0,normal
2026-09-02 23:00:00,19.71,61.55,0.78,98.82,44.78,0,normal
2026-09-02 23:00:30,16.09,61.56,0.686,133.06,60.42,0,normal
2026-09-02 23:01:00,22.47,61.57,0.949,121.41,64.18,0,normal
2026-09-02 23:01:30,25.11,61.53,1.046,90.86,37.15,0,normal
2026-09-02 23:02:00,23.56,61.55,0.94,119.76,61.05,0,normal
2026-09-02 23:02:30,15.76,61.55,0.669,101.67,47.34,0,normal
2026-09-02 23:03:00,16.94,61.55,0.676,156.53,66.4,0,normal
2026-09-02 23:03:30,18.61,61.57,0.77,142.34,66.37,0,normal
2026-09-02 23:04:00,16.74,61.57,0.704,116.94,60.84,0,normal
2026-09-02 23:04:30,20.84,61.6,0.908,122.03,51.46,0,normal
2026-09-02 23:05:00,21.7,61.59,0.87,145.34,62.22,0,normal
2026-09-02 23:05:30,17.14,61.61,0.677,115.66,64.28,0,normal
2026-09-02 23:06:00,22.66,61.61,0.97,138.96,72.45,0,normal
2026-09-02 23:06:30,22.22,61.62,0.954,156.93,62.08,0,normal
2026-09-02 23:07:00,19.34,61.63,0.757,107.73,59.97,0,normal
2026-09-02 23:07:30,20.28,61.65,0.77,161.15,80.96,0,normal
2026-09-02 23:08:00,15.83,61.67,0.675,153.88,79.42,0,normal
2026-09-02 23:08:30,19.88,61.66,0.734,126.21,56.14,0,normal
2026-09-02 23:09:00,20.72,61.64,0.763,108.9,53.42,0,normal
2026-09-02 23:09:30,21.13,61.64,0.838,125.9,52.7,0,normal
2026-09-02 23:10:00,21.65,61.63,0.87,113.89,51.59,0,normal
2026-09-02 23:10:30,21.31,61.61,0.807,100.18,63.46,0,normal
2026-09-02 23:11:00,20.03,61.56,0.81,133.31,54.15,0,normal
2026-09-02 23:11:30,21.41,61.53,0.868,94.41,52.01,0,normal
2026-09-02 23:12:00,23.2,61.57,0.906,111.54,47.9,0,normal
2026-09-02 23:12:30,20.45,61.56,0.901,111.86,55.7,0,normal
2026-09-02 23:13:00,21.48,61.6,0.878,85.87,35.89,0,normal
2026-09-02 23:13:30,20.22,61.6,0.855,136.46,56.68,0,normal
2026-09-02 23:14:00,19.07,61.6,0.707,114.29,66.03,0,normal
2026-09-02 23:14:30,21.99,61.57,0.815,152.47,66.73,0,normal
2026-09-02 23:15:00,19.29,61.57,0.789,113.88,54.56,0,normal
2026-09-02 23:15:30,21.65,61.61,0.946,109.84,55.29,0,normal
2026-09-02 23:16:00,20.75,61.64,0.788,97.38,59.66,0,normal
2026-09-02 23:16:30,19.92,61.64,0.802,120.98,61.78,0,normal
2026-09-02 23:17:00,19.85,61.62,0.745,121.12,56.57,0,normal
2026-09-02 23:17:30,19.4,61.6,0.748,138.54,60.22,0,normal
2026-09-02 23:18:00,16.56,61.58,0.669,121.68,60.33,0,normal
2026-09-02 23:18:30,21.63,61.61,0.844,172.35,73.48,0,normal
2026-09-02 23:19:00,21.25,61.64,0.794,131.41,51.83,0,normal
2026-09-02 23:19:30,22.79,61.64,0.851,95.33,50.53,0,normal
2026-09-02 23:20:00,19.34,61.64,0.7,93.21,44.53,0,normal
2026-09-02 23:20:30,25.4,61.67,1.04,133.37,61.07,0,normal
2026-09-02 23:21:00,19.71,61.65,0.812,94.54,66.36,0,normal
2026-09-02 23:21:30,18.47,61.65,0.761,134.87,88.02,0,normal
2026-09-02 23:22:00,18.17,61.66,0.694,142.39,66.26,0,normal
2026-09-02 23:22:30,16.32,61.64,0.686,142.99,64.1,0,normal
2026-09-02 23:23:00,24.49,61.63,1.014,98.27,45.58,0,normal
2026-09-02 23:23:30,24.08,61.61,0.964,143.04,79.77,0,normal
2026-09-02 23:24:00,22.15,61.64,0.879,128.06,65.44,0,normal
2026-09-02 23:24:30,18.41,61.68,0.713,104.8,66.16,0,normal
2026-09-02 23:25:00,25.18,61.68,1.017,116.01,49.66,0,normal
2026-09-02 23:25:30,19.77,61.68,0.855,131.78,61.97,0,normal
2026-09-02 23:26:00,19.97,61.66,0.844,103.18,40.85,0,normal
2026-09-02 23:26:30,24.24,61.66,0.957,127.55,58.1,0,normal
2026-09-02 23:27:00,22.29,61.65,0.916,156.14,66.15,0,normal
2026-09-02 23:27:30,26.15,61.65,0.988,144.1,57.22,0,normal
2026-09-02 23:28:00,21.26,61.66,0.882,122.05,63.74,0,normal
2026-09-02 23:28:30,19.65,61.65,0.753,125.85,59.42,0,normal
2026-09-02 23:29:00,19.11,61.64,0.791,106.55,44.51,0,normal
2026-09-02 23:29:30,16.02,61.64,0.736,107.25,51.6,0,normal
2026-09-02 23:30:00,19.94,61.63,0.775,81.57,55.18,0,normal
2026-09-02 23:30:30,23.5,61.63,1.077,126.28,65.48,0,normal
2026-09-02 23:31:00,22.13,61.64,0.907,137.06,54.09,0,normal
2026-09-02 23:31:30,20.68,61.6,0.796,118.23,64.38,0,normal
2026-09-02 23:32:00,18.14,61.64,0.697,98.07,44.71,0,normal
2026-09-02 23:32:30,21.2,61.64,0.948,121.65,63.27,0,normal
2026-09-02 23:33:00,23.16,61.65,0.949,153.54,71.73,0,normal
2026-09-02 23:33:30,21.71,61.66,0.844,142.45,62.02,0,normal
2026-09-02 23:34:00,21.04,61.65,0.833,119.26,59.95,0,normal
2026-09-02 23:34:30,18.63,61.63,0.761,171.19,67.5,0,normal
2026-09-02 23:35:00,22.79,61.61,0.911,187.47,86.48,0,normal
2026-09-02 23:35:30,12.8,61.61,0.521,108.0,43.31,0,normal
2026-09-02 23:36:00,21.58,61.62,0.94,113.85,65.79,0,normal
2026-09-02 23:36:30,27.05,61.61,1.021,137.33,61.18,0,normal
2026-09-02 23:37:00,16.85,61.62,0.696,97.18,54.71,0,normal
2026-09-02 23:37:30,20.02,61.57,0.798,141.23,56.08,0,normal
2026-09-02 23:38:00,20.6,61.56,0.803,122.54,67.09,0,normal
2026-09-02 23:38:30,19.46,61.59,0.82,129.29,51.95,0,normal
2026-09-02 23:39:00,23.21,61.58,0.861,105.61,58.4,0,normal
2026-09-02 23:39:30,21.8,61.57,0.769,100.31,57.27,0,normal
2026-09-02 23:40:00,21.0,61.55,0.849,70.36,46.27,0,normal
2026-09-02 23:40:30,22.61,61.49,0.898,157.12,71.6,0,normal
2026-09-02 23:41:00,20.66,61.47,0.77,143.54,69.07,0,normal
2026-09-02 23:41:30,28.56,61.49,1.045,136.83,64.21,0,normal
2026-09-02 23:42:00,20.99,61.48,0.921,128.71,59.69,0,normal
2026-09-02 23:42:30,21.1,61.47,0.864,62.39,31.76,0,normal
2026-09-02 23:43:00,16.34,61.42,0.654,101.22,40.92,0,normal
2026-09-02 23:43:30,19.25,61.39,0.855,113.6,72.04,0,normal
2026-09-02 23:44:00,23.48,61.42,0.987,92.97,44.33,0,normal
2026-09-02 23:44:30,17.27,61.43,0.752,77.66,46.69,0,normal
2026-09-02 23:45:00,15.22,61.4,0.573,95.57,43.3,0,normal
2026-09-02 23:45:30,20.69,61.39,0.777,121.23,68.82,0,normal
2026-09-02 23:46:00,24.03,61.39,0.991,121.23,68.72,0,normal
2026-09-02 23:46:30,20.71,61.36,0.846,142.69,59.23,0,normal
2026-09-02 23:47:00,19.77,61.32,0.84,171.58,77.9,0,normal
2026-09-02 23:47:30,15.96,61.32,0.586,137.14,73.58,0,normal
2026-09-02 23:48:00,21.74,61.33,0.9,115.61,65.09,0,normal
2026-09-02 23:48:30,22.26,61.34,0.934,165.01,70.9,0,normal
2026-09-02 23:49:00,16.15,61.36,0.676,80.45,46.95,0,normal
2026-09-02 23:49:30,23.44,61.33,0.919,68.03,43.61,0,normal
2026-09-02 23:50:00,22.52,61.33,0.924,97.83,39.88,0,normal
2026-09-02 23:50:30,23.43,61.33,0.901,140.3,78.81,0,normal
2026-09-02 23:51:00,22.06,61.32,0.87,124.21,59.22,0,normal
2026-09-02 23:51:30,22.24,61.32,0.843,91.79,39.84,0,normal
2026-09-02 23:52:00,21.9,61.31,0.843,101.82,47.25,0,normal
2026-09-02 23:52:30,22.77,61.25,0.9,88.96,66.46,0,normal
2026-09-02 23:53:00,16.06,61.27,0.626,88.96,54.68,0,normal
2026-09-02 23:53:30,16.85,61.28,0.648,158.78,64.8,0,normal
2026-09-02 23:54:00,18.76,61.25,0.702,116.41,65.05,0,normal
2026-09-02 23:54:30,20.28,61.26,0.891,164.24,74.86,0,normal
2026-09-02 23:55:00,21.57,61.25,0.841,97.75,51.1,0,normal
2026-09-02 23:55:30,21.41,61.24,0.871,132.28,82.16,0,normal
2026-09-02 23:56:00,23.39,61.22,0.853,125.68,60.99,0,normal
2026-09-02 23:56:30,23.47,61.23,1.003,141.99,57.69,0,normal
2026-09-02 23:57:00,18.42,61.22,0.743,126.36,64.4,0,normal
2026-09-02 23:57:30,21.2,61.2,0.829,144.63,58.23,0,normal
2026-09-02 23:58:00,18.48,61.22,0.723,133.85,63.27,0,normal
2026-09-02 23:58:30,20.13,61.21,0.84,92.72,53.26,0,normal
2026-09-02 23:59:00,21.4,61.21,0.73,138.32,59.95,0,normal
2026-09-02 23:59:30,12.08,61.22,0.463,117.42,64.1,0,normal
2026-09-03 00:00:00,26.63,61.21,1.059,100.58,40.53,0,normal
2026-09-03 00:00:30,22.02,61.2,0.875,137.35,66.62,0,normal
2026-09-03 00:01:00,19.11,61.21,0.86,143.04,64.74,0,normal
2026-09-03 00:01:30,25.42,61.18,1.0,107.91,52.38,0,normal
2026-09-03 00:02:00,19.73,61.18,0.828,111.24,50.89,0,normal
2026-09-03 00:02:30,20.93,61.17,0.913,85.32,45.96,0,normal
2026-09-03 00:03:00,19.38,61.18,0.801,74.88,34.41,0,normal
2026-09-03 00:03:30,24.73,61.19,0.956,113.94,59.8,0,normal
2026-09-03 00:04:00,20.34,61.2,0.761,139.8,55.02,0,normal
2026-09-03 00:04:30,20.97,61.17,0.87,105.67,45.68,0,normal
2026-09-03 00:05:00,23.61,61.17,1.022,155.69,77.52,0,normal
2026-09-03 00:05:30,22.06,61.15,0.907,114.87,76.38,0,normal
2026-09-03 00:06:00,20.47,61.14,0.869,114.97,68.53,0,normal
2026-09-03 00:06:30,23.38,61.1,1.056,112.77,47.44,0,normal
2026-09-03 00:07:00,26.95,61.07,1.123,144.54,70.27,0,normal
2026-09-03 00:07:30,21.4,61.09,0.809,96.03,62.32,0,normal
2026-09-03 00:08:00,20.89,61.1,0.838,116.78,52.07,0,normal
2026-09-03 00:08:30,21.03,61.09,0.899,106.32,45.87,0,normal
2026-09-03 00:09:00,23.88,61.07,0.943,105.96,47.76,0,normal
2026-09-03 00:09:30,19.11,61.05,0.822,120.88,47.82,0,normal
2026-09-03 00:10:00,19.91,61.06,0.794,117.17,46.85,0,normal
2026-09-03 00:10:30,16.76,61.05,0.682,146.29,65.43,0,normal
2026-09-03 00:11:00,17.65,61.08,0.693,119.73,56.45,0,normal
2026-09-03 00:11:30,19.31,61.08,0.779,133.88,55.13,0,normal
2026-09-03 00:12:00,20.47,61.08,0.827,124.32,49.88,0,normal
2026-09-03 00:12:30,25.03,61.05,0.921,155.09,76.37,0,normal
2026-09-03 00:13:00,21.95,61.04,0.858,112.44,55.96,0,normal
2026-09-03 00:13:30,18.33,61.05,0.688,112.51,46.88,0,normal
2026-09-03 00:14:00,18.79,61.04,0.736,138.63,59.25,0,normal
2026-09-03 00:14:30,24.04,61.03,0.924,112.1,48.97,0,normal
2026-09-03 00:15:00,23.43,61.04,0.984,132.46,82.25,0,normal
2026-09-03 00:15:30,20.68,61.07,0.87,178.45,86.41,0,normal
2026-09-03 00:16:00,19.5,61.07,0.802,95.53,47.72,0,normal
2026-09-03 00:16:30,23.42,61.09,0.878,158.29,74.88,0,normal
2026-09-03 00:17:00,18.13,61.11,0.722,107.69,42.85,0,normal
2026-09-03 00:17:30,21.59,61.13,0.805,153.44,81.03,0,normal
2026-09-03 00:18:00,26.29,61.12,1.044,137.15,61.72,0,normal
2026-09-03 00:18:30,21.13,61.11,0.872,135.01,66.62,0,normal
2026-09-03 00:19:00,18.68,61.11,0.784,116.23,54.45,0,normal
2026-09-03 00:19:30,21.64,61.12,0.886,113.74,63.88,0,normal
2026-09-03 00:20:00,19.44,61.14,0.827,101.95,42.19,0,normal
2026-09-03 00:20:30,17.13,61.14,0.694,120.16,75.87,0,normal
2026-09-03 00:21:00,22.37,61.16,0.884,115.4,52.27,0,normal
2026-09-03 00:21:30,23.41,61.14,0.977,124.78,66.77,0,normal
2026-09-03 00:22:00,19.84,61.16,0.83,84.73,45.82,0,normal
2026-09-03 00:22:30,19.68,61.18,0.766,120.57,56.21,0,normal
2026-09-03 00:23:00,18.22,61.2,0.742,151.57,67.38,0,normal
2026-09-03 00:23:30,20.25,61.2,0.798,143.6,58.74,0,normal
2026-09-03 00:24:00,19.22,61.21,0.691,120.58,52.08,0,normal
2026-09-03 00:24:30,18.1,61.2,0.74,184.06,80.29,0,normal
2026-09-03 00:25:00,25.36,61.2,0.949,105.57,77.8,0,normal
2026-09-03 00:25:30,21.79,61.21,0.886,117.83,50.72,0,normal
2026-09-03 00:26:00,22.06,61.18,0.815,83.74,41.69,0,normal
2026-09-03 00:26:30,22.84,61.19,0.881,109.91,56.23,0,normal
2026-09-03 00:27:00,22.56,61.17,0.883,164.7,83.19,0,normal
2026-09-03 00:27:30,19.6,61.16,0.831,110.86,55.09,0,normal
2026-09-03 00:28:00,21.31,61.16,0.83,81.8,53.36,0,normal
2026-09-03 00:28:30,19.96,61.14,0.755,141.8,73.92,0,normal
2026-09-03 00:29:00,21.73,61.15,0.885,129.73,60.93,0,normal
2026-09-03 00:29:30,21.49,61.15,0.85,140.77,56.02,0,normal
2026-09-03 00:30:00,19.68,61.13,0.818,112.57,68.59,0,normal
2026-09-03 00:30:30,17.31,61.14,0.657,94.82,43.46,0,normal
2026-09-03 00:31:00,21.0,61.13,0.849,115.41,48.38,0,normal
2026-09-03 00:31:30,20.13,61.17,0.905,133.87,57.38,0,normal
2026-09-03 00:32:00,15.91,61.17,0.629,118.19,55.54,0,normal
2026-09-03 00:32:30,21.91,61.15,0.885,129.7,56.9,0,normal
2026-09-03 00:33:00,23.06,61.13,0.846,106.58,68.69,0,normal
2026-09-03 00:33:30,26.96,61.15,1.033,130.63,67.65,0,normal
2026-09-03 00:34:00,19.67,61.15,0.805,119.92,50.37,0,normal
2026-09-03 00:34:30,19.3,61.12,0.759,102.35,54.71,0,normal
2026-09-03 00:35:00,17.88,61.14,0.737,123.5,58.58,0,normal
2026-09-03 00:35:30,21.17,61.13,0.865,110.33,64.71,0,normal
2026-09-03 00:36:00,21.16,61.14,0.791,135.43,55.43,0,normal
2026-09-03 00:36:30,18.62,61.16,0.783,141.83,60.61,0,normal
2026-09-03 00:37:00,20.22,61.17,0.758,132.54,65.39,0,normal
2026-09-03 00:37:30,15.71,61.21,0.604,79.13,35.05,0,normal
2026-09-03 00:38:00,22.97,61.18,0.929,95.88,53.43,0,normal
2026-09-03 00:38:30,18.73,61.16,0.808,104.09,56.95,0,normal
2026-09-03 00:39:00,20.57,61.16,0.782,100.09,54.69,0,normal
2026-09-03 00:39:30,17.09,61.2,0.689,106.43,49.53,0,normal
2026-09-03 00:40:00,19.21,61.24,0.774,143.13,56.33,0,normal
2026-09-03 00:40:30,19.96,61.27,0.825,137.47,64.53,0,normal
2026-09-03 00:41:00,20.64,61.25,0.874,109.4,46.58,0,normal
2026-09-03 00:41:30,21.87,61.24,0.857,134.79,57.41,0,normal
2026-09-03 00:42:00,24.27,61.22,1.02,128.22,52.16,0,normal
2026-09-03 00:42:30,22.5,61.21,0.96,119.18,46.77,0,normal
2026-09-03 00:43:00,23.08,61.24,1.006,148.71,72.49,0,normal
2026-09-03 00:43:30,24.29,61.23,0.996,103.47,48.2,0,normal
2026-09-03 00:44:00,22.1,61.23,0.891,121.32,54.11,0,normal
2026-09-03 00:44:30,20.59,61.25,0.804,93.73,48.22,0,normal
2026-09-03 00:45:00,23.2,61.21,0.86,94.93,56.65,0,normal
2026-09-03 00:45:30,23.36,61.22,0.922,85.98,52.2,0,normal
2026-09-03 00:46:00,22.31,61.19,0.897,95.35,63.65,0,normal
2026-09-03 00:46:30,17.05,61.19,0.678,122.08,51.43,0,normal
2026-09-03 00:47:00,18.58,61.18,0.766,112.44,49.56,0,normal
2026-09-03 00:47:30,20.0,61.16,0.742,113.25,60.15,0,normal
2026-09-03 00:48:00,22.64,61.17,0.897,112.52,51.22,0,normal
2026-09-03 00:48:30,20.64,61.17,0.908,164.32,67.66,0,normal
2026-09-03 00:49:00,23.54,61.17,0.988,91.57,50.47,0,normal
2026-09-03 00:49:30,23.98,61.18,0.989,88.9,47.04,0,normal
2026-09-03 00:50:00,23.7,61.16,0.966,98.86,49.17,0,normal
2026-09-03 00:50:30,23.71,61.18,0.931,118.2,51.86,0,normal
2026-09-03 00:51:00,18.11,61.17,0.661,132.87,53.88,0,normal
2026-09-03 00:51:30,21.91,61.16,0.896,135.46,62.74,0,normal
2026-09-03 00:52:00,19.19,61.15,0.674,143.62,74.29,0,normal
2026-09-03 00:52:30,16.58,61.14,0.653,117.29,69.34,0,normal
2026-09-03 00:53:00,19.99,61.18,0.8,110.09,43.81,0,normal
2026-09-03 00:53:30,24.02,61.18,0.939,160.84,91.67,0,normal
2026-09-03 00:54:00,21.87,61.16,0.97,50.39,28.74,0,normal
2026-09-03 00:54:30,25.76,61.18,1.124,121.57,58.46,0,normal
2026-09-03 00:55:00,21.16,61.17,0.89,130.75,84.96,0,normal
2026-09-03 00:55:30,26.84,61.17,1.024,166.84,67.04,0,normal
2026-09-03 00:56:00,21.17,61.16,0.928,78.49,39.53,0,normal
2026-09-03 00:56:30,20.78,61.19,0.857,109.5,51.68,0,normal
2026-09-03 00:57:00,17.53,61.18,0.668,86.06,49.35,0,normal
2026-09-03 00:57:30,23.51,61.21,0.942,75.04,29.6,0,normal
2026-09-03 00:58:00,19.48,61.19,0.816,114.89,48.45,0,normal
2026-09-03 00:58:30,19.12,61.18,0.742,140.83,56.09,0,normal
2026-09-03 00:59:00,23.94,61.21,0.964,150.15,75.4,0,normal
2026-09-03 00:59:30,23.63,61.21,0.96,106.7,43.07,0,normal
2026-09-03 01:00:00,23.57,61.26,0.891,136.66,65.9,0,normal
2026-09-03 01:00:30,19.84,61.25,0.783,115.06,73.28,0,normal
2026-09-03 01:01:00,20.62,61.26,0.783,133.91,62.83,0,normal
2026-09-03 01:01:30,20.6,61.3,0.86,148.86,60.58,0,normal
2026-09-03 01:02:00,22.71,61.27,0.867,115.14,54.12,0,normal
2026-09-03 01:02:30,24.64,61.24,1.0,146.92,65.74,0,normal
2026-09-03 01:03:00,21.68,61.22,0.807,89.67,44.63,0,normal
2026-09-03 01:03:30,25.69,61.24,0.97,136.41,68.93,0,normal
2026-09-03 01:04:00,23.01,61.21,0.866,145.84,83.62,0,normal
2026-09-03 01:04:30,20.18,61.22,0.795,143.26,68.5,0,normal
2026-09-03 01:05:00,22.84,61.23,0.922,90.37,41.29,0,normal
2026-09-03 01:05:30,25.03,61.27,1.02,114.85,65.83,0,normal
2026-09-03 01:06:00,25.77,61.29,0.939,127.55,51.73,0,normal
2026-09-03 01:06:30,23.74,61.3,0.942,131.08,72.85,0,normal
2026-09-03 01:07:00,20.84,61.33,0.802,122.9,60.58,0,normal
2026-09-03 01:07:30,20.24,61.34,0.831,155.73,90.53,0,normal
2026-09-03 01:08:00,22.22,61.33,0.877,87.61,49.78,0,normal
2026-09-03 01:08:30,24.97,61.31,0.995,113.99,79.94,0,normal
2026-09-03 01:09:00,21.87,61.3,0.842,77.81,42.78,0,normal
2026-09-03 01:09:30,21.93,61.3,0.953,135.53,63.37,0,normal
2026-09-03 01:10:00,20.92,61.3,0.783,133.87,64.14,0,normal
2026-09-03 01:10:30,19.97,61.26,0.783,203.72,97.63,0,normal
2026-09-03 01:11:00,20.39,61.26,0.82,145.66,63.65,0,normal
2026-09-03 01:11:30,21.14,61.26,0.835,128.28,68.37,0,normal
2026-09-03 01:12:00,25.1,61.27,0.966,126.37,69.52,0,normal
2026-09-03 01:12:30,20.21,61.3,0.735,112.08,46.61,0,normal
2026-09-03 01:13:00,20.94,61.31,0.809,123.26,52.84,0,normal
2026-09-03 01:13:30,18.65,61.29,0.71,126.91,60.69,0,normal
2026-09-03 01:14:00,22.61,61.25,0.98,70.88,31.5,0,normal
2026-09-03 01:14:30,24.23,61.27,1.079,124.92,49.36,0,normal
2026-09-03 01:15:00,24.88,61.25,0.993,122.53,56.2,0,normal
2026-09-03 01:15:30,21.33,61.27,0.793,163.85,92.07,0,normal
2026-09-03 01:16:00,22.26,61.3,0.923,116.71,86.03,0,normal
2026-09-03 01:16:30,20.44,61.27,0.778,100.86,46.62,0,normal
2026-09-03 01:17:00,22.15,61.28,0.862,126.71,51.5,0,normal
2026-09-03 01:17:30,21.62,61.3,0.838,121.86,54.55,0,normal
2026-09-03 01:18:00,20.99,61.33,0.818,116.73,49.4,0,normal
2026-09-03 01:18:30,21.19,61.28,0.832,88.03,58.44,0,normal
2026-09-03 01:19:00,21.98,61.27,0.821,116.1,46.37,0,normal
2026-09-03 01:19:30,20.11,61.24,0.776,105.52,57.74,0,normal
2026-09-03 01:20:00,20.25,61.25,0.851,114.59,67.06,0,normal
2026-09-03 01:20:30,25.12,61.26,1.003,138.3,69.18,0,normal
2026-09-03 01:21:00,27.64,61.21,1.112,103.14,49.31,0,normal
2026-09-03 01:21:30,17.85,61.2,0.634,114.47,50.63,0,normal
2026-09-03 01:22:00,17.72,61.22,0.742,133.53,88.2,0,normal
2026-09-03 01:22:30,18.47,61.22,0.714,113.26,56.71,0,normal
2026-09-03 01:23:00,20.61,61.23,0.871,185.23,74.27,0,normal
2026-09-03 01:23:30,23.11,61.22,0.932,126.22,49.76,0,normal
2026-09-03 01:24:00,22.36,61.2,0.869,88.95,39.53,0,normal
2026-09-03 01:24:30,21.31,61.2,0.781,99.02,39.69,0,normal
2026-09-03 01:25:00,22.21,61.2,0.985,96.5,44.96,0,normal
2026-09-03 01:25:30,19.16,61.22,0.797,99.37,80.26,0,normal
2026-09-03 01:26:00,20.28,61.23,0.846,133.42,63.77,0,normal
2026-09-03 01:26:30,20.84,61.23,0.909,92.34,43.19,0,normal
2026-09-03 01:27:00,16.94,61.26,0.685,111.72,61.74,0,normal
2026-09-03 01:27:30,18.0,61.25,0.769,148.57,62.34,0,normal
2026-09-03 01:28:00,18.1,61.22,0.707,107.01,43.0,0,normal
2026-09-03 01:28:30,22.82,61.23,0.946,136.79,56.59,0,normal
2026-09-03 01:29:00,21.53,61.24,0.834,77.93,34.44,0,normal
2026-09-03 01:29:30,22.44,61.25,0.875,110.73,61.91,0,normal
2026-09-03 01:30:00,16.32,61.22,0.656,97.85,63.64,0,normal
2026-09-03 01:30:30,17.21,61.26,0.645,127.49,55.77,0,normal
2026-09-03 01:31:00,22.58,61.27,0.918,94.13,39.96,0,normal
2026-09-03 01:31:30,13.98,61.27,0.55,171.74,80.8,0,normal
2026-09-03 01:32:00,24.0,61.25,0.864,79.02,44.47,0,normal
2026-09-03 01:32:30,16.38,61.27,0.64,148.39,74.92,0,normal
2026-09-03 01:33:00,23.05,61.25,0.906,141.96,67.57,0,normal
2026-09-03 01:33:30,18.72,61.3,0.781,127.75,54.76,0,normal
2026-09-03 01:34:00,23.57,61.29,0.956,121.36,60.65,0,normal
2026-09-03 01:34:30,28.97,61.32,1.243,166.37,66.05,0,normal
2026-09-03 01:35:00,15.27,61.32,0.627,181.77,99.79,0,normal
2026-09-03 01:35:30,22.69,61.35,0.883,114.82,56.58,0,normal
2026-09-03 01:36:00,16.44,61.34,0.656,123.94,54.99,0,normal
2026-09-03 01:36:30,22.03,61.34,0.866,106.19,53.85,0,normal
2026-09-03 01:37:00,20.45,61.36,0.838,90.77,39.87,0,normal
2026-09-03 01:37:30,21.3,61.37,0.854,131.58,76.5,0,normal
2026-09-03 01:38:00,18.7,61.39,0.724,126.24,55.17,0,normal
2026-09-03 01:38:30,22.93,61.38,0.918,79.74,60.56,0,normal
2026-09-03 01:39:00,17.36,61.39,0.711,131.4,86.16,0,normal
2026-09-03 01:39:30,24.09,61.41,0.915,127.08,57.13,0,normal
2026-09-03 01:40:00,19.97,61.4,0.811,104.97,64.41,0,normal
2026-09-03 01:40:30,17.49,61.41,0.644,103.34,41.09,0,normal
2026-09-03 01:41:00,24.99,61.41,1.055,130.59,52.68,0,normal
2026-09-03 01:41:30,20.83,61.41,0.855,160.22,74.38,0,normal
2026-09-03 01:42:00,25.78,61.42,1.115,129.96,54.4,0,normal
2026-09-03 01:42:30,24.06,61.4,0.909,139.51,75.62,0,normal
2026-09-03 01:43:00,19.02,61.4,0.804,99.2,56.62,0,normal
2026-09-03 01:43:30,20.8,61.4,0.871,109.64,46.19,0,normal
2026-09-03 01:44:00,21.33,61.4,0.845,135.2,69.74,0,normal
2026-09-03 01:44:30,24.84,61.43,0.975,86.04,38.63,0,normal
2026-09-03 01:45:00,22.13,61.45,0.837,125.18,56.65,0,normal
2026-09-03 01:45:30,21.47,61.46,0.801,132.34,70.27,0,normal
2026-09-03 01:46:00,20.54,61.45,0.791,119.04,66.64,0,normal
2026-09-03 01:46:30,20.91,61.43,0.784,127.98,54.99,0,normal
2026-09-03 01:47:00,24.31,61.47,1.05,121.45,84.24,0,normal
2026-09-03 01:47:30,21.06,61.45,0.779,104.45,49.34,0,normal
2026-09-03 01:48:00,20.07,61.45,0.809,90.55,42.24,0,normal
2026-09-03 01:48:30,19.65,61.46,0.803,117.74,50.94,0,normal
2026-09-03 01:49:00,19.68,61.46,0.801,152.61,63.74,0,normal
2026-09-03 01:49:30,17.56,61.44,0.718,145.61,62.52,0,normal
2026-09-03 01:50:00,19.2,61.42,0.804,111.37,84.87,0,normal
2026-09-03 01:50:30,24.82,61.41,0.971,110.85,68.69,0,normal
2026-09-03 01:51:00,20.57,61.4,0.826,109.01,53.52,0,normal
2026-09-03 01:51:30,22.84,61.43,0.9,109.01,46.65,0,normal
2026-09-03 01:52:00,14.89,61.43,0.635,127.19,67.15,0,normal
2026-09-03 01:52:30,22.51,61.42,0.995,146.44,61.47,0,normal
2026-09-03 01:53:00,20.7,61.42,0.778,176.57,81.96,0,normal
2026-09-03 01:53:30,19.9,61.44,0.715,99.25,47.56,0,normal
2026-09-03 01:54:00,21.56,61.43,0.887,136.28,55.74,0,normal
2026-09-03 01:54:30,19.87,61.45,0.837,133.56,66.85,0,normal
2026-09-03 01:55:00,15.81,61.43,0.694,111.76,50.44,0,normal
2026-09-03 01:55:30,23.42,61.45,0.972,94.35,38.14,0,normal
2026-09-03 01:56:00,21.73,61.45,0.93,126.88,64.81,0,normal
2026-09-03 01:56:30,20.34,61.45,0.881,173.0,81.29,0,normal
2026-09-03 01:57:00,18.72,61.44,0.804,126.73,88.0,0,normal
2026-09-03 01:57:30,17.46,61.41,0.729,100.32,46.48,0,normal
2026-09-03 01:58:00,21.7,61.38,0.813,116.07,56.83,0,normal
2026-09-03 01:58:30,25.18,61.37,1.007,91.5,52.43,0,normal
2026-09-03 01:59:00,21.66,61.38,0.879,120.46,64.14,0,normal
2026-09-03 01:59:30,17.7,61.36,0.704,137.09,60.77,0,normal
2026-09-03 02:00:00,21.73,61.33,0.867,102.68,40.59,0,normal
2026-09-03 02:00:30,21.03,61.31,0.907,38.61,26.32,0,normal
2026-09-03 02:01:00,23.33,61.31,0.898,126.92,59.94,0,normal
2026-09-03 02:01:30,22.69,61.3,0.944,107.46,47.52,0,normal
2026-09-03 02:02:00,13.72,61.3,0.557,101.23,63.32,0,normal
2026-09-03 02:02:30,22.54,61.32,0.863,101.02,50.69,0,normal
2026-09-03 02:03:00,18.68,61.35,0.707,130.01,51.45,0,normal
2026-09-03 02:03:30,17.64,61.39,0.645,109.8,46.02,0,normal
2026-09-03 02:04:00,20.73,61.36,0.849,143.26,81.94,0,normal
2026-09-03 02:04:30,22.23,61.34,0.886,143.81,64.54,0,normal
2026-09-03 02:05:00,17.11,61.36,0.656,113.23,47.19,0,normal
2026-09-03 02:05:30,22.97,61.35,0.833,106.98,63.43,0,normal
2026-09-03 02:06:00,23.13,61.37,0.945,123.19,61.4,0,normal
2026-09-03 02:06:30,21.34,61.37,0.846,116.37,53.38,0,normal
2026-09-03 02:07:00,19.06,61.41,0.735,76.19,38.56,0,normal
2026-09-03 02:07:30,18.78,61.43,0.715,167.85,73.09,0,normal
2026-09-03 02:08:00,23.8,61.45,0.941,137.86,67.71,0,normal
2026-09-03 02:08:30,17.46,61.44,0.715,108.41,58.56,0,normal
2026-09-03 02:09:00,23.91,61.44,0.941,72.09,35.65,0,normal
2026-09-03 02:09:30,20.83,61.44,0.784,115.49,61.42,0,normal
2026-09-03 02:10:00,21.02,61.41,0.838,105.3,53.0,0,normal
2026-09-03 02:10:30,16.99,61.44,0.715,118.49,60.55,0,normal
2026-09-03 02:11:00,20.9,61.45,0.838,65.9,29.22,0,normal
2026-09-03 02:11:30,22.8,61.45,0.915,108.19,42.9,0,normal
2026-09-03 02:12:00,17.94,61.48,0.706,109.72,44.46,0,normal
2026-09-03 02:12:30,22.52,61.46,0.861,115.19,49.41,0,normal
2026-09-03 02:13:00,21.51,61.43,0.821,114.09,60.32,0,normal
2026-09-03 02:13:30,19.68,61.45,0.722,121.31,61.51,0,normal
2026-09-03 02:14:00,23.43,61.43,0.993,158.03,77.37,0,normal
2026-09-03 02:14:30,15.79,61.42,0.646,107.12,44.61,0,normal
2026-09-03 02:15:00,22.17,61.43,0.891,97.22,47.45,0,normal
2026-09-03 02:15:30,25.36,61.44,1.029,76.82,48.78,0,normal
2026-09-03 02:16:00,24.92,61.46,1.014,107.22,55.16,0,normal
2026-09-03 02:16:30,22.29,61.47,0.859,84.97,54.2,0,normal
2026-09-03 02:17:00,20.57,61.48,0.81,144.0,58.8,0,normal
2026-09-03 02:17:30,19.74,61.46,0.771,117.6,62.2,0,normal
2026-09-03 02:18:00,20.58,61.47,0.927,143.49,64.69,0,normal
2026-09-03 02:18:30,22.7,61.44,0.954,156.64,64.82,0,normal
2026-09-03 02:19:00,19.33,61.48,0.78,98.37,63.58,0,normal
2026-09-03 02:19:30,23.24,61.45,0.993,111.32,53.36,0,normal
2026-09-03 02:20:00,26.69,61.44,1.134,153.29,61.8,0,normal
2026-09-03 02:20:30,21.2,61.42,0.79,124.73,70.82,0,normal
2026-09-03 02:21:00,18.01,61.41,0.712,133.04,64.64,0,normal
2026-09-03 02:21:30,18.01,61.41,0.72,145.82,59.57,0,normal
2026-09-03 02:22:00,23.32,61.4,0.961,142.41,86.16,0,normal
2026-09-03 02:22:30,21.23,61.42,0.84,130.26,60.14,0,normal
2026-09-03 02:23:00,23.58,61.43,0.939,154.91,65.72,0,normal
2026-09-03 02:23:30,20.06,61.42,0.784,118.29,48.85,0,normal
2026-09-03 02:24:00,23.48,61.42,0.988,132.99,74.03,0,normal
2026-09-03 02:24:30,21.01,61.44,0.78,115.58,54.51,0,normal
2026-09-03 02:25:00,19.58,61.46,0.767,145.51,78.2,0,normal
2026-09-03 02:25:30,20.41,61.44,0.741,102.48,62.99,0,normal
2026-09-03 02:26:00,18.43,61.43,0.699,77.93,34.92,0,normal
2026-09-03 02:26:30,26.4,61.44,1.073,136.37,55.99,0,normal
2026-09-03 02:27:00,21.19,61.45,0.862,94.5,52.38,0,normal
2026-09-03 02:27:30,23.05,61.43,0.907,92.02,62.46,0,normal
2026-09-03 02:28:00,20.1,61.44,0.849,151.62,86.93,0,normal
2026-09-03 02:28:30,18.82,61.43,0.804,144.16,63.84,0,normal
2026-09-03 02:29:00,20.87,61.46,0.832,111.44,58.25,0,normal
2026-09-03 02:29:30,24.21,61.47,0.981,43.86,23.79,0,normal
2026-09-03 02:30:00,20.17,61.45,0.788,133.33,69.29,0,normal
2026-09-03 02:30:30,19.29,61.44,0.796,136.56,82.53,0,normal
2026-09-03 02:31:00,21.87,61.43,0.822,132.92,54.93,0,normal
2026-09-03 02:31:30,22.73,61.43,0.991,131.77,74.74,0,normal
2026-09-03 02:32:00,25.6,61.43,1.082,115.47,58.62,0,normal
2026-09-03 02:32:30,22.37,61.41,0.841,109.74,53.85,0,normal
2026-09-03 02:33:00,23.11,61.38,0.888,92.35,39.96,0,normal
2026-09-03 02:33:30,23.3,61.39,0.952,102.57,59.94,0,normal
2026-09-03 02:34:00,18.63,61.4,0.733,128.04,51.05,0,normal
2026-09-03 02:34:30,19.1,61.4,0.785,128.45,59.11,0,normal
2026-09-03 02:35:00,18.81,61.41,0.739,139.75,86.55,0,normal
2026-09-03 02:35:30,18.19,61.4,0.783,84.84,40.58,0,normal
2026-09-03 02:36:00,23.52,61.4,0.941,78.52,31.63,0,normal
2026-09-03 02:36:30,22.26,61.45,0.998,110.51,52.16,0,normal
2026-09-03 02:37:00,21.75,61.48,0.896,94.5,55.05,0,normal
2026-09-03 02:37:30,15.07,61.47,0.562,124.65,67.4,0,normal
2026-09-03 02:38:00,26.7,61.47,1.179,87.25,44.95,0,normal
2026-09-03 02:38:30,19.32,61.41,0.815,149.51,63.1,0,normal
2026-09-03 02:39:00,26.7,61.43,1.088,99.45,47.97,0,normal
2026-09-03 02:39:30,17.95,61.45,0.741,159.82,71.8,0,normal
2026-09-03 02:40:00,19.55,61.44,0.736,133.11,59.88,0,normal
2026-09-03 02:40:30,16.08,61.41,0.585,93.62,52.99,0,normal
2026-09-03 02:41:00,22.5,61.39,0.898,172.37,76.08,0,normal
2026-09-03 02:41:30,18.84,61.4,0.806,126.64,52.09,0,normal
2026-09-03 02:42:00,18.92,61.4,0.772,124.15,54.48,0,normal
2026-09-03 02:42:30,18.18,61.42,0.789,118.37,53.91,0,normal
2026-09-03 02:43:00,23.56,61.42,1.005,131.66,55.23,0,normal
2026-09-03 02:43:30,23.4,61.44,0.937,133.14,53.67,0,normal
2026-09-03 02:44:00,26.16,61.45,1.108,98.38,46.79,0,normal
2026-09-03 02:44:30,19.92,61.47,0.857,114.66,47.7,0,normal
2026-09-03 02:45:00,22.19,61.43,0.884,122.89,53.53,0,normal
2026-09-03 02:45:30,18.42,61.4,0.729,134.57,65.42,0,normal
2026-09-03 02:46:00,20.82,61.4,0.839,134.99,73.98,0,normal
2026-09-03 02:46:30,20.36,61.42,0.716,124.11,66.0,0,normal
2026-09-03 02:47:00,22.83,61.46,0.926,106.24,48.88,0,normal
2026-09-03 02:47:30,24.21,61.46,1.003,104.96,49.07,0,normal
2026-09-03 02:48:00,24.16,61.45,0.973,90.21,52.15,0,normal
2026-09-03 02:48:30,19.57,61.41,0.796,134.82,66.93,0,normal
2026-09-03 02:49:00,24.19,61.43,0.965,104.6,41.69,0,normal
2026-09-03 02:49:30,21.58,61.42,0.777,115.21,69.2,0,normal
2026-09-03 02:50:00,23.85,61.48,0.905,125.94,52.97,1,mem_leak
2026-09-03 02:50:30,23.3,61.53,0.783,120.1,61.06,1,mem_leak
2026-09-03 02:51:00,23.26,61.65,0.788,119.86,58.64,1,mem_leak
2026-09-03 02:51:30,28.48,61.73,1.114,97.38,44.87,1,mem_leak
2026-09-03 02:52:00,25.96,61.78,0.944,126.72,64.48,1,mem_leak
2026-09-03 02:52:30,26.43,61.85,0.899,112.18,44.99,1,mem_leak
2026-09-03 02:53:00,23.31,61.94,0.876,117.84,47.73,1,mem_leak
2026-09-03 02:53:30,30.56,62.0,1.05,148.95,72.54,1,mem_leak
2026-09-03 02:54:00,30.76,62.09,0.997,132.63,62.93,1,mem_leak
2026-09-03 02:54:30,23.24,62.17,0.85,105.73,88.24,1,mem_leak
2026-09-03 02:55:00,22.82,62.26,0.815,116.28,67.09,1,mem_leak
2026-09-03 02:55:30,23.75,62.32,0.807,159.99,67.27,1,mem_leak
2026-09-03 02:56:00,24.39,62.37,0.889,112.32,49.1,1,mem_leak
2026-09-03 02:56:30,23.41,62.44,0.805,121.0,56.32,1,mem_leak
2026-09-03 02:57:00,26.2,62.51,0.945,136.6,62.21,1,mem_leak
2026-09-03 02:57:30,27.79,62.54,0.947,125.38,53.63,1,mem_leak
2026-09-03 02:58:00,23.38,62.62,0.646,110.68,52.61,1,mem_leak
2026-09-03 02:58:30,22.07,62.68,0.794,101.41,68.55,1,mem_leak
2026-09-03 02:59:00,23.15,62.73,0.78,119.75,57.3,1,mem_leak
2026-09-03 02:59:30,22.5,62.79,0.804,136.45,56.66,1,mem_leak
2026-09-03 03:00:00,28.93,62.85,0.956,153.02,71.01,1,mem_leak
2026-09-03 03:00:30,26.09,62.96,1.023,83.37,45.27,1,mem_leak
2026-09-03 03:01:00,27.01,63.04,0.985,164.07,86.5,1,mem_leak
2026-09-03 03:01:30,23.3,63.13,0.86,112.79,55.1,1,mem_leak
2026-09-03 03:02:00,24.92,63.19,0.858,143.12,67.22,1,mem_leak
2026-09-03 03:02:30,20.64,63.22,0.654,101.56,52.5,1,mem_leak
2026-09-03 03:03:00,27.66,63.31,0.906,79.73,46.28,1,mem_leak
2026-09-03 03:03:30,26.59,63.36,0.903,87.18,39.37,1,mem_leak
2026-09-03 03:04:00,28.74,63.43,0.966,111.73,44.94,1,mem_leak
2026-09-03 03:04:30,25.25,63.47,0.843,133.1,53.55,1,mem_leak
2026-09-03 03:05:00,26.53,63.55,0.872,120.78,59.66,1,mem_leak
2026-09-03 03:05:30,24.47,63.64,0.938,113.74,51.96,1,mem_leak
2026-09-03 03:06:00,27.98,63.73,0.894,147.95,69.04,1,mem_leak
2026-09-03 03:06:30,21.63,63.83,0.729,120.05,49.01,1,mem_leak
2026-09-03 03:07:00,27.83,63.93,0.984,126.99,52.84,1,mem_leak
2026-09-03 03:07:30,24.98,63.96,0.834,197.78,104.35,1,mem_leak
2026-09-03 03:08:00,23.47,64.01,0.764,119.8,78.31,1,mem_leak
2026-09-03 03:08:30,18.43,64.04,0.685,102.6,49.63,1,mem_leak
2026-09-03 03:09:00,23.6,64.12,0.865,132.02,55.47,1,mem_leak
2026-09-03 03:09:30,28.0,64.18,1.057,138.35,60.37,1,mem_leak
2026-09-03 03:10:00,29.07,64.24,1.051,127.52,81.77,1,mem_leak
2026-09-03 03:10:30,25.9,64.3,0.9,123.92,66.6,1,mem_leak
2026-09-03 03:11:00,29.14,64.38,1.012,157.06,68.03,1,mem_leak
2026-09-03 03:11:30,23.88,64.42,0.886,153.93,72.18,1,mem_leak
2026-09-03 03:12:00,26.72,64.46,0.98,117.07,55.08,1,mem_leak
2026-09-03 03:12:30,22.15,64.53,0.793,103.91,68.61,1,mem_leak
2026-09-03 03:13:00,23.43,64.63,0.853,130.73,57.82,1,mem_leak
2026-09-03 03:13:30,23.25,64.69,0.864,103.77,51.44,1,mem_leak
2026-09-03 03:14:00,20.31,64.75,0.652,142.13,66.37,1,mem_leak
2026-09-03 03:14:30,28.4,64.77,0.973,130.6,61.5,1,mem_leak
2026-09-03 03:15:00,25.22,64.86,0.786,186.75,82.46,1,mem_leak
2026-09-03 03:15:30,23.84,64.92,0.734,156.83,71.03,1,mem_leak
2026-09-03 03:16:00,22.83,64.97,0.84,93.03,49.6,1,mem_leak
2026-09-03 03:16:30,24.9,65.0,0.842,107.03,76.24,1,mem_leak
2026-09-03 03:17:00,30.0,65.04,1.013,72.15,33.45,1,mem_leak
2026-09-03 03:17:30,30.07,65.09,1.03,66.56,57.86,1,mem_leak
2026-09-03 03:18:00,21.02,65.16,0.703,122.85,53.56,1,mem_leak
2026-09-03 03:18:30,26.11,65.2,0.818,90.19,73.94,1,mem_leak
2026-09-03 03:19:00,22.43,65.28,0.836,161.03,76.68,1,mem_leak
2026-09-03 03:19:30,26.23,65.34,0.921,148.95,86.87,1,mem_leak
2026-09-03 03:20:00,26.51,65.46,0.842,113.21,54.87,1,mem_leak
2026-09-03 03:20:30,24.38,65.49,0.843,111.79,63.14,1,mem_leak
2026-09-03 03:21:00,25.45,65.56,0.887,157.13,76.92,1,mem_leak
2026-09-03 03:21:30,22.04,65.64,0.828,162.87,76.93,1,mem_leak
2026-09-03 03:22:00,30.45,65.69,1.076,96.69,43.89,1,mem_leak
2026-09-03 03:22:30,26.73,65.76,0.946,93.47,55.85,1,mem_leak
2026-09-03 03:23:00,26.51,65.84,0.95,112.47,53.56,1,mem_leak
2026-09-03 03:23:30,19.66,65.91,0.576,130.78,53.52,1,mem_leak
2026-09-03 03:24:00,22.97,66.01,0.806,107.16,75.88,1,mem_leak
2026-09-03 03:24:30,30.48,66.04,1.056,131.31,61.42,1,mem_leak
2026-09-03 03:25:00,27.95,66.09,0.964,168.76,76.41,1,mem_leak
2026-09-03 03:25:30,22.05,66.19,0.712,84.85,45.54,1,mem_leak
2026-09-03 03:26:00,24.64,66.28,0.779,108.86,49.91,1,mem_leak
2026-09-03 03:26:30,21.32,66.36,0.75,85.33,49.26,1,mem_leak
2026-09-03 03:27:00,30.62,66.45,1.05,99.09,64.96,1,mem_leak
2026-09-03 03:27:30,23.35,66.48,0.911,112.63,68.55,1,mem_leak
2026-09-03 03:28:00,23.8,66.57,0.828,101.82,54.56,1,mem_leak
2026-09-03 03:28:30,24.04,66.66,0.877,133.0,62.08,1,mem_leak
2026-09-03 03:29:00,18.25,66.72,0.607,123.77,73.72,1,mem_leak
2026-09-03 03:29:30,22.28,66.84,0.829,127.48,68.29,1,mem_leak
2026-09-03 03:30:00,26.24,66.91,0.879,112.33,48.97,1,mem_leak
2026-09-03 03:30:30,29.56,66.94,1.043,114.63,65.83,1,mem_leak
2026-09-03 03:31:00,18.62,67.02,0.685,111.23,50.12,1,mem_leak
2026-09-03 03:31:30,24.75,67.07,0.852,113.78,58.02,1,mem_leak
2026-09-03 03:32:00,30.0,67.16,0.985,130.48,55.47,1,mem_leak
2026-09-03 03:32:30,21.07,67.24,0.754,71.91,36.46,1,mem_leak
2026-09-03 03:33:00,25.22,67.3,0.895,127.2,64.27,1,mem_leak
2026-09-03 03:33:30,25.69,67.4,0.902,98.28,57.3,1,mem_leak
2026-09-03 03:34:00,30.42,67.49,1.145,111.53,56.76,1,mem_leak
2026-09-03 03:34:30,25.38,67.54,0.915,80.96,37.4,1,mem_leak
2026-09-03 03:35:00,24.53,67.61,0.922,111.03,48.52,1,mem_leak
2026-09-03 03:35:30,26.65,67.69,0.913,126.95,56.47,1,mem_leak
2026-09-03 03:36:00,23.33,67.75,0.716,131.43,53.59,1,mem_leak
2026-09-03 03:36:30,24.0,67.81,0.881,90.34,47.35,1,mem_leak
2026-09-03 03:37:00,22.29,67.89,0.881,130.22,63.65,1,mem_leak
2026-09-03 03:37:30,23.55,67.93,0.857,148.49,85.35,1,mem_leak
2026-09-03 03:38:00,26.91,67.96,0.945,107.66,56.55,1,mem_leak
2026-09-03 03:38:30,28.24,68.03,1.016,120.02,56.68,1,mem_leak
2026-09-03 03:39:00,22.32,68.06,0.848,68.29,49.9,1,mem_leak
2026-09-03 03:39:30,27.24,68.11,0.957,97.57,64.76,1,mem_leak
2026-09-03 03:40:00,30.42,68.15,1.022,126.76,60.5,1,mem_leak
2026-09-03 03:40:30,23.54,68.18,0.791,143.89,59.49,1,mem_leak
2026-09-03 03:41:00,23.22,68.26,0.954,105.02,44.03,1,mem_leak
2026-09-03 03:41:30,23.74,68.33,0.865,186.73,77.35,1,mem_leak
2026-09-03 03:42:00,24.63,68.39,0.863,127.85,56.46,1,mem_leak
2026-09-03 03:42:30,23.08,68.43,0.7,88.17,51.05,1,mem_leak
2026-09-03 03:43:00,28.39,68.49,1.012,152.18,83.87,1,mem_leak
2026-09-03 03:43:30,22.73,68.57,0.856,88.68,38.65,1,mem_leak
2026-09-03 03:44:00,28.2,68.64,0.925,128.21,56.04,1,mem_leak
2026-09-03 03:44:30,22.49,68.72,0.862,96.77,48.8,1,mem_leak
2026-09-03 03:45:00,23.88,68.81,0.807,86.06,39.33,1,mem_leak
2026-09-03 03:45:30,27.7,68.88,1.009,144.05,89.16,1,mem_leak
2026-09-03 03:46:00,30.65,68.91,0.991,113.51,60.55,1,mem_leak
2026-09-03 03:46:30,25.09,68.96,0.91,163.14,82.44,1,mem_leak
2026-09-03 03:47:00,29.33,69.03,0.962,94.55,51.06,1,mem_leak
2026-09-03 03:47:30,23.64,69.09,0.852,81.01,37.63,1,mem_leak
2026-09-03 03:48:00,25.75,69.14,0.874,108.01,51.34,1,mem_leak
2026-09-03 03:48:30,24.36,69.21,0.889,192.26,93.08,1,mem_leak
2026-09-03 03:49:00,27.93,69.33,0.993,140.85,57.51,1,mem_leak
2026-09-03 03:49:30,23.87,69.38,0.827,133.85,77.36,1,mem_leak
2026-09-03 03:50:00,30.12,69.46,1.016,134.67,56.53,1,mem_leak
2026-09-03 03:50:30,25.17,69.5,0.852,107.88,44.93,1,mem_leak
2026-09-03 03:51:00,25.44,69.59,0.875,188.23,81.04,1,mem_leak
2026-09-03 03:51:30,26.78,69.68,1.016,131.45,62.72,1,mem_leak
2026-09-03 03:52:00,25.47,69.77,0.871,129.11,72.67,1,mem_leak
2026-09-03 03:52:30,24.65,69.86,0.775,144.62,61.92,1,mem_leak
2026-09-03 03:53:00,25.32,69.93,0.903,88.17,35.6,1,mem_leak
2026-09-03 03:53:30,27.9,69.99,0.979,98.02,54.41,1,mem_leak
2026-09-03 03:54:00,22.54,70.09,0.813,113.86,57.04,1,mem_leak
2026-09-03 03:54:30,24.26,70.17,0.932,144.78,71.08,1,mem_leak
2026-09-03 03:55:00,26.48,70.2,0.782,87.55,48.46,1,mem_leak
2026-09-03 03:55:30,25.53,70.28,1.069,118.32,50.64,1,mem_leak
2026-09-03 03:56:00,26.58,70.34,0.943,114.78,69.45,1,mem_leak
2026-09-03 03:56:30,29.6,70.42,1.052,80.64,43.45,1,mem_leak
2026-09-03 03:57:00,26.93,70.5,0.87,107.28,43.87,1,mem_leak
2026-09-03 03:57:30,26.28,70.54,0.905,133.56,68.64,1,mem_leak
2026-09-03 03:58:00,24.91,70.61,0.913,82.92,56.32,1,mem_leak
2026-09-03 03:58:30,22.15,70.69,0.751,155.28,63.56,1,mem_leak
2026-09-03 03:59:00,24.69,70.77,0.739,131.7,57.55,1,mem_leak
2026-09-03 03:59:30,25.63,70.85,0.945,128.65,60.29,1,mem_leak
2026-09-03 04:00:00,29.51,70.95,1.07,120.2,55.28,1,mem_leak
2026-09-03 04:00:30,26.76,71.02,0.912,92.69,48.74,1,mem_leak
2026-09-03 04:01:00,23.42,71.1,0.868,103.76,51.78,1,mem_leak
2026-09-03 04:01:30,28.99,71.19,1.063,129.05,62.04,1,mem_leak
2026-09-03 04:02:00,28.84,71.3,1.104,103.71,58.83,1,mem_leak
2026-09-03 04:02:30,27.76,71.39,0.927,124.72,68.99,1,mem_leak
2026-09-03 04:03:00,23.78,71.46,0.81,97.53,54.01,1,mem_leak
2026-09-03 04:03:30,24.1,71.54,0.841,131.29,63.11,1,mem_leak
2026-09-03 04:04:00,30.13,71.62,1.083,133.15,66.18,1,mem_leak
2026-09-03 04:04:30,25.87,71.69,0.971,79.31,45.4,1,mem_leak
2026-09-03 04:05:00,23.86,71.8,0.805,121.68,53.86,1,mem_leak
2026-09-03 04:05:30,29.27,71.85,0.917,81.96,38.01,1,mem_leak
2026-09-03 04:06:00,28.47,71.95,0.978,73.47,48.11,1,mem_leak
2026-09-03 04:06:30,22.93,72.01,0.861,105.15,47.66,1,mem_leak
2026-09-03 04:07:00,26.54,72.06,0.973,189.92,104.83,1,mem_leak
2026-09-03 04:07:30,29.65,72.12,1.087,139.38,56.62,1,mem_leak
2026-09-03 04:08:00,23.89,72.18,0.786,154.8,77.63,1,mem_leak
2026-09-03 04:08:30,25.34,72.26,0.952,135.21,57.9,1,mem_leak
2026-09-03 04:09:00,22.56,72.34,0.831,125.14,64.49,1,mem_leak
2026-09-03 04:09:30,22.43,72.38,0.838,142.38,59.89,1,mem_leak
2026-09-03 04:10:00,23.71,72.48,0.857,104.01,78.2,1,mem_leak
2026-09-03 04:10:30,26.39,72.57,0.943,131.76,64.18,1,mem_leak
2026-09-03 04:11:00,23.6,72.68,0.836,149.43,62.5,1,mem_leak
2026-09-03 04:11:30,23.81,72.75,0.802,137.49,71.92,1,mem_leak
2026-09-03 04:12:00,26.37,72.82,0.937,151.07,63.5,1,mem_leak
2026-09-03 04:12:30,22.61,72.9,0.799,124.57,50.91,1,mem_leak
2026-09-03 04:13:00,27.2,72.96,0.939,162.3,74.57,1,mem_leak
2026-09-03 04:13:30,30.36,73.03,1.064,114.79,69.93,1,mem_leak
2026-09-03 04:14:00,27.56,73.1,0.9,172.94,92.6,1,mem_leak
2026-09-03 04:14:30,25.35,73.14,0.856,134.34,64.59,1,mem_leak
2026-09-03 04:15:00,27.76,73.22,0.942,110.4,67.5,1,mem_leak
2026-09-03 04:15:30,20.7,73.27,0.744,90.52,63.8,1,mem_leak
2026-09-03 04:16:00,26.81,73.34,0.922,99.8,49.52,1,mem_leak
2026-09-03 04:16:30,32.6,73.42,1.241,96.02,40.96,1,mem_leak
2026-09-03 04:17:00,25.76,73.51,0.904,117.78,59.5,1,mem_leak
2026-09-03 04:17:30,26.76,73.56,0.873,88.15,39.83,1,mem_leak
2026-09-03 04:18:00,26.58,73.63,0.979,152.32,80.25,1,mem_leak
2026-09-03 04:18:30,29.82,73.68,0.999,122.77,61.73,1,mem_leak
2026-09-03 04:19:00,28.11,73.74,1.023,121.75,55.14,1,mem_leak
2026-09-03 04:19:30,20.87,73.79,0.657,90.87,53.09,1,mem_leak
2026-09-03 04:20:00,27.7,73.86,1.03,100.77,46.41,1,mem_leak
2026-09-03 04:20:30,32.99,73.94,1.173,64.49,32.2,1,mem_leak
2026-09-03 04:21:00,29.49,74.02,0.956,160.45,70.61,1,mem_leak
2026-09-03 04:21:30,22.28,74.07,0.853,84.56,51.82,1,mem_leak
2026-09-03 04:22:00,25.84,74.16,0.901,86.45,51.82,1,mem_leak
2026-09-03 04:22:30,23.1,74.25,0.765,155.33,65.47,1,mem_leak
2026-09-03 04:23:00,30.61,74.31,0.951,129.69,55.48,1,mem_leak
2026-09-03 04:23:30,22.22,74.4,0.882,123.02,58.49,1,mem_leak
2026-09-03 04:24:00,26.61,74.48,1.018,128.51,78.72,1,mem_leak
2026-09-03 04:24:30,23.75,74.54,0.768,143.85,58.72,1,mem_leak
2026-09-03 04:25:00,25.6,74.62,0.834,122.5,62.54,1,mem_leak
2026-09-03 04:25:30,30.45,74.69,1.077,81.41,51.36,1,mem_leak
2026-09-03 04:26:00,26.43,74.77,0.911,138.33,59.23,1,mem_leak
2026-09-03 04:26:30,25.21,74.84,0.868,130.56,64.27,1,mem_leak
2026-09-03 04:27:00,22.62,74.91,0.806,149.29,67.93,1,mem_leak
2026-09-03 04:27:30,22.26,74.93,0.754,88.77,46.22,1,mem_leak
2026-09-03 04:28:00,24.42,75.02,0.763,101.77,50.45,1,mem_leak
2026-09-03 04:28:30,26.54,75.08,0.947,129.8,56.95,1,mem_leak
2026-09-03 04:29:00,28.22,75.16,0.968,96.39,44.04,1,mem_leak
2026-09-03 04:29:30,24.63,75.24,0.853,61.18,26.29,1,mem_leak
2026-09-03 04:30:00,30.91,75.31,0.991,124.93,62.67,1,mem_leak
2026-09-03 04:30:30,24.36,75.4,0.839,142.38,67.59,1,mem_leak
2026-09-03 04:31:00,24.42,75.47,0.879,116.78,80.17,1,mem_leak
2026-09-03 04:31:30,24.46,75.54,0.859,133.7,58.27,1,mem_leak
2026-09-03 04:32:00,27.72,75.61,1.025,130.08,68.17,1,mem_leak
2026-09-03 04:32:30,31.89,75.71,1.146,120.26,64.24,1,mem_leak
2026-09-03 04:33:00,19.97,75.77,0.753,123.4,75.62,1,mem_leak
2026-09-03 04:33:30,25.49,75.83,0.8,153.73,64.67,1,mem_leak
2026-09-03 04:34:00,29.35,75.88,0.951,95.89,46.86,1,mem_leak
2026-09-03 04:34:30,20.68,75.96,0.773,139.33,63.64,1,mem_leak
2026-09-03 04:35:00,28.03,76.02,1.002,90.48,56.25,1,mem_leak
2026-09-03 04:35:30,28.23,76.08,1.041,100.13,68.44,1,mem_leak
2026-09-03 04:36:00,26.58,76.14,0.899,149.9,89.94,1,mem_leak
2026-09-03 04:36:30,27.26,76.21,0.975,89.75,42.33,1,mem_leak
2026-09-03 04:37:00,29.23,76.26,1.09,113.96,80.67,1,mem_leak
2026-09-03 04:37:30,30.14,76.28,1.171,179.03,82.87,1,mem_leak
2026-09-03 04:38:00,25.21,76.36,0.96,145.64,69.56,1,mem_leak
2026-09-03 04:38:30,25.98,76.39,0.856,101.57,48.54,1,mem_leak
2026-09-03 04:39:00,24.88,76.48,0.84,105.85,60.38,1,mem_leak
2026-09-03 04:39:30,30.98,76.58,1.046,115.75,67.12,1,mem_leak
2026-09-03 04:40:00,22.42,76.65,0.814,152.8,86.0,1,mem_leak
2026-09-03 04:40:30,25.19,76.74,0.984,94.96,72.89,1,mem_leak
2026-09-03 04:41:00,26.77,76.81,0.944,93.45,57.17,1,mem_leak
2026-09-03 04:41:30,24.77,76.91,0.937,137.83,71.79,1,mem_leak
2026-09-03 04:42:00,26.51,76.97,0.908,77.97,36.22,1,mem_leak
2026-09-03 04:42:30,32.86,77.0,1.154,97.22,58.79,1,mem_leak
2026-09-03 04:43:00,26.81,77.07,0.826,117.87,60.61,1,mem_leak
2026-09-03 04:43:30,23.21,77.17,0.9,119.15,89.95,1,mem_leak
2026-09-03 04:44:00,28.4,77.25,1.072,85.88,38.59,1,mem_leak
2026-09-03 04:44:30,25.63,77.31,0.838,128.84,70.64,1,mem_leak
2026-09-03 04:45:00,29.89,77.39,1.092,133.84,73.27,1,mem_leak
2026-09-03 04:45:30,27.29,77.47,0.983,103.44,59.22,1,mem_leak
2026-09-03 04:46:00,26.96,77.54,0.939,161.52,71.46,1,mem_leak
2026-09-03 04:46:30,21.57,77.67,0.715,128.49,92.05,1,mem_leak
2026-09-03 04:47:00,22.54,77.73,0.807,94.88,43.31,1,mem_leak
2026-09-03 04:47:30,20.21,77.81,0.756,160.52,84.74,1,mem_leak
2026-09-03 04:48:00,26.59,77.9,1.007,106.92,62.57,1,mem_leak
2026-09-03 04:48:30,23.3,77.96,0.799,124.47,65.5,1,mem_leak
2026-09-03 04:49:00,28.3,78.02,1.087,107.83,55.77,1,mem_leak
2026-09-03 04:49:30,27.83,78.11,0.996,135.6,56.99,1,mem_leak
2026-09-03 04:50:00,26.45,78.18,0.908,107.96,46.01,1,mem_leak
2026-09-03 04:50:30,23.52,78.26,0.869,109.48,52.59,1,mem_leak
2026-09-03 04:51:00,26.63,78.3,1.067,116.0,48.23,1,mem_leak
2026-09-03 04:51:30,23.82,78.38,0.856,107.45,53.65,1,mem_leak
2026-09-03 04:52:00,23.21,78.46,0.797,146.8,72.22,1,mem_leak
2026-09-03 04:52:30,28.33,78.52,1.098,88.56,43.85,1,mem_leak
2026-09-03 04:53:00,26.07,78.6,1.049,119.07,77.24,1,mem_leak
2026-09-03 04:53:30,25.77,78.66,0.979,122.24,75.18,1,mem_leak
2026-09-03 04:54:00,28.94,78.72,1.044,116.88,49.8,1,mem_leak
2026-09-03 04:54:30,25.92,78.79,0.834,144.21,64.07,1,mem_leak
2026-09-03 04:55:00,28.03,78.85,0.952,82.4,37.72,1,mem_leak
2026-09-03 04:55:30,24.25,78.96,0.838,134.2,63.84,1,mem_leak
2026-09-03 04:56:00,32.43,79.05,1.155,88.88,39.06,1,mem_leak
2026-09-03 04:56:30,24.41,79.1,0.963,107.28,60.89,1,mem_leak
2026-09-03 04:57:00,30.83,79.21,1.042,86.31,40.97,1,mem_leak
2026-09-03 04:57:30,26.31,79.27,1.031,111.7,46.92,1,mem_leak
2026-09-03 04:58:00,30.06,79.34,1.008,105.54,46.04,1,mem_leak
2026-09-03 04:58:30,29.07,79.43,0.981,160.96,88.17,1,mem_leak
2026-09-03 04:59:00,29.82,79.46,1.107,126.03,63.7,1,mem_leak
2026-09-03 04:59:30,23.12,79.53,0.904,130.99,55.6,1,mem_leak
2026-09-03 05:00:00,28.88,79.59,1.09,92.31,62.6,1,mem_leak
2026-09-03 05:00:30,30.53,79.66,1.09,138.5,65.01,1,mem_leak
2026-09-03 05:01:00,25.26,79.74,0.947,160.96,66.24,1,mem_leak
2026-09-03 05:01:30,26.83,79.8,0.903,141.75,58.36,1,mem_leak
2026-09-03 05:02:00,25.68,79.87,0.862,87.2,38.11,1,mem_leak
2026-09-03 05:02:30,26.16,79.96,0.911,108.4,53.11,1,mem_leak
2026-09-03 05:03:00,32.31,80.04,1.076,122.71,87.76,1,mem_leak
2026-09-03 05:03:30,24.74,80.11,0.895,105.57,43.87,1,mem_leak
2026-09-03 05:04:00,23.2,80.18,0.832,183.32,79.65,1,mem_leak
2026-09-03 05:04:30,31.01,80.29,1.1,107.94,61.37,1,mem_leak
2026-09-03 05:05:00,28.95,80.36,0.97,118.92,62.07,1,mem_leak
2026-09-03 05:05:30,33.36,80.42,1.225,104.99,44.93,1,mem_leak
2026-09-03 05:06:00,25.54,80.46,0.878,125.79,58.31,1,mem_leak
2026-09-03 05:06:30,26.99,80.5,1.021,154.56,76.97,1,mem_leak
2026-09-03 05:07:00,26.26,80.56,0.935,122.87,52.0,1,mem_leak
2026-09-03 05:07:30,27.37,80.62,0.946,114.52,57.17,1,mem_leak
2026-09-03 05:08:00,20.82,80.69,0.778,93.15,73.16,1,mem_leak
2026-09-03 05:08:30,26.75,80.76,0.998,150.22,67.49,1,mem_leak
2026-09-03 05:09:00,29.52,80.82,1.014,116.41,58.05,1,mem_leak
2026-09-03 05:09:30,25.02,80.87,0.94,115.33,64.51,1,mem_leak
2026-09-03 05:10:00,25.75,80.96,0.897,61.53,47.07,1,mem_leak
2026-09-03 05:10:30,25.54,81.05,0.868,116.82,62.73,1,mem_leak
2026-09-03 05:11:00,26.96,81.1,0.948,109.97,72.64,1,mem_leak
2026-09-03 05:11:30,22.9,81.17,0.836,74.35,32.86,1,mem_leak
2026-09-03 05:12:00,26.96,81.21,1.041,144.74,71.75,1,mem_leak
2026-09-03 05:12:30,33.91,81.25,1.173,106.62,49.32,1,mem_leak
2026-09-03 05:13:00,32.68,81.31,1.159,167.39,80.81,1,mem_leak
2026-09-03 05:13:30,22.45,81.4,0.792,155.36,71.96,1,mem_leak
2026-09-03 05:14:00,26.2,81.45,0.884,102.0,56.39,1,mem_leak
2026-09-03 05:14:30,28.32,81.51,0.945,154.23,75.71,1,mem_leak
2026-09-03 05:15:00,26.52,81.58,0.933,160.26,88.56,1,mem_leak
2026-09-03 05:15:30,21.86,81.65,0.9,106.02,46.87,1,mem_leak
2026-09-03 05:16:00,30.27,81.7,1.012,94.18,60.58,1,mem_leak
2026-09-03 05:16:30,25.16,81.81,0.931,66.12,41.02,1,mem_leak
2026-09-03 05:17:00,32.01,81.88,1.094,129.51,67.2,1,mem_leak
2026-09-03 05:17:30,25.74,81.95,0.861,95.67,48.79,1,mem_leak
2026-09-03 05:18:00,30.96,82.01,1.033,130.26,64.78,1,mem_leak
2026-09-03 05:18:30,24.71,82.09,0.866,105.8,59.61,1,mem_leak
2026-09-03 05:19:00,23.5,82.19,0.841,100.51,49.42,1,mem_leak
2026-09-03 05:19:30,28.07,82.29,0.985,105.96,56.92,1,mem_leak
2026-09-03 05:20:00,26.78,82.28,1.026,87.5,40.66,0,normal
2026-09-03 05:20:30,21.68,82.3,0.895,105.95,87.23,0,normal
2026-09-03 05:21:00,24.15,82.31,0.962,101.58,73.78,0,normal
2026-09-03 05:21:30,20.63,82.33,0.8,119.65,61.18,0,normal
2026-09-03 05:22:00,23.65,82.34,0.932,122.61,60.45,0,normal
2026-09-03 05:22:30,26.2,82.33,1.164,93.22,49.25,0,normal
2026-09-03 05:23:00,23.04,82.35,0.978,147.52,71.54,0,normal
2026-09-03 05:23:30,23.5,82.37,1.009,116.01,70.27,0,normal
2026-09-03 05:24:00,21.32,82.41,0.778,157.56,72.63,0,normal
2026-09-03 05:24:30,22.52,82.41,0.894,126.03,58.81,0,normal
2026-09-03 05:25:00,28.56,82.41,1.105,121.73,51.51,0,normal
2026-09-03 05:25:30,24.34,82.37,1.0,107.73,65.26,0,normal
2026-09-03 05:26:00,21.67,82.34,0.913,135.37,76.21,0,normal
2026-09-03 05:26:30,23.39,82.33,0.951,120.84,67.48,0,normal
2026-09-03 05:27:00,20.2,82.31,0.773,141.46,66.55,0,normal
2026-09-03 05:27:30,21.66,82.33,0.838,160.12,70.14,0,normal
2026-09-03 05:28:00,27.62,82.31,1.139,101.83,59.07,0,normal
2026-09-03 05:28:30,23.86,82.3,0.989,135.34,81.91,0,normal
2026-09-03 05:29:00,28.96,82.29,1.167,134.63,78.32,0,normal
2026-09-03 05:29:30,24.0,82.31,0.966,131.45,61.09,0,normal
2026-09-03 05:30:00,24.16,82.31,0.969,109.17,58.15,0,normal
2026-09-03 05:30:30,25.85,82.32,1.048,109.68,57.27,0,normal
2026-09-03 05:31:00,17.59,82.32,0.729,105.4,58.72,0,normal
2026-09-03 05:31:30,24.78,82.34,1.023,104.91,51.62,0,normal
2026-09-03 05:32:00,24.17,82.36,0.968,99.0,47.43,0,normal
2026-09-03 05:32:30,28.0,82.36,1.117,117.39,52.24,0,normal
2026-09-03 05:33:00,26.72,82.33,1.064,101.05,44.59,0,normal
2026-09-03 05:33:30,21.47,82.33,0.825,130.89,64.36,0,normal
2026-09-03 05:34:00,27.43,82.33,1.054,121.42,68.33,0,normal
2026-09-03 05:34:30,23.67,82.34,0.972,124.23,54.16,0,normal
2026-09-03 05:35:00,22.08,82.33,0.852,113.16,64.22,0,normal
2026-09-03 05:35:30,24.84,82.35,1.034,121.72,82.31,0,normal
2026-09-03 05:36:00,23.85,82.35,0.952,113.82,67.41,0,normal
2026-09-03 05:36:30,28.21,82.34,1.175,139.49,62.64,0,normal
2026-09-03 05:37:00,25.23,82.33,1.041,108.94,47.91,0,normal
2026-09-03 05:37:30,24.89,82.37,1.038,129.39,55.0,0,normal
2026-09-03 05:38:00,26.65,82.39,1.041,87.34,47.98,0,normal
2026-09-03 05:38:30,27.13,82.41,1.107,137.8,68.35,0,normal
2026-09-03 05:39:00,26.37,82.39,1.094,106.02,54.44,0,normal
2026-09-03 05:39:30,27.96,82.38,1.032,97.19,78.06,0,normal
2026-09-03 05:40:00,25.96,82.37,1.127,91.53,57.7,0,normal
2026-09-03 05:40:30,24.85,82.37,1.107,89.55,63.28,0,normal
2026-09-03 05:41:00,27.55,82.37,1.154,107.96,75.52,0,normal
2026-09-03 05:41:30,24.22,82.36,1.008,157.47,65.97,0,normal
2026-09-03 05:42:00,24.55,82.36,1.011,103.92,49.89,0,normal
2026-09-03 05:42:30,28.77,82.34,1.132,64.77,29.65,0,normal
2026-09-03 05:43:00,28.54,82.34,1.135,129.14,74.41,0,normal
2026-09-03 05:43:30,24.47,82.37,1.026,92.14,43.81,0,normal
2026-09-03 05:44:00,23.37,82.34,0.889,140.37,59.36,0,normal
2026-09-03 05:44:30,28.16,82.35,1.067,109.47,61.46,0,normal
2026-09-03 05:45:00,26.53,82.38,1.04,113.15,59.75,0,normal
2026-09-03 05:45:30,25.31,82.38,1.046,149.93,76.24,0,normal
2026-09-03 05:46:00,23.74,82.37,0.908,135.44,59.01,0,normal
2026-09-03 05:46:30,25.37,82.39,1.003,88.84,60.89,0,normal
2026-09-03 05:47:00,24.51,82.37,0.975,92.52,47.01,0,normal
2026-09-03 05:47:30,22.9,82.37,0.87,75.41,39.27,0,normal
2026-09-03 05:48:00,24.9,82.35,0.875,185.08,88.9,0,normal
2026-09-03 05:48:30,25.24,82.32,0.958,98.43,51.27,0,normal
2026-09-03 05:49:00,23.66,82.32,0.959,149.25,70.75,0,normal
2026-09-03 05:49:30,26.86,82.29,1.1,106.69,64.24,0,normal
2026-09-03 05:50:00,27.84,82.3,1.141,93.0,40.92,0,normal
2026-09-03 05:50:30,27.04,82.32,1.115,120.54,62.51,0,normal
2026-09-03 05:51:00,23.94,82.36,0.928,111.83,65.21,0,normal
2026-09-03 05:51:30,26.52,82.36,1.016,140.05,74.5,0,normal
2026-09-03 05:52:00,24.85,82.39,1.013,140.36,58.63,0,normal
2026-09-03 05:52:30,21.56,82.4,0.853,105.25,55.15,0,normal
2026-09-03 05:53:00,26.35,82.39,1.102,84.0,45.02,0,normal
2026-09-03 05:53:30,25.04,82.35,1.021,90.07,68.54,0,normal
2026-09-03 05:54:00,31.17,82.39,1.327,62.94,73.46,0,normal
2026-09-03 05:54:30,28.33,82.37,1.107,113.14,63.76,0,normal
2026-09-03 05:55:00,26.49,82.4,1.116,119.7,63.72,0,normal
2026-09-03 05:55:30,25.33,82.41,1.116,91.43,62.4,0,normal
2026-09-03 05:56:00,25.14,82.4,1.008,88.41,38.13,0,normal
2026-09-03 05:56:30,22.22,82.4,0.911,119.6,51.73,0,normal
2026-09-03 05:57:00,20.4,82.45,0.778,104.2,63.65,0,normal
2026-09-03 05:57:30,22.56,82.48,0.943,114.68,67.91,0,normal
2026-09-03 05:58:00,24.64,82.47,1.041,110.82,55.31,0,normal
2026-09-03 05:58:30,19.5,82.46,0.761,126.22,65.72,0,normal
2026-09-03 05:59:00,23.42,82.47,0.964,105.87,62.61,0,normal
2026-09-03 05:59:30,24.16,82.46,0.98,107.78,48.69,0,normal
2026-09-03 06:00:00,24.26,82.49,0.989,72.96,55.91,0,normal
2026-09-03 06:00:30,23.15,82.51,0.963,118.74,61.46,0,normal
2026-09-03 06:01:00,23.96,82.48,0.983,122.22,72.79,0,normal
2026-09-03 06:01:30,29.13,82.49,1.157,115.56,56.05,0,normal
2026-09-03 06:02:00,26.49,82.49,1.104,167.8,92.95,0,normal
2026-09-03 06:02:30,23.44,82.49,0.99,124.07,58.47,0,normal
2026-09-03 06:03:00,24.68,82.5,0.96,116.09,51.06,0,normal
2026-09-03 06:03:30,24.78,82.52,0.991,132.48,58.33,0,normal
2026-09-03 06:04:00,22.95,82.54,0.837,172.82,73.22,0,normal
2026-09-03 06:04:30,22.95,82.53,0.945,126.32,60.46,0,normal
2026-09-03 06:05:00,27.42,82.53,1.164,64.41,39.33,0,normal
2026-09-03 06:05:30,23.84,82.52,0.941,130.8,69.64,0,normal
2026-09-03 06:06:00,22.17,82.49,0.893,98.02,44.4,0,normal
2026-09-03 06:06:30,24.8,82.49,0.981,71.94,40.58,0,normal
2026-09-03 06:07:00,25.22,82.53,0.99,162.44,75.89,0,normal
2026-09-03 06:07:30,20.0,82.5,0.809,157.04,86.57,0,normal
2026-09-03 06:08:00,24.84,82.5,0.955,97.37,47.41,0,normal
2026-09-03 06:08:30,27.12,82.5,1.072,97.53,53.01,0,normal
2026-09-03 06:09:00,26.09,82.51,0.997,124.0,54.21,0,normal
2026-09-03 06:09:30,30.54,82.49,1.258,97.87,55.02,0,normal
2026-09-03 06:10:00,28.11,82.47,1.138,116.62,52.02,0,normal
2026-09-03 06:10:30,28.61,82.44,1.12,102.17,51.46,0,normal
2026-09-03 06:11:00,32.0,82.47,1.282,109.99,56.05,0,normal
2026-09-03 06:11:30,26.9,82.45,1.064,84.89,57.18,0,normal
2026-09-03 06:12:00,25.43,82.44,1.075,140.67,65.6,0,normal
2026-09-03 06:12:30,27.45,82.49,1.074,150.09,66.02,0,normal
2026-09-03 06:13:00,23.64,82.48,0.976,117.49,50.98,0,normal
2026-09-03 06:13:30,25.31,82.48,0.977,119.09,74.07,0,normal
2026-09-03 06:14:00,23.44,82.51,0.976,135.73,62.31,0,normal
2026-09-03 06:14:30,26.05,82.53,1.096,120.05,56.05,0,normal
2026-09-03 06:15:00,23.44,82.51,0.989,163.24,68.7,0,normal
2026-09-03 06:15:30,23.36,82.49,1.003,87.09,39.74,0,normal
2026-09-03 06:16:00,26.13,82.5,1.06,141.52,80.84,0,normal
2026-09-03 06:16:30,24.75,82.54,1.051,117.14,67.85,0,normal
2026-09-03 06:17:00,20.29,82.53,0.878,91.97,41.11,0,normal
2026-09-03 06:17:30,21.47,82.52,0.811,176.18,74.42,0,normal
2026-09-03 06:18:00,22.26,82.53,0.864,179.63,77.83,0,normal
2026-09-03 06:18:30,22.92,82.54,0.848,114.8,62.1,0,normal
2026-09-03 06:19:00,26.18,82.56,1.103,131.12,56.2,0,normal
2026-09-03 06:19:30,25.7,82.55,0.95,108.22,50.46,0,normal
2026-09-03 06:20:00,27.83,82.54,1.014,112.24,50.08,0,normal
2026-09-03 06:20:30,27.05,82.54,1.023,91.69,41.99,0,normal
2026-09-03 06:21:00,27.86,82.57,1.018,87.99,42.5,0,normal
2026-09-03 06:21:30,26.71,82.57,1.083,166.1,85.43,0,normal
2026-09-03 06:22:00,25.73,82.57,0.973,119.03,49.96,0,normal
2026-09-03 06:22:30,27.95,82.55,1.024,121.26,54.5,0,normal
2026-09-03 06:23:00,27.52,82.59,1.098,99.74,53.98,0,normal
2026-09-03 06:23:30,26.16,82.6,1.047,124.75,68.17,0,normal
2026-09-03 06:24:00,28.42,82.62,1.03,82.41,56.07,0,normal
2026-09-03 06:24:30,19.37,82.62,0.747,100.66,62.57,0,normal
2026-09-03 06:25:00,24.53,82.63,0.978,90.01,43.69,0,normal
2026-09-03 06:25:30,24.49,82.6,0.962,152.32,65.38,0,normal
2026-09-03 06:26:00,28.16,82.56,1.108,78.7,37.21,0,normal
2026-09-03 06:26:30,29.2,82.58,1.237,90.52,44.68,0,normal
2026-09-03 06:27:00,21.67,82.59,0.96,68.81,62.34,0,normal
2026-09-03 06:27:30,28.82,82.59,1.135,97.75,52.33,0,normal
2026-09-03 06:28:00,22.38,82.57,0.836,108.51,62.14,0,normal
2026-09-03 06:28:30,22.46,82.56,0.888,144.44,78.88,0,normal
2026-09-03 06:29:00,24.74,82.58,0.999,114.45,62.13,0,normal
2026-09-03 06:29:30,24.53,82.62,0.979,109.74,46.45,0,normal
2026-09-03 06:30:00,21.45,82.61,0.884,127.5,61.52,0,normal
2026-09-03 06:30:30,26.97,82.62,1.198,108.93,74.38,0,normal
2026-09-03 06:31:00,27.06,82.63,0.99,180.25,84.87,0,normal
2026-09-03 06:31:30,28.0,82.63,1.092,105.22,60.38,0,normal
2026-09-03 06:32:00,24.3,82.67,1.047,130.34,59.68,0,normal
2026-09-03 06:32:30,25.29,82.66,0.985,140.66,83.46,0,normal
2026-09-03 06:33:00,25.33,82.69,1.053,104.51,58.53,0,normal
2026-09-03 06:33:30,29.62,82.69,1.222,124.13,59.86,0,normal
2026-09-03 06:34:00,18.34,82.7,0.779,107.48,56.64,0,normal
2026-09-03 06:34:30,23.03,82.73,1.009,126.85,94.89,0,normal
2026-09-03 06:35:00,25.45,82.74,1.035,122.52,55.96,0,normal
2026-09-03 06:35:30,22.72,82.73,0.83,116.49,64.37,0,normal
2026-09-03 06:36:00,24.81,82.77,0.958,91.11,48.43,0,normal
2026-09-03 06:36:30,25.14,82.79,1.116,166.59,79.8,0,normal
2026-09-03 06:37:00,23.83,82.82,0.886,134.66,76.73,0,normal
2026-09-03 06:37:30,25.64,82.74,1.051,80.28,50.16,0,normal
2026-09-03 06:38:00,27.06,82.75,0.946,109.49,50.08,0,normal
2026-09-03 06:38:30,24.9,82.76,0.929,80.77,35.79,0,normal
2026-09-03 06:39:00,24.38,82.76,1.018,139.05,83.68,0,normal
2026-09-03 06:39:30,25.1,82.77,1.006,119.46,63.98,0,normal
2026-09-03 06:40:00,25.51,82.78,1.001,120.1,61.89,0,normal
2026-09-03 06:40:30,21.18,82.8,0.813,98.94,43.88,0,normal
2026-09-03 06:41:00,26.7,82.8,0.961,112.11,49.47,0,normal
2026-09-03 06:41:30,24.42,82.83,1.011,139.68,82.46,0,normal
2026-09-03 06:42:00,28.72,82.85,1.133,146.4,65.0,0,normal
2026-09-03 06:42:30,27.04,82.86,0.999,141.16,77.49,0,normal
2026-09-03 06:43:00,28.51,82.87,1.142,81.2,43.92,0,normal
2026-09-03 06:43:30,23.06,82.89,0.949,115.35,54.99,0,normal
2026-09-03 06:44:00,24.67,82.92,0.977,126.33,63.67,0,normal
2026-09-03 06:44:30,22.5,82.92,0.905,101.63,43.02,0,normal
2026-09-03 06:45:00,23.86,82.94,0.956,78.52,46.29,0,normal
2026-09-03 06:45:30,28.75,82.94,1.109,87.83,46.66,0,normal
2026-09-03 06:46:00,29.36,82.99,1.177,157.49,76.24,0,normal
2026-09-03 06:46:30,22.77,83.01,0.944,90.21,70.02,0,normal
2026-09-03 06:47:00,24.51,83.0,1.031,121.19,52.11,0,normal
2026-09-03 06:47:30,25.46,83.05,1.059,116.09,73.85,0,normal
2026-09-03 06:48:00,27.14,83.01,1.049,116.16,50.04,0,normal
2026-09-03 06:48:30,21.27,83.02,0.878,112.0,69.04,0,normal
2026-09-03 06:49:00,21.68,83.01,0.888,139.73,76.93,0,normal
2026-09-03 06:49:30,26.92,83.05,1.038,120.89,60.94,0,normal
2026-09-03 06:50:00,20.84,83.06,0.814,104.36,44.32,0,normal
2026-09-03 06:50:30,24.59,83.04,1.017,121.28,79.36,0,normal
2026-09-03 06:51:00,26.13,83.04,1.117,88.06,45.48,0,normal
2026-09-03 06:51:30,26.77,83.03,0.974,131.9,59.5,0,normal
2026-09-03 06:52:00,25.39,83.02,1.099,102.98,52.68,0,normal
2026-09-03 06:52:30,24.83,83.02,1.051,104.42,49.15,0,normal
2026-09-03 06:53:00,27.87,83.01,1.126,132.83,59.65,0,normal
2026-09-03 06:53:30,26.48,83.01,1.046,109.82,46.96,0,normal
2026-09-03 06:54:00,24.16,83.02,0.985,111.22,61.78,0,normal
2026-09-03 06:54:30,25.87,83.0,1.002,149.19,63.23,0,normal
2026-09-03 06:55:00,26.76,82.97,1.061,95.67,44.65,0,normal
2026-09-03 06:55:30,30.09,82.98,1.115,132.46,81.72,0,normal
2026-09-03 06:56:00,27.78,83.0,1.015,143.74,62.18,0,normal
2026-09-03 06:56:30,28.85,83.01,1.289,149.17,64.95,0,normal
2026-09-03 06:57:00,24.31,83.03,0.975,174.41,77.48,0,normal
2026-09-03 06:57:30,24.52,83.06,0.991,103.95,48.69,0,normal
2026-09-03 06:58:00,25.26,83.08,1.009,98.3,52.28,0,normal
2026-09-03 06:58:30,25.49,83.13,0.978,140.43,66.16,0,normal
2026-09-03 06:59:00,23.35,83.2,0.92,143.51,67.59,0,normal
2026-09-03 06:59:30,29.03,83.17,1.167,100.23,73.55,0,normal
2026-09-03 07:00:00,28.1,83.13,1.113,132.12,66.92,0,normal
2026-09-03 07:00:30,25.12,83.13,0.967,188.11,90.81,0,normal
2026-09-03 07:01:00,27.51,83.14,1.127,122.62,62.55,0,normal
2026-09-03 07:01:30,26.46,83.14,1.068,143.09,70.78,0,normal
2026-09-03 07:02:00,27.72,83.16,1.131,159.42,86.21,0,normal
2026-09-03 07:02:30,22.56,83.15,0.934,182.59,92.18,0,normal
2026-09-03 07:03:00,25.58,83.14,1.014,126.14,63.62,0,normal
2026-09-03 07:03:30,25.79,83.13,1.023,151.33,85.26,0,normal
2026-09-03 07:04:00,27.52,83.13,1.182,100.29,53.39,0,normal
2026-09-03 07:04:30,24.39,83.15,0.929,120.62,53.48,0,normal
2026-09-03 07:05:00,19.73,83.14,0.715,108.84,71.16,0,normal
2026-09-03 07:05:30,23.27,83.14,0.957,72.87,37.46,0,normal
2026-09-03 07:06:00,25.84,83.15,1.001,79.92,51.02,0,normal
2026-09-03 07:06:30,26.15,83.15,0.99,130.75,59.08,0,normal
2026-09-03 07:07:00,30.22,83.17,1.262,131.24,74.88,0,normal
2026-09-03 07:07:30,27.47,83.15,1.091,93.96,52.39,0,normal
2026-09-03 07:08:00,26.23,83.14,0.983,158.93,92.8,0,normal
2026-09-03 07:08:30,25.95,83.14,1.138,92.25,39.59,0,normal
2026-09-03 07:09:00,28.81,83.15,1.059,126.43,65.07,0,normal
2026-09-03 07:09:30,24.57,83.14,0.979,109.62,90.85,0,normal
2026-09-03 07:10:00,25.71,83.17,0.931,122.67,66.58,0,normal
2026-09-03 07:10:30,23.34,83.21,0.946,142.46,80.79,0,normal
2026-09-03 07:11:00,29.63,83.2,1.147,138.93,69.69,0,normal
2026-09-03 07:11:30,27.06,83.23,1.127,137.7,88.24,0,normal
2026-09-03 07:12:00,24.33,83.18,0.972,134.5,79.07,0,normal
2026-09-03 07:12:30,25.81,83.21,1.102,88.18,46.62,0,normal
2026-09-03 07:13:00,27.39,83.19,1.072,148.36,81.07,0,normal
2026-09-03 07:13:30,25.49,83.21,0.938,93.49,39.73,0,normal
2026-09-03 07:14:00,24.8,83.2,1.004,117.35,85.64,0,normal
2026-09-03 07:14:30,24.5,83.19,0.968,111.22,62.45,0,normal
2026-09-03 07:15:00,27.0,83.18,0.982,128.75,70.09,0,normal
2026-09-03 07:15:30,25.25,83.18,0.957,107.88,50.24,0,normal
2026-09-03 07:16:00,25.03,83.22,0.964,116.04,54.43,0,normal
2026-09-03 07:16:30,22.83,83.22,0.984,160.47,72.26,0,normal
2026-09-03 07:17:00,26.38,83.26,1.092,87.62,48.29,0,normal
2026-09-03 07:17:30,25.73,83.26,1.011,119.94,59.36,0,normal
2026-09-03 07:18:00,25.4,83.29,1.04,92.15,47.23,0,normal
2026-09-03 07:18:30,26.7,83.26,0.959,136.86,82.23,0,normal
2026-09-03 07:19:00,28.09,83.25,1.092,101.83,50.54,0,normal
2026-09-03 07:19:30,27.97,83.24,1.141,120.96,56.36,0,normal
2026-09-03 07:20:00,27.62,83.28,1.114,86.88,45.94,0,normal
2026-09-03 07:20:30,25.63,83.28,0.998,152.29,64.71,0,normal
2026-09-03 07:21:00,24.84,83.24,0.992,121.82,54.86,0,normal
2026-09-03 07:21:30,23.64,83.22,0.962,123.44,83.33,0,normal
2026-09-03 07:22:00,24.79,83.2,0.991,140.73,60.98,0,normal
2026-09-03 07:22:30,26.32,83.22,1.098,88.71,46.58,0,normal
2026-09-03 07:23:00,24.32,83.24,0.988,104.62,45.28,0,normal
2026-09-03 07:23:30,26.53,83.23,1.088,124.25,64.48,0,normal
2026-09-03 07:24:00,23.89,83.23,1.038,75.95,57.44,0,normal
2026-09-03 07:24:30,22.15,83.24,0.923,78.63,40.18,0,normal
2026-09-03 07:25:00,28.37,83.22,1.234,99.47,42.74,0,normal
2026-09-03 07:25:30,25.14,83.23,0.972,91.48,59.7,0,normal
2026-09-03 07:26:00,24.25,83.24,0.893,111.4,69.06,0,normal
2026-09-03 07:26:30,23.6,83.24,0.938,133.06,63.58,0,normal
2026-09-03 07:27:00,27.41,83.25,1.084,138.75,78.77,0,normal
2026-09-03 07:27:30,29.79,83.25,1.279,165.24,85.59,0,normal
2026-09-03 07:28:00,25.37,83.27,0.957,119.43,69.34,0,normal
2026-09-03 07:28:30,25.83,83.24,1.029,123.86,81.48,0,normal
2026-09-03 07:29:00,29.07,83.26,1.186,119.38,58.57,0,normal
2026-09-03 07:29:30,21.86,83.28,0.879,128.01,66.25,0,normal
2026-09-03 07:30:00,31.32,83.29,1.242,129.96,61.8,0,normal
2026-09-03 07:30:30,32.52,83.3,1.324,143.05,69.42,0,normal
2026-09-03 07:31:00,19.66,83.3,0.829,142.96,61.53,0,normal
2026-09-03 07:31:30,26.18,83.32,1.128,132.98,65.84,0,normal
2026-09-03 07:32:00,24.64,83.32,0.987,157.75,99.21,0,normal
2026-09-03 07:32:30,25.78,83.3,0.989,120.67,54.61,0,normal
2026-09-03 07:33:00,25.41,83.32,1.094,104.71,44.91,0,normal
2026-09-03 07:33:30,28.49,83.29,1.078,108.8,49.26,0,normal
2026-09-03 07:34:00,26.19,83.3,1.142,117.35,52.18,0,normal
2026-09-03 07:34:30,24.2,83.29,1.033,92.91,43.24,0,normal
2026-09-03 07:35:00,26.06,83.28,1.12,104.67,47.3,0,normal
2026-09-03 07:35:30,27.78,83.29,1.149,91.5,56.11,0,normal
2026-09-03 07:36:00,23.55,83.28,0.842,128.6,70.41,0,normal
2026-09-03 07:36:30,22.39,83.29,0.849,128.85,87.35,0,normal
2026-09-03 07:37:00,31.51,83.29,1.28,75.78,32.62,0,normal
2026-09-03 07:37:30,24.92,83.28,0.963,103.65,48.47,0,normal
2026-09-03 07:38:00,26.2,83.31,1.031,165.63,74.26,0,normal
2026-09-03 07:38:30,25.55,83.31,1.053,135.74,60.81,0,normal
2026-09-03 07:39:00,27.93,83.33,1.108,131.36,72.91,0,normal
2026-09-03 07:39:30,30.99,83.36,1.164,103.39,68.43,0,normal
2026-09-03 07:40:00,28.02,83.39,1.171,127.18,61.11,0,normal
2026-09-03 07:40:30,22.78,83.4,0.935,119.64,80.92,0,normal
2026-09-03 07:41:00,23.13,83.4,0.914,100.08,63.1,0,normal
2026-09-03 07:41:30,25.59,83.37,1.06,107.66,64.62,0,normal
2026-09-03 07:42:00,25.94,83.38,1.042,108.22,58.77,0,normal
2026-09-03 07:42:30,22.3,83.4,0.952,82.78,44.23,0,normal
2026-09-03 07:43:00,28.67,83.41,1.156,86.91,48.31,0,normal
2026-09-03 07:43:30,23.91,83.34,1.02,115.01,60.18,0,normal
2026-09-03 07:44:00,30.37,83.37,1.101,98.8,59.22,0,normal
2026-09-03 07:44:30,31.19,83.38,1.276,112.48,62.17,0,normal
2026-09-03 07:45:00,26.04,83.38,1.021,79.86,56.09,0,normal
2026-09-03 07:45:30,27.76,83.4,1.063,140.03,66.26,0,normal
2026-09-03 07:46:00,23.59,83.42,0.998,172.01,85.47,0,normal
2026-09-03 07:46:30,28.23,83.4,1.18,145.68,66.57,0,normal
2026-09-03 07:47:00,25.44,83.43,0.916,148.26,71.81,0,normal
2026-09-03 07:47:30,23.97,83.41,0.993,135.65,89.65,0,normal
2026-09-03 07:48:00,25.98,83.41,1.07,126.64,58.78,0,normal
2026-09-03 07:48:30,25.54,83.41,0.985,122.16,58.53,0,normal
2026-09-03 07:49:00,25.91,83.39,0.993,97.14,42.08,0,normal
2026-09-03 07:49:30,29.1,83.4,1.071,137.25,61.99,0,normal
2026-09-03 07:50:00,24.78,83.43,0.974,135.77,68.72,0,normal
2026-09-03 07:50:30,31.08,83.46,1.232,108.42,62.44,0,normal
2026-09-03 07:51:00,23.44,83.47,0.975,133.15,68.07,0,normal
2026-09-03 07:51:30,30.79,83.44,1.248,102.65,65.58,0,normal
2026-09-03 07:52:00,24.23,83.42,0.918,104.24,61.87,0,normal
2026-09-03 07:52:30,26.77,83.42,1.084,139.38,74.82,0,normal
2026-09-03 07:53:00,25.56,83.42,1.01,130.76,77.41,0,normal
2026-09-03 07:53:30,25.93,83.41,0.989,114.2,56.74,0,normal
2026-09-03 07:54:00,28.81,83.45,1.061,111.31,61.09,0,normal
2026-09-03 07:54:30,30.55,83.46,1.26,124.37,81.11,0,normal
2026-09-03 07:55:00,29.8,83.47,1.218,74.11,37.71,0,normal
2026-09-03 07:55:30,25.81,83.49,1.061,101.06,59.9,0,normal
2026-09-03 07:56:00,27.3,83.5,1.052,88.37,59.68,0,normal
2026-09-03 07:56:30,24.88,83.55,1.004,120.3,53.44,0,normal
2026-09-03 07:57:00,24.37,83.53,0.908,147.22,85.03,0,normal
2026-09-03 07:57:30,23.99,83.52,0.912,131.93,64.96,0,normal
2026-09-03 07:58:00,25.77,83.51,1.033,107.21,47.14,0,normal
2026-09-03 07:58:30,27.49,83.54,1.114,102.34,47.36,0,normal
2026-09-03 07:59:00,22.1,83.56,0.812,101.15,66.9,0,normal
2026-09-03 07:59:30,26.77,83.55,1.014,169.99,87.37,0,normal
2026-09-03 08:00:00,30.69,83.53,1.205,121.7,67.62,0,normal
2026-09-03 08:00:30,29.7,83.56,1.245,124.99,59.64,0,normal
2026-09-03 08:01:00,25.45,83.57,0.977,67.22,29.05,0,normal
2026-09-03 08:01:30,23.42,83.6,0.944,90.48,49.98,0,normal
2026-09-03 08:02:00,28.08,83.6,1.137,118.9,61.2,0,normal
2026-09-03 08:02:30,21.14,83.61,0.835,107.55,52.59,0,normal
2026-09-03 08:03:00,29.72,83.62,1.205,123.33,81.33,0,normal
2026-09-03 08:03:30,26.41,83.61,0.985,123.0,57.88,0,normal
2026-09-03 08:04:00,31.54,83.61,1.22,135.01,59.56,0,normal
2026-09-03 08:04:30,22.65,83.59,0.971,73.27,53.85,0,normal
2026-09-03 08:05:00,29.27,83.6,1.259,92.37,49.47,0,normal
2026-09-03 08:05:30,26.73,83.61,1.114,117.51,72.2,0,normal
2026-09-03 08:06:00,26.17,83.64,1.104,103.81,54.46,0,normal
2026-09-03 08:06:30,23.57,83.65,0.857,112.24,59.87,0,normal
2026-09-03 08:07:00,28.5,83.65,1.086,122.73,69.3,0,normal
2026-09-03 08:07:30,28.7,83.68,1.13,101.38,49.5,0,normal
2026-09-03 08:08:00,31.49,83.7,1.412,124.81,55.55,0,normal
2026-09-03 08:08:30,29.55,83.73,1.163,133.6,69.49,0,normal
2026-09-03 08:09:00,25.56,83.76,1.06,121.63,56.27,0,normal
2026-09-03 08:09:30,24.53,83.76,1.0,138.02,80.61,0,normal
2026-09-03 08:10:00,23.64,83.77,0.962,65.68,28.42,0,normal
2026-09-03 08:10:30,30.74,83.79,1.228,105.35,51.58,0,normal
2026-09-03 08:11:00,25.13,83.77,0.945,142.31,77.52,0,normal
2026-09-03 08:11:30,30.77,83.75,1.065,98.39,78.93,0,normal
2026-09-03 08:12:00,28.4,83.72,1.209,95.0,57.77,0,normal
2026-09-03 08:12:30,27.91,83.72,1.082,116.84,57.71,0,normal
2026-09-03 08:13:00,26.34,83.72,0.955,119.57,58.81,0,normal
2026-09-03 08:13:30,28.75,83.69,1.175,106.63,70.72,0,normal
2026-09-03 08:14:00,27.08,83.7,1.106,166.09,75.88,0,normal
2026-09-03 08:14:30,26.2,83.69,1.088,127.16,61.42,0,normal
2026-09-03 08:15:00,28.87,83.72,1.219,97.43,42.65,0,normal
2026-09-03 08:15:30,26.77,83.76,1.022,84.01,57.85,0,normal
2026-09-03 08:16:00,25.15,83.77,0.962,130.14,88.87,0,normal
2026-09-03 08:16:30,28.65,83.76,1.128,96.84,42.22,0,normal
2026-09-03 08:17:00,27.0,83.78,1.125,173.82,99.34,0,normal
2026-09-03 08:17:30,28.39,83.78,1.016,130.7,61.13,0,normal
2026-09-03 08:18:00,26.04,83.78,1.048,134.0,58.08,0,normal
2026-09-03 08:18:30,24.16,83.76,1.011,126.22,68.39,0,normal
2026-09-03 08:19:00,31.53,83.75,1.317,148.04,80.14,0,normal
2026-09-03 08:19:30,31.06,83.75,1.286,60.12,27.37,0,normal
2026-09-03 08:20:00,29.42,83.77,1.239,89.92,52.25,0,normal
2026-09-03 08:20:30,26.24,83.78,0.905,145.85,65.88,0,normal
2026-09-03 08:21:00,26.47,83.82,1.144,157.51,74.95,0,normal
2026-09-03 08:21:30,30.68,83.83,1.247,89.12,55.04,0,normal
2026-09-03 08:22:00,26.35,83.84,1.125,74.53,53.06,0,normal
2026-09-03 08:22:30,25.66,83.84,0.966,124.19,76.8,0,normal
2026-09-03 08:23:00,31.93,83.82,1.165,132.14,66.95,0,normal
2026-09-03 08:23:30,27.13,83.81,1.182,123.68,61.88,0,normal
2026-09-03 08:24:00,31.69,83.8,1.209,118.51,58.05,0,normal
2026-09-03 08:24:30,23.77,83.75,0.936,73.7,42.48,0,normal
2026-09-03 08:25:00,28.58,83.73,1.173,110.62,65.54,0,normal
2026-09-03 08:25:30,32.46,83.76,1.349,114.35,66.3,0,normal
2026-09-03 08:26:00,27.37,83.77,1.154,106.29,56.45,0,normal
2026-09-03 08:26:30,26.64,83.77,1.077,72.03,45.07,0,normal
2026-09-03 08:27:00,24.39,83.78,0.924,134.62,71.2,0,normal
2026-09-03 08:27:30,30.02,83.74,1.243,141.64,73.21,0,normal
2026-09-03 08:28:00,25.4,83.75,1.053,100.13,50.33,0,normal
2026-09-03 08:28:30,27.09,83.77,0.985,115.35,52.56,0,normal
2026-09-03 08:29:00,24.26,83.77,1.039,107.58,84.41,0,normal
2026-09-03 08:29:30,31.23,83.74,1.094,107.82,53.28,0,normal
2026-09-03 08:30:00,30.24,83.73,1.272,132.33,75.64,0,normal
2026-09-03 08:30:30,27.28,83.76,1.057,132.93,64.92,0,normal
2026-09-03 08:31:00,24.49,83.77,1.014,146.87,79.64,0,normal
2026-09-03 08:31:30,31.21,83.74,1.28,146.35,83.67,0,normal
2026-09-03 08:32:00,26.47,83.79,1.057,115.7,66.56,0,normal
2026-09-03 08:32:30,24.62,83.76,1.007,191.05,105.49,0,normal
2026-09-03 08:33:00,22.99,83.76,0.916,158.75,111.72,0,normal
2026-09-03 08:33:30,25.79,83.74,1.068,103.55,46.25,0,normal
2026-09-03 08:34:00,23.78,83.73,1.055,123.16,71.73,0,normal
2026-09-03 08:34:30,25.86,83.72,0.965,70.35,55.35,0,normal
2026-09-03 08:35:00,29.29,83.73,0.985,120.68,77.71,0,normal
2026-09-03 08:35:30,26.49,83.76,1.038,161.84,81.71,0,normal
2026-09-03 08:36:00,28.33,83.75,1.106,189.53,94.04,0,normal
2026-09-03 08:36:30,25.63,83.73,1.006,116.97,50.45,0,normal
2026-09-03 08:37:00,27.62,83.75,1.054,128.37,58.15,0,normal
2026-09-03 08:37:30,32.26,83.76,1.347,135.13,77.63,0,normal
2026-09-03 08:38:00,26.6,83.76,0.991,169.49,75.01,0,normal
2026-09-03 08:38:30,28.43,83.77,1.163,95.43,50.81,0,normal
2026-09-03 08:39:00,23.57,83.77,0.973,186.39,94.24,0,normal
2026-09-03 08:39:30,31.29,83.77,1.271,112.07,63.45,0,normal
2026-09-03 08:40:00,26.31,83.77,1.078,90.75,42.03,0,normal
2026-09-03 08:40:30,30.13,83.79,1.262,112.12,59.18,0,normal
2026-09-03 08:41:00,27.21,83.84,1.091,99.76,43.14,0,normal
2026-09-03 08:41:30,29.04,83.85,1.142,130.48,82.84,0,normal
2026-09-03 08:42:00,29.21,83.85,1.197,78.69,41.51,0,normal
2026-09-03 08:42:30,26.4,83.85,1.088,123.54,56.93,0,normal
2026-09-03 08:43:00,30.27,83.84,1.265,136.6,62.44,0,normal
2026-09-03 08:43:30,25.64,83.86,0.938,157.07,70.22,0,normal
2026-09-03 08:44:00,29.5,83.87,1.169,137.02,73.17,0,normal
2026-09-03 08:44:30,26.58,83.86,1.007,155.53,88.88,0,normal
2026-09-03 08:45:00,28.44,83.88,1.17,104.86,46.28,0,normal
2026-09-03 08:45:30,26.41,83.88,1.095,129.85,75.65,0,normal
2026-09-03 08:46:00,27.71,83.87,1.093,64.27,29.07,0,normal
2026-09-03 08:46:30,24.9,83.87,0.96,117.15,54.48,0,normal
2026-09-03 08:47:00,28.22,83.88,1.162,129.67,56.39,0,normal
2026-09-03 08:47:30,27.71,83.9,1.101,131.93,69.72,0,normal
2026-09-03 08:48:00,26.26,83.92,1.125,80.65,47.12,0,normal
2026-09-03 08:48:30,27.47,83.92,1.196,110.25,63.93,0,normal
2026-09-03 08:49:00,27.96,83.91,1.174,113.73,55.09,0,normal
2026-09-03 08:49:30,26.08,83.91,1.055,109.27,57.77,0,normal
2026-09-03 08:50:00,27.32,83.92,1.192,138.13,67.3,0,normal
2026-09-03 08:50:30,25.12,83.93,1.017,114.58,55.09,0,normal
2026-09-03 08:51:00,33.52,83.94,1.308,122.48,54.71,0,normal
2026-09-03 08:51:30,30.3,83.94,1.171,107.76,48.57,0,normal
2026-09-03 08:52:00,28.35,83.96,1.094,146.62,84.32,0,normal
2026-09-03 08:52:30,30.59,83.95,1.223,148.48,76.35,0,normal
2026-09-03 08:53:00,22.73,84.0,0.93,112.29,53.6,0,normal
2026-09-03 08:53:30,21.28,84.02,0.791,191.26,88.79,0,normal
2026-09-03 08:54:00,26.69,84.0,1.044,100.84,57.98,0,normal
2026-09-03 08:54:30,24.24,84.0,0.98,145.18,82.89,0,normal
2026-09-03 08:55:00,27.11,84.02,1.119,96.22,46.36,0,normal
2026-09-03 08:55:30,28.22,84.01,1.127,139.33,70.15,0,normal
2026-09-03 08:56:00,30.02,83.99,1.215,137.38,78.99,0,normal
2026-09-03 08:56:30,24.87,83.97,0.933,94.71,43.6,0,normal
2026-09-03 08:57:00,28.73,83.98,1.097,116.73,51.77,0,normal
2026-09-03 08:57:30,27.77,83.94,1.107,166.69,79.44,0,normal
2026-09-03 08:58:00,28.61,83.92,1.174,99.64,49.56,0,normal
2026-09-03 08:58:30,26.44,83.93,1.07,130.05,81.77,0,normal
2026-09-03 08:59:00,31.21,83.93,1.196,128.39,62.15,0,normal
2026-09-03 08:59:30,27.5,83.91,1.087,118.94,52.41,0,normal
2026-09-03 09:00:00,32.21,83.91,1.386,76.72,61.96,0,normal
2026-09-03 09:00:30,25.79,83.88,1.06,140.72,88.85,0,normal
2026-09-03 09:01:00,29.64,83.89,1.176,120.29,55.33,0,normal
2026-09-03 09:01:30,27.63,83.87,1.049,147.6,73.82,0,normal
2026-09-03 09:02:00,26.98,83.87,1.041,125.79,54.49,0,normal
2026-09-03 09:02:30,29.38,83.87,1.175,121.61,70.76,0,normal
2026-09-03 09:03:00,27.06,83.87,1.097,129.31,61.58,0,normal
2026-09-03 09:03:30,21.15,83.86,0.87,95.31,41.66,0,normal
2026-09-03 09:04:00,20.16,83.82,0.822,158.95,72.44,0,normal
2026-09-03 09:04:30,31.0,83.83,1.217,110.61,61.36,0,normal
2026-09-03 09:05:00,30.91,83.83,1.205,110.94,82.93,0,normal
2026-09-03 09:05:30,32.55,83.82,1.435,152.31,67.89,0,normal
2026-09-03 09:06:00,27.8,83.8,1.081,126.18,57.31,0,normal
2026-09-03 09:06:30,24.61,83.8,0.921,114.09,50.41,0,normal
2026-09-03 09:07:00,26.81,83.82,0.985,130.35,56.99,0,normal
2026-09-03 09:07:30,27.89,83.82,1.096,135.65,71.25,0,normal
2026-09-03 09:08:00,25.35,83.85,1.062,117.04,73.95,0,normal
2026-09-03 09:08:30,31.99,83.87,1.243,143.06,65.28,0,normal
2026-09-03 09:09:00,33.48,83.87,1.438,88.24,53.18,0,normal
2026-09-03 09:09:30,29.08,83.88,1.163,126.55,60.91,0,normal
2026-09-03 09:10:00,27.87,83.89,1.177,140.01,74.78,0,normal
2026-09-03 09:10:30,24.66,83.89,0.949,135.54,69.18,0,normal
2026-09-03 09:11:00,31.78,83.92,1.224,63.97,28.57,0,normal
2026-09-03 09:11:30,28.1,83.9,1.129,116.84,50.9,0,normal
2026-09-03 09:12:00,27.2,83.9,1.114,89.65,42.59,0,normal
2026-09-03 09:12:30,29.12,83.93,1.155,152.14,72.11,0,normal
2026-09-03 09:13:00,26.47,83.94,1.074,110.23,51.33,0,normal
2026-09-03 09:13:30,28.3,83.93,1.165,149.37,82.54,0,normal
2026-09-03 09:14:00,24.34,83.9,0.904,89.57,61.89,0,normal
2026-09-03 09:14:30,30.66,83.85,1.206,129.77,66.04,0,normal
2026-09-03 09:15:00,27.7,83.9,1.079,120.2,68.02,0,normal
2026-09-03 09:15:30,30.85,83.9,1.205,189.1,94.38,0,normal
2026-09-03 09:16:00,27.47,83.89,1.121,149.45,85.03,0,normal
2026-09-03 09:16:30,27.63,83.9,1.077,147.85,65.07,0,normal
2026-09-03 09:17:00,24.95,83.88,0.898,170.7,93.89,0,normal
2026-09-03 09:17:30,29.88,83.88,1.181,127.09,71.8,0,normal
2026-09-03 09:18:00,25.8,83.86,0.977,117.51,55.51,0,normal
2026-09-03 09:18:30,26.78,83.83,1.098,114.66,61.2,0,normal
2026-09-03 09:19:00,28.01,83.79,1.165,128.2,59.5,0,normal
2026-09-03 09:19:30,28.31,83.76,1.009,50.75,27.02,0,normal
2026-09-03 09:20:00,23.75,83.78,0.913,120.06,58.11,0,normal
2026-09-03 09:20:30,27.44,83.76,1.117,125.67,55.0,0,normal
2026-09-03 09:21:00,30.02,83.78,1.116,116.1,57.05,0,normal
2026-09-03 09:21:30,27.08,83.8,1.126,81.73,50.53,0,normal
2026-09-03 09:22:00,27.48,83.8,1.157,116.25,64.72,0,normal
2026-09-03 09:22:30,28.45,83.79,1.129,81.66,51.2,0,normal
2026-09-03 09:23:00,27.74,83.8,1.067,164.34,87.29,0,normal
2026-09-03 09:23:30,25.48,83.79,0.901,113.57,55.39,0,normal
2026-09-03 09:24:00,27.97,83.82,1.164,68.43,39.75,0,normal
2026-09-03 09:24:30,30.55,83.86,1.344,114.84,66.98,0,normal
2026-09-03 09:25:00,25.45,83.89,1.109,142.38,67.37,0,normal
2026-09-03 09:25:30,27.14,83.84,1.075,124.4,58.98,0,normal
2026-09-03 09:26:00,24.63,83.84,0.931,97.15,60.49,0,normal
2026-09-03 09:26:30,30.44,83.84,1.269,103.04,71.46,0,normal
2026-09-03 09:27:00,27.87,83.85,1.108,112.83,54.18,0,normal
2026-09-03 09:27:30,25.97,83.81,1.064,109.01,55.27,0,normal
2026-09-03 09:28:00,28.34,83.78,1.151,88.51,55.31,0,normal
2026-09-03 09:28:30,25.1,83.81,1.009,118.31,74.74,0,normal
2026-09-03 09:29:00,25.54,83.8,1.074,86.66,66.9,0,normal
2026-09-03 09:29:30,24.47,83.77,1.031,143.73,85.05,0,normal
2026-09-03 09:30:00,25.47,83.75,0.992,146.78,66.32,0,normal
2026-09-03 09:30:30,31.53,83.76,1.203,94.92,61.21,0,normal
2026-09-03 09:31:00,26.31,83.74,0.921,102.08,51.44,0,normal
2026-09-03 09:31:30,29.31,83.75,1.152,109.42,53.75,0,normal
2026-09-03 09:32:00,26.06,83.73,0.986,119.21,77.08,0,normal
2026-09-03 09:32:30,30.05,83.7,1.227,126.42,66.84,0,normal
2026-09-03 09:33:00,25.6,83.73,1.007,131.58,61.84,0,normal
2026-09-03 09:33:30,28.26,83.74,1.118,130.99,65.85,0,normal
2026-09-03 09:34:00,28.31,83.73,1.178,158.85,74.55,0,normal
2026-09-03 09:34:30,34.0,83.72,1.387,121.51,75.63,0,normal
2026-09-03 09:35:00,29.76,83.75,1.184,87.44,47.88,0,normal
2026-09-03 09:35:30,26.7,83.77,1.158,79.77,54.82,0,normal
2026-09-03 09:36:00,29.91,83.79,1.241,160.89,93.17,0,normal
2026-09-03 09:36:30,33.54,83.78,1.314,132.74,68.04,0,normal
2026-09-03 09:37:00,24.13,83.78,0.947,125.16,66.52,0,normal
2026-09-03 09:37:30,26.1,83.79,1.085,131.23,67.68,0,normal
2026-09-03 09:38:00,27.63,83.78,1.116,124.01,68.79,0,normal
2026-09-03 09:38:30,27.18,83.78,1.026,130.83,65.62,0,normal
2026-09-03 09:39:00,27.4,83.77,1.145,110.69,55.08,0,normal
2026-09-03 09:39:30,24.97,83.78,1.062,146.38,69.61,0,normal
2026-09-03 09:40:00,31.75,83.76,1.345,106.88,66.03,0,normal
2026-09-03 09:40:30,24.68,83.77,1.064,97.42,50.45,0,normal
2026-09-03 09:41:00,27.75,83.78,1.225,77.73,44.2,0,normal
2026-09-03 09:41:30,30.87,83.77,1.341,114.06,51.41,0,normal
2026-09-03 09:42:00,28.19,83.78,1.147,151.69,81.2,0,normal
2026-09-03 09:42:30,25.81,83.78,1.022,108.57,55.89,0,normal
2026-09-03 09:43:00,24.9,83.76,0.905,85.54,46.6,0,normal
2026-09-03 09:43:30,27.7,83.78,1.108,127.12,71.02,0,normal
2026-09-03 09:44:00,26.39,83.79,1.083,103.72,55.2,0,normal
2026-09-03 09:44:30,28.8,83.78,1.154,158.71,79.77,0,normal
2026-09-03 09:45:00,24.79,83.77,0.898,146.86,71.74,0,normal
2026-09-03 09:45:30,30.32,83.77,1.196,88.23,53.47,0,normal
2026-09-03 09:46:00,28.59,83.76,1.181,115.65,62.11,0,normal
2026-09-03 09:46:30,28.78,83.79,1.092,101.12,66.63,0,normal
2026-09-03 09:47:00,31.92,83.8,1.287,90.99,54.76,0,normal
2026-09-03 09:47:30,27.22,83.8,1.112,118.6,62.15,0,normal
2026-09-03 09:48:00,26.51,83.78,1.12,140.46,78.87,0,normal
2026-09-03 09:48:30,26.95,83.79,1.17,117.96,63.52,0,normal
2026-09-03 09:49:00,27.85,83.79,1.093,107.1,75.75,0,normal
2026-09-03 09:49:30,28.1,83.77,1.135,64.84,33.88,0,normal
2026-09-03 09:50:00,26.27,83.79,1.062,103.35,58.93,0,normal
2026-09-03 09:50:30,23.28,83.8,0.962,133.8,61.01,0,normal
2026-09-03 09:51:00,26.95,83.75,1.107,86.45,53.24,0,normal
2026-09-03 09:51:30,29.25,83.75,1.253,152.06,67.83,0,normal
2026-09-03 09:52:00,28.7,83.75,1.014,105.41,53.25,0,normal
2026-09-03 09:52:30,31.36,83.74,1.281,124.84,66.47,0,normal
2026-09-03 09:53:00,33.26,83.75,1.363,110.02,58.87,0,normal
2026-09-03 09:53:30,30.27,83.71,1.197,90.59,53.13,0,normal
2026-09-03 09:54:00,31.84,83.66,1.129,131.01,67.86,0,normal
2026-09-03 09:54:30,30.3,83.64,1.208,105.05,84.64,0,normal
2026-09-03 09:55:00,32.67,83.65,1.26,99.17,47.89,0,normal
2026-09-03 09:55:30,33.02,83.58,1.432,60.6,31.16,0,normal
2026-09-03 09:56:00,30.78,83.57,1.254,152.57,82.48,0,normal
2026-09-03 09:56:30,30.17,83.53,1.159,120.15,77.14,0,normal
2026-09-03 09:57:00,27.9,83.53,1.001,147.66,65.74,0,normal
2026-09-03 09:57:30,28.31,83.57,1.166,135.5,69.04,0,normal
2026-09-03 09:58:00,27.57,83.56,1.141,147.66,66.29,0,normal
2026-09-03 09:58:30,29.97,83.56,1.186,105.9,51.55,0,normal
2026-09-03 09:59:00,26.63,83.58,1.097,85.69,40.23,0,normal
2026-09-03 09:59:30,27.95,83.58,1.099,139.07,66.53,0,normal
2026-09-03 10:00:00,22.55,83.58,0.95,123.25,64.78,0,normal
2026-09-03 10:00:30,32.75,83.6,1.375,108.34,77.02,0,normal
2026-09-03 10:01:00,27.9,83.61,1.024,138.57,96.4,0,normal
2026-09-03 10:01:30,29.59,83.61,1.101,127.7,64.35,0,normal
2026-09-03 10:02:00,32.1,83.61,1.414,135.97,64.2,0,normal
2026-09-03 10:02:30,29.21,83.61,1.223,94.44,46.83,0,normal
2026-09-03 10:03:00,32.08,83.63,1.202,144.44,80.85,0,normal
2026-09-03 10:03:30,25.36,83.62,0.935,119.88,77.55,0,normal
2026-09-03 10:04:00,34.47,83.65,1.393,147.12,73.38,0,normal
2026-09-03 10:04:30,31.19,83.63,1.176,144.21,83.13,0,normal
2026-09-03 10:05:00,29.01,83.66,1.142,137.16,63.25,0,normal
2026-09-03 10:05:30,32.04,83.67,1.279,117.22,63.31,0,normal
2026-09-03 10:06:00,25.57,83.65,1.018,137.74,67.08,0,normal
2026-09-03 10:06:30,27.77,83.66,1.173,147.77,69.56,0,normal
2026-09-03 10:07:00,32.11,83.65,1.402,135.17,77.47,0,normal
2026-09-03 10:07:30,23.83,83.65,0.93,125.06,59.37,0,normal
2026-09-03 10:08:00,29.91,83.64,1.129,137.8,78.03,0,normal
2026-09-03 10:08:30,29.84,83.64,1.217,106.86,71.24,0,normal
2026-09-03 10:09:00,33.44,83.66,1.447,157.85,78.21,0,normal
2026-09-03 10:09:30,24.56,83.67,0.963,77.95,42.27,0,normal
2026-09-03 10:10:00,32.55,83.65,1.357,120.86,81.39,0,normal
2026-09-03 10:10:30,27.13,83.63,1.04,109.85,48.25,0,normal
2026-09-03 10:11:00,27.42,83.64,1.098,103.98,60.98,0,normal
2026-09-03 10:11:30,25.48,83.64,0.96,127.63,84.02,0,normal
2026-09-03 10:12:00,25.82,83.63,1.033,91.86,42.07,0,normal
2026-09-03 10:12:30,29.55,83.66,1.175,173.8,85.99,0,normal
2026-09-03 10:13:00,25.77,83.68,1.062,86.2,42.72,0,normal
2026-09-03 10:13:30,30.4,83.67,1.324,96.22,44.22,0,normal
2026-09-03 10:14:00,26.9,83.66,1.055,93.86,49.49,0,normal
2026-09-03 10:14:30,25.53,83.65,0.919,124.96,88.53,0,normal
2026-09-03 10:15:00,27.25,83.65,1.079,145.36,81.47,0,normal
2026-09-03 10:15:30,29.41,83.67,1.194,133.15,84.78,0,normal
2026-09-03 10:16:00,27.88,83.69,1.127,156.81,80.44,0,normal
2026-09-03 10:16:30,28.66,83.69,1.137,99.32,70.83,0,normal
2026-09-03 10:17:00,30.32,83.71,1.303,136.47,64.12,0,normal
2026-09-03 10:17:30,31.29,83.73,1.26,112.41,86.94,0,normal
2026-09-03 10:18:00,27.82,83.73,1.107,125.7,59.84,0,normal
2026-09-03 10:18:30,25.98,83.74,0.999,147.72,80.43,0,normal
2026-09-03 10:19:00,28.79,83.75,1.051,77.69,49.38,0,normal
2026-09-03 10:19:30,29.78,83.76,1.211,169.78,86.75,0,normal
2026-09-03 10:20:00,24.95,83.75,1.01,116.37,52.14,0,normal
2026-09-03 10:20:30,26.38,83.73,0.999,79.83,66.59,0,normal
2026-09-03 10:21:00,26.82,83.73,1.07,102.68,61.46,0,normal
2026-09-03 10:21:30,28.09,83.71,1.116,122.56,84.45,0,normal
2026-09-03 10:22:00,26.72,83.69,1.035,102.67,54.96,0,normal
2026-09-03 10:22:30,30.39,83.7,1.167,68.8,47.36,0,normal
2026-09-03 10:23:00,24.62,83.71,1.005,122.42,63.83,0,normal
2026-09-03 10:23:30,24.68,83.68,0.976,101.96,52.3,0,normal
2026-09-03 10:24:00,27.8,83.68,1.079,136.28,80.66,0,normal
2026-09-03 10:24:30,28.2,83.68,1.079,93.29,61.09,0,normal
2026-09-03 10:25:00,25.01,83.68,0.994,176.54,82.29,0,normal
2026-09-03 10:25:30,27.13,83.66,1.135,132.84,63.36,0,normal
2026-09-03 10:26:00,27.65,83.63,1.117,124.92,74.91,0,normal
2026-09-03 10:26:30,27.67,83.64,1.094,135.58,83.02,0,normal
2026-09-03 10:27:00,29.04,83.62,1.179,74.46,60.03,0,normal
2026-09-03 10:27:30,27.0,83.61,1.154,107.58,58.16,0,normal
2026-09-03 10:28:00,32.36,83.61,1.326,164.58,76.01,0,normal
2026-09-03 10:28:30,29.89,83.6,1.211,112.0,56.51,0,normal
2026-09-03 10:29:00,26.66,83.61,1.1,118.43,69.23,0,normal
2026-09-03 10:29:30,28.91,83.64,1.147,108.34,54.39,0,normal
2026-09-03 10:30:00,28.99,83.61,1.17,156.61,72.17,0,normal
2026-09-03 10:30:30,31.72,83.63,1.238,113.88,51.48,0,normal
2026-09-03 10:31:00,27.19,83.58,1.003,88.7,41.16,0,normal
2026-09-03 10:31:30,30.61,83.61,1.245,184.47,103.73,0,normal
2026-09-03 10:32:00,28.8,83.57,1.172,85.62,70.42,0,normal
2026-09-03 10:32:30,32.42,83.62,1.278,117.57,70.32,0,normal
2026-09-03 10:33:00,31.93,83.61,1.343,98.96,47.53,0,normal
2026-09-03 10:33:30,29.19,83.64,1.126,102.46,69.47,0,normal
2026-09-03 10:34:00,28.05,83.66,1.023,93.5,50.39,0,normal
2026-09-03 10:34:30,29.97,83.65,1.157,106.5,56.75,0,normal
2026-09-03 10:35:00,28.26,83.65,1.043,144.6,74.96,0,normal
2026-09-03 10:35:30,32.92,83.63,1.339,72.45,48.87,0,normal
2026-09-03 10:36:00,28.92,83.65,1.113,151.52,79.18,0,normal
2026-09-03 10:36:30,27.71,83.64,1.163,147.21,87.96,0,normal
2026-09-03 10:37:00,27.58,83.62,1.156,132.73,72.93,0,normal
2026-09-03 10:37:30,25.69,83.63,0.98,123.15,64.27,0,normal
2026-09-03 10:38:00,30.13,83.62,1.156,126.92,67.83,0,normal
2026-09-03 10:38:30,26.68,83.61,1.096,155.59,69.79,0,normal
2026-09-03 10:39:00,31.49,83.61,1.321,76.36,47.71,0,normal
2026-09-03 10:39:30,25.51,83.6,0.918,138.18,65.86,0,normal
2026-09-03 10:40:00,29.06,83.59,1.179,101.35,49.59,0,normal
2026-09-03 10:40:30,31.62,83.62,1.126,140.64,67.86,0,normal
2026-09-03 10:41:00,23.37,83.62,0.909,104.66,59.26,0,normal
2026-09-03 10:41:30,33.8,83.61,1.426,137.67,78.62,0,normal
2026-09-03 10:42:00,27.7,83.61,1.275,81.29,45.43,0,normal
2026-09-03 10:42:30,29.11,83.62,1.151,77.69,39.47,0,normal
2026-09-03 10:43:00,30.19,83.6,1.132,117.17,67.87,0,normal
2026-09-03 10:43:30,30.58,83.61,1.192,155.89,70.04,0,normal
2026-09-03 10:44:00,29.46,83.62,1.182,133.41,59.17,0,normal
2026-09-03 10:44:30,31.26,83.58,1.209,133.23,72.28,0,normal
2026-09-03 10:45:00,30.07,83.62,1.147,141.5,70.47,0,normal
2026-09-03 10:45:30,33.18,83.65,1.299,110.08,50.63,0,normal
2026-09-03 10:46:00,30.09,83.63,1.227,135.27,61.67,0,normal
2026-09-03 10:46:30,33.69,83.61,1.336,105.51,64.66,0,normal
2026-09-03 10:47:00,31.04,83.62,1.187,112.15,55.63,0,normal
2026-09-03 10:47:30,24.27,83.59,0.938,115.25,63.33,0,normal
2026-09-03 10:48:00,35.32,83.62,1.384,106.36,68.32,0,normal
2026-09-03 10:48:30,27.36,83.61,1.04,118.35,72.66,0,normal
2026-09-03 10:49:00,32.54,83.64,1.256,113.64,52.69,0,normal
2026-09-03 10:49:30,28.87,83.62,1.192,102.31,59.49,0,normal
2026-09-03 10:50:00,31.46,83.62,1.244,116.48,61.77,0,normal
2026-09-03 10:50:30,27.08,83.65,0.988,123.88,78.17,0,normal
2026-09-03 10:51:00,30.38,83.64,1.277,92.5,50.89,0,normal
2026-09-03 10:51:30,28.18,83.65,1.151,130.44,68.47,0,normal
2026-09-03 10:52:00,32.76,83.67,1.22,107.66,49.02,0,normal
2026-09-03 10:52:30,29.91,83.66,1.175,124.96,75.49,0,normal
2026-09-03 10:53:00,31.16,83.64,1.197,103.37,50.86,0,normal
2026-09-03 10:53:30,23.41,83.61,0.968,146.26,84.91,0,normal
2026-09-03 10:54:00,28.61,83.62,1.123,143.9,72.32,0,normal
2026-09-03 10:54:30,29.85,83.63,1.19,93.77,52.91,0,normal
2026-09-03 10:55:00,29.39,83.65,1.165,133.12,108.07,0,normal
2026-09-03 10:55:30,31.24,83.65,1.157,156.16,73.48,0,normal
2026-09-03 10:56:00,27.92,83.62,1.195,96.3,74.66,0,normal
2026-09-03 10:56:30,28.96,83.57,1.197,98.28,59.67,0,normal
2026-09-03 10:57:00,31.8,83.63,1.224,138.38,65.34,0,normal
2026-09-03 10:57:30,23.15,83.64,0.935,87.32,38.62,0,normal
2026-09-03 10:58:00,30.32,83.64,1.272,100.56,46.74,0,normal
2026-09-03 10:58:30,28.01,83.65,1.124,94.63,43.87,0,normal
2026-09-03 10:59:00,26.57,83.62,1.146,138.69,72.67,0,normal
2026-09-03 10:59:30,29.69,83.61,1.361,102.69,50.7,0,normal
2026-09-03 11:00:00,31.93,83.64,1.269,112.88,70.49,0,normal
2026-09-03 11:00:30,31.45,83.65,1.222,101.29,70.47,0,normal
2026-09-03 11:01:00,28.52,83.64,1.085,148.71,90.88,0,normal
2026-09-03 11:01:30,31.05,83.62,1.105,98.52,57.61,0,normal
2026-09-03 11:02:00,31.04,83.61,1.319,84.81,37.55,0,normal
2026-09-03 11:02:30,28.65,83.6,1.126,83.83,41.53,0,normal
2026-09-03 11:03:00,27.14,83.64,1.133,137.34,69.21,0,normal
2026-09-03 11:03:30,27.28,83.64,1.15,139.15,62.36,0,normal
2026-09-03 11:04:00,30.97,83.62,1.172,151.21,69.81,0,normal
2026-09-03 11:04:30,28.77,83.61,1.097,88.48,60.68,0,normal
2026-09-03 11:05:00,26.26,83.62,1.142,114.22,51.65,0,normal
2026-09-03 11:05:30,24.67,83.6,0.983,180.68,81.24,0,normal
2026-09-03 11:06:00,30.96,83.6,1.198,112.44,55.6,0,normal
2026-09-03 11:06:30,27.52,83.63,1.043,105.91,56.68,0,normal
2026-09-03 11:07:00,29.71,83.63,1.18,119.47,62.72,0,normal
2026-09-03 11:07:30,31.99,83.62,1.376,133.25,81.83,0,normal
2026-09-03 11:08:00,25.62,83.61,1.06,132.83,77.65,0,normal
2026-09-03 11:08:30,28.78,83.57,1.162,104.64,50.84,0,normal
2026-09-03 11:09:00,28.47,83.57,1.229,105.37,47.84,0,normal
2026-09-03 11:09:30,29.85,83.58,1.277,112.59,53.99,0,normal
2026-09-03 11:10:00,32.0,83.56,1.301,101.75,56.08,0,normal
2026-09-03 11:10:30,25.58,83.6,1.165,89.13,58.62,0,normal
2026-09-03 11:11:00,30.33,83.62,1.198,165.2,81.47,0,normal
2026-09-03 11:11:30,31.48,83.58,1.328,109.83,73.57,0,normal
2026-09-03 11:12:00,28.44,83.55,1.115,111.24,70.36,0,normal
2026-09-03 11:12:30,28.56,83.53,1.194,112.02,58.09,0,normal
2026-09-03 11:13:00,29.96,83.56,1.183,117.99,65.22,0,normal
2026-09-03 11:13:30,29.77,83.58,1.218,130.87,67.14,0,normal
2026-09-03 11:14:00,30.37,83.61,1.36,108.37,48.53,0,normal
2026-09-03 11:14:30,30.32,83.61,1.27,148.48,71.24,0,normal
2026-09-03 11:15:00,26.46,83.61,1.084,134.95,102.26,0,normal
2026-09-03 11:15:30,31.39,83.58,1.207,115.23,59.82,0,normal
2026-09-03 11:16:00,31.84,83.59,1.286,103.34,57.12,0,normal
2026-09-03 11:16:30,29.39,83.59,1.116,147.12,67.09,0,normal
2026-09-03 11:17:00,25.19,83.58,1.052,115.95,54.56,0,normal
2026-09-03 11:17:30,28.64,83.61,1.195,88.93,44.69,0,normal
2026-09-03 11:18:00,29.42,83.61,1.166,145.53,89.65,0,normal
2026-09-03 11:18:30,26.07,83.64,1.129,101.84,72.03,0,normal
2026-09-03 11:19:00,28.03,83.61,1.207,141.71,74.35,0,normal
2026-09-03 11:19:30,25.41,83.66,1.024,57.14,41.09,0,normal
2026-09-03 11:20:00,30.45,83.66,1.253,110.78,57.66,0,normal
2026-09-03 11:20:30,29.35,83.67,1.139,149.0,71.19,0,normal
2026-09-03 11:21:00,24.82,83.69,0.979,120.13,64.56,0,normal
2026-09-03 11:21:30,29.82,83.68,1.128,134.95,70.07,0,normal
2026-09-03 11:22:00,28.8,83.69,1.124,97.45,54.62,0,normal
2026-09-03 11:22:30,30.23,83.71,1.203,128.69,59.92,0,normal
2026-09-03 11:23:00,27.97,83.7,1.026,120.09,57.24,0,normal
2026-09-03 11:23:30,26.94,83.68,1.109,126.08,59.68,0,normal
2026-09-03 11:24:00,27.02,83.69,1.136,170.98,92.28,0,normal
2026-09-03 11:24:30,27.6,83.68,1.104,152.61,90.73,0,normal
2026-09-03 11:25:00,29.0,83.71,1.003,139.8,96.67,0,normal
2026-09-03 11:25:30,29.32,83.73,1.158,140.12,65.44,0,normal
2026-09-03 11:26:00,28.48,83.73,1.06,97.27,47.39,0,normal
2026-09-03 11:26:30,27.9,83.74,1.082,108.22,65.01,0,normal
2026-09-03 11:27:00,28.08,83.7,1.205,81.69,57.68,0,normal
2026-09-03 11:27:30,35.23,83.68,1.238,88.26,83.66,0,normal
2026-09-03 11:28:00,27.03,83.69,1.037,97.84,55.34,0,normal
2026-09-03 11:28:30,27.56,83.71,1.148,119.27,66.9,0,normal
2026-09-03 11:29:00,37.2,83.72,1.436,89.37,66.07,0,normal
2026-09-03 11:29:30,30.01,83.75,1.154,119.02,54.21,0,normal
2026-09-03 11:30:00,25.51,83.77,1.124,116.15,74.03,0,normal
2026-09-03 11:30:30,31.07,83.76,1.266,91.64,56.48,0,normal
2026-09-03 11:31:00,26.69,83.75,1.118,158.14,71.07,0,normal
2026-09-03 11:31:30,31.24,83.76,1.28,86.89,45.83,0,normal
2026-09-03 11:32:00,28.44,83.75,1.147,147.93,86.48,0,normal
2026-09-03 11:32:30,27.87,83.78,1.185,63.64,36.45,0,normal
2026-09-03 11:33:00,32.99,83.76,1.445,116.44,76.58,0,normal
2026-09-03 11:33:30,30.39,83.77,1.113,90.06,42.08,0,normal
2026-09-03 11:34:00,31.41,83.78,1.254,103.64,57.45,0,normal
2026-09-03 11:34:30,30.06,83.78,1.2,165.25,75.8,0,normal
2026-09-03 11:35:00,27.86,83.77,1.091,111.33,58.49,0,normal
2026-09-03 11:35:30,30.5,83.77,1.28,92.39,61.47,0,normal
2026-09-03 11:36:00,32.0,83.78,1.296,132.19,93.13,0,normal
2026-09-03 11:36:30,29.31,83.77,1.285,111.11,51.99,0,normal
2026-09-03 11:37:00,33.48,83.75,1.413,123.77,59.19,0,normal
2026-09-03 11:37:30,31.11,83.77,1.329,97.14,48.35,0,normal
2026-09-03 11:38:00,29.51,83.78,1.11,98.37,57.74,0,normal
2026-09-03 11:38:30,29.61,83.8,1.137,100.31,50.85,0,normal
2026-09-03 11:39:00,29.33,83.82,1.131,139.96,68.99,0,normal
2026-09-03 11:39:30,25.85,83.86,1.103,114.33,58.06,0,normal
2026-09-03 11:40:00,28.76,83.88,1.095,93.79,55.26,0,normal
2026-09-03 11:40:30,29.54,83.87,1.126,124.05,61.56,0,normal
2026-09-03 11:41:00,27.95,83.88,1.055,121.99,60.15,0,normal
2026-09-03 11:41:30,29.83,83.87,1.357,134.34,60.97,0,normal
2026-09-03 11:42:00,29.04,83.86,1.153,107.95,76.3,0,normal
2026-09-03 11:42:30,30.92,83.83,1.27,118.06,52.17,0,normal
2026-09-03 11:43:00,30.65,83.83,1.156,130.54,69.46,0,normal
2026-09-03 11:43:30,29.41,83.84,1.233,94.77,59.41,0,normal
2026-09-03 11:44:00,25.57,83.84,0.932,142.16,77.11,0,normal
2026-09-03 11:44:30,33.47,83.81,1.273,120.41,87.22,0,normal
2026-09-03 11:45:00,28.64,83.78,1.104,92.47,52.71,0,normal
2026-09-03 11:45:30,28.79,83.83,1.164,92.29,46.44,0,normal
2026-09-03 11:46:00,28.14,83.83,1.081,117.52,73.96,0,normal
2026-09-03 11:46:30,27.77,83.82,1.195,106.24,59.92,0,normal
2026-09-03 11:47:00,32.85,83.83,1.347,138.87,80.29,0,normal
2026-09-03 11:47:30,32.46,83.87,1.254,112.83,66.82,0,normal
2026-09-03 11:48:00,30.11,83.88,1.264,127.58,65.82,0,normal
2026-09-03 11:48:30,28.73,83.83,1.126,98.78,66.23,0,normal
2026-09-03 11:49:00,30.54,83.88,1.186,119.43,84.35,0,normal
2026-09-03 11:49:30,29.18,83.84,1.219,152.89,90.46,0,normal
2026-09-03 11:50:00,28.52,83.84,1.001,116.3,63.26,0,normal
2026-09-03 11:50:30,29.84,83.82,1.238,106.18,55.86,0,normal
2026-09-03 11:51:00,27.89,83.8,1.076,98.4,50.13,0,normal
2026-09-03 11:51:30,29.63,83.81,1.143,119.53,63.07,0,normal
2026-09-03 11:52:00,29.51,83.77,1.296,155.23,69.17,0,normal
2026-09-03 11:52:30,30.5,83.76,1.188,85.91,52.86,0,normal
2026-09-03 11:53:00,27.45,83.79,1.15,118.75,57.83,0,normal
2026-09-03 11:53:30,30.77,83.77,1.248,77.15,59.04,0,normal
2026-09-03 11:54:00,26.73,83.74,1.09,109.74,56.53,0,normal
2026-09-03 11:54:30,27.57,83.74,1.089,126.57,59.2,0,normal
2026-09-03 11:55:00,27.68,83.73,1.09,80.49,44.78,0,normal
2026-09-03 11:55:30,26.32,83.72,1.133,108.88,79.01,0,normal
2026-09-03 11:56:00,31.54,83.7,1.32,127.26,65.12,0,normal
2026-09-03 11:56:30,26.58,83.71,1.037,123.28,68.37,0,normal
2026-09-03 11:57:00,27.25,83.72,1.033,128.47,71.18,0,normal
2026-09-03 11:57:30,32.14,83.7,1.248,95.64,48.38,0,normal
2026-09-03 11:58:00,27.57,83.68,1.157,127.25,65.49,0,normal
2026-09-03 11:58:30,28.53,83.68,1.208,105.0,50.94,0,normal
2026-09-03 11:59:00,26.47,83.66,1.088,137.85,69.01,0,normal
2026-09-03 11:59:30,31.08,83.67,1.143,62.23,45.71,0,normal
