timestamp,score,pred_normal,truth_incident
2026-09-01 00:06:00,9.6175,1,0
2026-09-01 00:06:30,7.8661,1,0
2026-09-01 00:07:00,13.8752,1,0
2026-09-01 00:07:30,13.2899,1,0
2026-09-01 00:08:00,3.1911,1,0
2026-09-01 00:08:30,11.002,1,0
2026-09-01 00:09:00,6.1072,1,0
2026-09-01 00:09:30,4.8418,1,0
2026-09-01 00:10:00,6.9593,1,0
2026-09-01 00:10:30,4.6405,1,0
2026-09-01 00:11:00,8.1689,1,0
2026-09-01 00:11:30,2.8012,1,0
2026-09-01 00:12:00,6.9439,1,0
2026-09-01 00:12:30,3.7802,1,0
2026-09-01 00:13:00,3.3894,1,0
2026-09-01 00:13:30,2.0323,1,0
2026-09-01 00:14:00,6.4507,1,0
2026-09-01 00:14:30,-0.2937,0,0
2026-09-01 00:15:00,9.0327,1,0
2026-09-01 00:15:30,12.5929,1,0
2026-09-01 00:16:00,10.7995,1,0
2026-09-01 00:16:30,10.997,1,0
2026-09-01 00:17:00,4.1141,1,0
2026-09-01 00:17:30,5.7553,1,0
2026-09-01 00:18:00,15.2012,1,0
2026-09-01 00:18:30,14.8064,1,0
2026-09-01 00:19:00,16.562,1,0
2026-09-01 00:19:30,13.6921,1,0
2026-09-01 00:20:00,14.2089,1,0
2026-09-01 00:20:30,17.7202,1,0
2026-09-01 00:21:00,-1.2887,0,0
2026-09-01 00:21:30,10.9276,1,0
2026-09-01 00:22:00,11.9947,1,0
2026-09-01 00:22:30,8.6162,1,0
2026-09-01 00:23:00,13.5639,1,0
2026-09-01 00:23:30,10.9557,1,0
2026-09-01 00:24:00,11.1102,1,0
2026-09-01 00:24:30,11.4306,1,0
2026-09-01 00:25:00,4.9417,1,0
2026-09-01 00:25:30,5.9122,1,0
2026-09-01 00:26:00,5.1692,1,0
2026-09-01 00:26:30,4.6764,1,0
2026-09-01 00:27:00,6.5037,1,0
2026-09-01 00:27:30,6.8825,1,0
2026-09-01 00:28:00,9.0477,1,0
2026-09-01 00:28:30,1.825,1,0
2026-09-01 00:29:00,5.7858,1,0
2026-09-01 00:29:30,8.6828,1,0
2026-09-01 00:30:00,-1.0544,0,0
2026-09-01 00:30:30,9.2034,1,0
2026-09-01 00:31:00,7.4157,1,0
2026-09-01 00:31:30,9.9833,1,0
2026-09-01 00:32:00,4.7534,1,0
2026-09-01 00:32:30,10.2709,1,0
2026-09-01 00:33:00,12.6631,1,0
2026-09-01 00:33:30,11.959,1,0
2026-09-01 00:34:00,13.0873,1,0
2026-09-01 00:34:30,10.701,1,0
2026-09-01 00:35:00,11.5313,1,0
2026-09-01 00:35:30,2.9538,1,0
2026-09-01 00:36:00,-0.4112,0,0
2026-09-01 00:36:30,1.7536,1,0
2026-09-01 00:37:00,5.2582,1,0
2026-09-01 00:37:30,8.1745,1,0
2026-09-01 00:38:00,5.5574,1,0
2026-09-01 00:38:30,4.5925,1,0
2026-09-01 00:39:00,6.8162,1,0
2026-09-01 00:39:30,4.943,1,0
2026-09-01 00:40:00,1.2825,1,0
2026-09-01 00:40:30,4.9041,1,0
2026-09-01 00:41:00,2.112,1,0
2026-09-01 00:41:30,3.0045,1,0
2026-09-01 00:42:00,0.6937,1,0
2026-09-01 00:42:30,1.6772,1,0
2026-09-01 00:43:00,0.3586,1,0
2026-09-01 00:43:30,-3.5861,0,0
2026-09-01 00:44:00,-1.6479,0,0
2026-09-01 00:44:30,-0.354,0,0
2026-09-01 00:45:00,5.2231,1,0
2026-09-01 00:45:30,7.5745,1,0
2026-09-01 00:46:00,3.7453,1,0
2026-09-01 00:46:30,3.3866,1,0
2026-09-01 00:47:00,7.0625,1,0
2026-09-01 00:47:30,8.3909,1,0
2026-09-01 00:48:00,8.5735,1,0
2026-09-01 00:48:30,6.4606,1,0
2026-09-01 00:49:00,4.6498,1,0
2026-09-01 00:49:30,2.7873,1,0
2026-09-01 00:50:00,-0.0001,0,0
2026-09-01 00:50:30,-1.9814,0,0
2026-09-01 00:51:00,-0.7482,0,0
2026-09-01 00:51:30,-1.0729,0,0
2026-09-01 00:52:00,-0.4779,0,0
2026-09-01 00:52:30,-0.5688,0,0
2026-09-01 00:53:00,0.5013,1,0
2026-09-01 00:53:30,3.418,1,0
2026-09-01 00:54:00,0.8385,1,0
2026-09-01 00:54:30,9.5834,1,0
2026-09-01 00:55:00,10.2731,1,0
2026-09-01 00:55:30,11.7463,1,0
2026-09-01 00:56:00,7.6017,1,0
2026-09-01 00:56:30,2.1493,1,0
2026-09-01 00:57:00,8.3786,1,0
2026-09-01 00:57:30,7.0053,1,0
2026-09-01 00:58:00,4.5014,1,0
2026-09-01 00:58:30,6.8372,1,0
2026-09-01 00:59:00,1.1257,1,0
2026-09-01 00:59:30,9.4097,1,0
2026-09-01 01:00:00,7.4526,1,0
2026-09-01 01:00:30,2.1747,1,0
2026-09-01 01:01:00,9.1226,1,0
2026-09-01 01:01:30,6.7795,1,0
2026-09-01 01:02:00,11.0711,1,0
2026-09-01 01:02:30,6.734,1,0
2026-09-01 01:03:00,12.4982,1,0
2026-09-01 01:03:30,20.2153,1,0
2026-09-01 01:04:00,17.8815,1,0
2026-09-01 01:04:30,16.116,1,0
2026-09-01 01:05:00,15.1454,1,0
2026-09-01 01:05:30,10.2497,1,0
2026-09-01 01:06:00,2.182,1,0
2026-09-01 01:06:30,0.9673,1,0
2026-09-01 01:07:00,-0.0001,0,0
2026-09-01 01:07:30,-2.0792,0,0
2026-09-01 01:08:00,-2.1652,0,0
2026-09-01 01:08:30,0.7094,1,0
2026-09-01 01:09:00,2.7255,1,0
2026-09-01 01:09:30,-10.8512,0,0
2026-09-01 01:10:00,3.8801,1,0
2026-09-01 01:10:30,11.1478,1,0
2026-09-01 01:11:00,3.8121,1,0
2026-09-01 01:11:30,9.8522,1,0
2026-09-01 01:12:00,6.6922,1,0
2026-09-01 01:12:30,9.6604,1,0
2026-09-01 01:13:00,11.3273,1,0
2026-09-01 01:13:30,13.0222,1,0
2026-09-01 01:14:00,9.1462,1,0
2026-09-01 01:14:30,8.0126,1,0
2026-09-01 01:15:00,5.0832,1,0
2026-09-01 01:15:30,0.448,1,0
2026-09-01 01:16:00,8.2117,1,0
2026-09-01 01:16:30,11.4354,1,0
2026-09-01 01:17:00,1.4847,1,0
2026-09-01 01:17:30,9.0485,1,0
2026-09-01 01:18:00,13.8255,1,0
2026-09-01 01:18:30,10.0245,1,0
2026-09-01 01:19:00,18.3411,1,0
2026-09-01 01:19:30,15.9386,1,0
2026-09-01 01:20:00,12.299,1,0
2026-09-01 01:20:30,12.7786,1,0
2026-09-01 01:21:00,8.096,1,0
2026-09-01 01:21:30,13.072,1,0
2026-09-01 01:22:00,5.6227,1,0
2026-09-01 01:22:30,12.8505,1,0
2026-09-01 01:23:00,8.6966,1,0
2026-09-01 01:23:30,10.4176,1,0
2026-09-01 01:24:00,6.1132,1,0
2026-09-01 01:24:30,9.6756,1,0
2026-09-01 01:25:00,9.5948,1,0
2026-09-01 01:25:30,10.5176,1,0
2026-09-01 01:26:00,3.8942,1,0
2026-09-01 01:26:30,11.4047,1,0
2026-09-01 01:27:00,-0.2479,0,0
2026-09-01 01:27:30,5.1219,1,0
2026-09-01 01:28:00,10.3795,1,0
2026-09-01 01:28:30,9.6516,1,0
2026-09-01 01:29:00,3.5527,1,0
2026-09-01 01:29:30,3.6233,1,0
2026-09-01 01:30:00,-0.2313,0,0
2026-09-01 01:30:30,-1.085,0,0
2026-09-01 01:31:00,-2.7555,0,0
2026-09-01 01:31:30,3.2897,1,0
2026-09-01 01:32:00,-1.0544,0,0
2026-09-01 01:32:30,5.9395,1,0
2026-09-01 01:33:00,10.2035,1,0
2026-09-01 01:33:30,15.6539,1,0
2026-09-01 01:34:00,3.6489,1,0
2026-09-01 01:34:30,7.5314,1,0
2026-09-01 01:35:00,2.2994,1,0
2026-09-01 01:35:30,13.8801,1,0
2026-09-01 01:36:00,11.0857,1,0
2026-09-01 01:36:30,14.7177,1,0
2026-09-01 01:37:00,18.9878,1,0
2026-09-01 01:37:30,13.284,1,0
2026-09-01 01:38:00,14.755,1,0
2026-09-01 01:38:30,12.2501,1,0
2026-09-01 01:39:00,14.3871,1,0
2026-09-01 01:39:30,12.1441,1,0
2026-09-01 01:40:00,9.9166,1,0
2026-09-01 01:40:30,12.4759,1,0
2026-09-01 01:41:00,4.4734,1,0
2026-09-01 01:41:30,5.8936,1,0
2026-09-01 01:42:00,10.0738,1,0
2026-09-01 01:42:30,12.384,1,0
2026-09-01 01:43:00,12.7531,1,0
2026-09-01 01:43:30,15.5099,1,0
2026-09-01 01:44:00,13.2757,1,0
2026-09-01 01:44:30,12.9148,1,0
2026-09-01 01:45:00,11.2225,1,0
2026-09-01 01:45:30,12.7697,1,0
2026-09-01 01:46:00,9.0856,1,0
2026-09-01 01:46:30,2.1899,1,0
2026-09-01 01:47:00,-0.3863,0,0
2026-09-01 01:47:30,-2.7421,0,0
2026-09-01 01:48:00,-7.5117,0,0
2026-09-01 01:48:30,1.9661,1,0
2026-09-01 01:49:00,8.7406,1,0
2026-09-01 01:49:30,5.2454,1,0
2026-09-01 01:50:00,11.9146,1,0
2026-09-01 01:50:30,7.8147,1,0
2026-09-01 01:51:00,9.4415,1,0
2026-09-01 01:51:30,12.3014,1,0
2026-09-01 01:52:00,12.6471,1,0
2026-09-01 01:52:30,5.2677,1,0
2026-09-01 01:53:00,1.4236,1,0
2026-09-01 01:53:30,11.7525,1,0
2026-09-01 01:54:00,6.3754,1,0
2026-09-01 01:54:30,2.6054,1,0
2026-09-01 01:55:00,6.5939,1,0
2026-09-01 01:55:30,10.2443,1,0
2026-09-01 01:56:00,15.7973,1,0
2026-09-01 01:56:30,15.9121,1,0
2026-09-01 01:57:00,19.4339,1,0
2026-09-01 01:57:30,20.9574,1,0
2026-09-01 01:58:00,8.7397,1,0
2026-09-01 01:58:30,11.4611,1,0
2026-09-01 01:59:00,1.2772,1,0
2026-09-01 01:59:30,7.1636,1,0
2026-09-01 02:00:00,11.0249,1,0
2026-09-01 02:00:30,8.3556,1,0
2026-09-01 02:01:00,2.6874,1,0
2026-09-01 02:01:30,7.9486,1,0
2026-09-01 02:02:00,4.1552,1,0
2026-09-01 02:02:30,-1.8657,0,0
2026-09-01 02:03:00,0.1683,1,0
2026-09-01 02:03:30,0.9353,1,0
2026-09-01 02:04:00,-13.3262,0,0
2026-09-01 02:04:30,5.8799,1,0
2026-09-01 02:05:00,8.178,1,0
2026-09-01 02:05:30,8.896,1,0
2026-09-01 02:06:00,4.9674,1,0
2026-09-01 02:06:30,7.6831,1,0
2026-09-01 02:07:00,4.9791,1,0
2026-09-01 02:07:30,9.1905,1,0
2026-09-01 02:08:00,16.3071,1,0
2026-09-01 02:08:30,20.045,1,0
2026-09-01 02:09:00,17.5033,1,0
2026-09-01 02:09:30,9.9502,1,0
2026-09-01 02:10:00,5.9199,1,0
2026-09-01 02:10:30,9.1622,1,0
2026-09-01 02:11:00,10.564,1,0
2026-09-01 02:11:30,10.1849,1,0
2026-09-01 02:12:00,4.1413,1,0
2026-09-01 02:12:30,2.3582,1,0
2026-09-01 02:13:00,-2.4415,0,0
2026-09-01 02:13:30,-0.0003,0,0
2026-09-01 02:14:00,-1.9478,0,0
2026-09-01 02:14:30,1.526,1,0
2026-09-01 02:15:00,2.8116,1,0
2026-09-01 02:15:30,-2.2748,0,0
2026-09-01 02:16:00,0.1259,1,0
2026-09-01 02:16:30,0.7978,1,0
2026-09-01 02:17:00,12.2983,1,0
2026-09-01 02:17:30,14.2959,1,0
2026-09-01 02:18:00,11.8078,1,0
2026-09-01 02:18:30,12.2104,1,0
2026-09-01 02:19:00,14.6887,1,0
2026-09-01 02:19:30,18.6617,1,0
2026-09-01 02:20:00,17.6095,1,0
2026-09-01 02:20:30,13.9667,1,0
2026-09-01 02:21:00,14.461,1,0
2026-09-01 02:21:30,13.5407,1,0
2026-09-01 02:22:00,15.7132,1,0
2026-09-01 02:22:30,7.3685,1,0
2026-09-01 02:23:00,4.1565,1,0
2026-09-01 02:23:30,10.8558,1,0
2026-09-01 02:24:00,10.3996,1,0
2026-09-01 02:24:30,6.3048,1,0
2026-09-01 02:25:00,7.9933,1,0
2026-09-01 02:25:30,10.6728,1,0
2026-09-01 02:26:00,11.9879,1,0
2026-09-01 02:26:30,11.911,1,0
2026-09-01 02:27:00,8.8578,1,0
2026-09-01 02:27:30,8.7027,1,0
2026-09-01 02:28:00,8.1651,1,0
2026-09-01 02:28:30,11.1617,1,0
2026-09-01 02:29:00,3.6628,1,0
2026-09-01 02:29:30,4.6997,1,0
2026-09-01 02:30:00,4.7062,1,0
2026-09-01 02:30:30,4.9767,1,0
2026-09-01 02:31:00,5.6763,1,0
2026-09-01 02:31:30,9.5727,1,0
2026-09-01 02:32:00,7.9963,1,0
2026-09-01 02:32:30,10.0965,1,0
2026-09-01 02:33:00,13.8825,1,0
2026-09-01 02:33:30,7.4054,1,0
2026-09-01 02:34:00,8.9816,1,0
2026-09-01 02:34:30,0.4125,1,0
2026-09-01 02:35:00,4.326,1,0
2026-09-01 02:35:30,14.4344,1,0
2026-09-01 02:36:00,15.8626,1,0
2026-09-01 02:36:30,13.461,1,0
2026-09-01 02:37:00,24.0339,1,0
2026-09-01 02:37:30,24.3632,1,0
2026-09-01 02:38:00,19.3156,1,0
2026-09-01 02:38:30,16.7135,1,0
2026-09-01 02:39:00,11.6645,1,0
2026-09-01 02:39:30,10.8885,1,0
2026-09-01 02:40:00,16.8141,1,0
2026-09-01 02:40:30,18.9795,1,0
2026-09-01 02:41:00,22.307,1,0
2026-09-01 02:41:30,23.4358,1,0
2026-09-01 02:42:00,24.4053,1,0
2026-09-01 02:42:30,20.7222,1,0
2026-09-01 02:43:00,15.6419,1,0
2026-09-01 02:43:30,23.1276,1,0
2026-09-01 02:44:00,21.5102,1,0
2026-09-01 02:44:30,17.8028,1,0
2026-09-01 02:45:00,23.862,1,0
2026-09-01 02:45:30,18.9692,1,0
2026-09-01 02:46:00,16.8968,1,0
2026-09-01 02:46:30,13.5431,1,0
2026-09-01 02:47:00,17.9077,1,0
2026-09-01 02:47:30,14.5507,1,0
2026-09-01 02:48:00,8.1407,1,0
2026-09-01 02:48:30,12.7212,1,0
2026-09-01 02:49:00,5.5154,1,0
2026-09-01 02:49:30,16.1463,1,0
2026-09-01 02:50:00,19.5596,1,0
2026-09-01 02:50:30,10.7757,1,0
2026-09-01 02:51:00,17.4009,1,0
2026-09-01 02:51:30,17.6392,1,0
2026-09-01 02:52:00,13.6176,1,0
2026-09-01 02:52:30,12.9148,1,0
2026-09-01 02:53:00,15.7807,1,0
2026-09-01 02:53:30,13.2915,1,0
2026-09-01 02:54:00,14.0387,1,0
2026-09-01 02:54:30,12.5464,1,0
2026-09-01 02:55:00,14.1685,1,0
2026-09-01 02:55:30,15.2867,1,0
2026-09-01 02:56:00,13.8877,1,0
2026-09-01 02:56:30,15.9965,1,0
2026-09-01 02:57:00,15.8833,1,0
2026-09-01 02:57:30,17.9124,1,0
2026-09-01 02:58:00,6.9574,1,0
2026-09-01 02:58:30,0.5248,1,0
2026-09-01 02:59:00,7.5888,1,0
2026-09-01 02:59:30,6.44,1,0
2026-09-01 03:00:00,0.6754,1,0
2026-09-01 03:00:30,2.9877,1,0
2026-09-01 03:01:00,5.7246,1,0
2026-09-01 03:01:30,6.0243,1,0
2026-09-01 03:02:00,6.9912,1,0
2026-09-01 03:02:30,10.9809,1,0
2026-09-01 03:03:00,10.5768,1,0
2026-09-01 03:03:30,12.0112,1,0
2026-09-01 03:04:00,14.8982,1,0
2026-09-01 03:04:30,15.3648,1,0
2026-09-01 03:05:00,10.8209,1,0
2026-09-01 03:05:30,12.5422,1,0
2026-09-01 03:06:00,12.629,1,0
2026-09-01 03:06:30,12.698,1,0
2026-09-01 03:07:00,10.4029,1,0
2026-09-01 03:07:30,3.6315,1,0
2026-09-01 03:08:00,12.7723,1,0
2026-09-01 03:08:30,3.234,1,0
2026-09-01 03:09:00,8.0468,1,0
2026-09-01 03:09:30,13.7515,1,0
2026-09-01 03:10:00,17.3573,1,0
2026-09-01 03:10:30,20.5233,1,0
2026-09-01 03:11:00,11.5357,1,0
2026-09-01 03:11:30,10.5016,1,0
2026-09-01 03:12:00,6.1349,1,0
2026-09-01 03:12:30,10.9879,1,0
2026-09-01 03:13:00,10.8994,1,0
2026-09-01 03:13:30,13.5398,1,0
2026-09-01 03:14:00,16.7132,1,0
2026-09-01 03:14:30,13.0592,1,0
2026-09-01 03:15:00,-0.52,0,0
2026-09-01 03:15:30,10.1448,1,0
2026-09-01 03:16:00,12.2292,1,0
2026-09-01 03:16:30,13.0244,1,0
2026-09-01 03:17:00,7.7283,1,0
2026-09-01 03:17:30,13.217,1,0
2026-09-01 03:18:00,8.2094,1,0
2026-09-01 03:18:30,14.3925,1,0
2026-09-01 03:19:00,6.7579,1,0
2026-09-01 03:19:30,16.0728,1,0
2026-09-01 03:20:00,15.9315,1,0
2026-09-01 03:20:30,14.844,1,0
2026-09-01 03:21:00,-2.3865,0,0
2026-09-01 03:21:30,7.2032,1,0
2026-09-01 03:22:00,6.7031,1,0
2026-09-01 03:22:30,7.4546,1,0
2026-09-01 03:23:00,0.0413,1,0
2026-09-01 03:23:30,1.8974,1,0
2026-09-01 03:24:00,9.8567,1,0
2026-09-01 03:24:30,12.6741,1,0
2026-09-01 03:25:00,10.3649,1,0
2026-09-01 03:25:30,12.3224,1,0
2026-09-01 03:26:00,16.0779,1,0
2026-09-01 03:26:30,10.2516,1,0
2026-09-01 03:27:00,7.5807,1,0
2026-09-01 03:27:30,10.6228,1,0
2026-09-01 03:28:00,11.5322,1,0
2026-09-01 03:28:30,6.6393,1,0
2026-09-01 03:29:00,11.1132,1,0
2026-09-01 03:29:30,6.6266,1,0
2026-09-01 03:30:00,7.4081,1,0
2026-09-01 03:30:30,20.0409,1,0
2026-09-01 03:31:00,20.3255,1,0
2026-09-01 03:31:30,19.6541,1,0
2026-09-01 03:32:00,21.0442,1,0
2026-09-01 03:32:30,20.7422,1,0
2026-09-01 03:33:00,3.6149,1,0
2026-09-01 03:33:30,15.924,1,0
2026-09-01 03:34:00,10.9128,1,0
2026-09-01 03:34:30,13.6865,1,0
2026-09-01 03:35:00,13.7966,1,0
2026-09-01 03:35:30,16.2544,1,0
2026-09-01 03:36:00,14.6226,1,0
2026-09-01 03:36:30,18.457,1,0
2026-09-01 03:37:00,15.3196,1,0
2026-09-01 03:37:30,15.0017,1,0
2026-09-01 03:38:00,22.1632,1,0
2026-09-01 03:38:30,20.4654,1,0
2026-09-01 03:39:00,18.3258,1,0
2026-09-01 03:39:30,17.302,1,0
2026-09-01 03:40:00,15.7239,1,0
2026-09-01 03:40:30,18.1686,1,0
2026-09-01 03:41:00,18.564,1,0
2026-09-01 03:41:30,16.925,1,0
2026-09-01 03:42:00,18.7325,1,0
2026-09-01 03:42:30,15.5464,1,0
2026-09-01 03:43:00,18.3664,1,0
2026-09-01 03:43:30,12.212,1,0
2026-09-01 03:44:00,8.7417,1,0
2026-09-01 03:44:30,9.0583,1,0
2026-09-01 03:45:00,20.055,1,0
2026-09-01 03:45:30,16.0481,1,0
2026-09-01 03:46:00,10.754,1,0
2026-09-01 03:46:30,10.7011,1,0
2026-09-01 03:47:00,9.3415,1,0
2026-09-01 03:47:30,13.1927,1,0
2026-09-01 03:48:00,11.4175,1,0
2026-09-01 03:48:30,7.3279,1,0
2026-09-01 03:49:00,15.5533,1,0
2026-09-01 03:49:30,13.5322,1,0
2026-09-01 03:50:00,14.8935,1,0
2026-09-01 03:50:30,14.3575,1,0
2026-09-01 03:51:00,14.9981,1,0
2026-09-01 03:51:30,8.9984,1,0
2026-09-01 03:52:00,6.3095,1,0
2026-09-01 03:52:30,9.5223,1,0
2026-09-01 03:53:00,7.9863,1,0
2026-09-01 03:53:30,1.4698,1,0
2026-09-01 03:54:00,7.9895,1,0
2026-09-01 03:54:30,11.1392,1,0
2026-09-01 03:55:00,12.7562,1,0
2026-09-01 03:55:30,13.5584,1,0
2026-09-01 03:56:00,8.6341,1,0
2026-09-01 03:56:30,11.9719,1,0
2026-09-01 03:57:00,6.5915,1,0
2026-09-01 03:57:30,12.2154,1,0
2026-09-01 03:58:00,12.6908,1,0
2026-09-01 03:58:30,20.7991,1,0
2026-09-01 03:59:00,22.0892,1,0
2026-09-01 03:59:30,21.3972,1,0
2026-09-01 04:00:00,18.8181,1,0
2026-09-01 04:00:30,12.7678,1,0
2026-09-01 04:01:00,22.0731,1,0
2026-09-01 04:01:30,22.6303,1,0
2026-09-01 04:02:00,20.5162,1,0
2026-09-01 04:02:30,14.8051,1,0
2026-09-01 04:03:00,17.388,1,0
2026-09-01 04:03:30,21.633,1,0
2026-09-01 04:04:00,20.4375,1,0
2026-09-01 04:04:30,18.7297,1,0
2026-09-01 04:05:00,16.0277,1,0
2026-09-01 04:05:30,16.2046,1,0
2026-09-01 04:06:00,14.0841,1,0
2026-09-01 04:06:30,11.3898,1,0
2026-09-01 04:07:00,8.4806,1,0
2026-09-01 04:07:30,11.7481,1,0
2026-09-01 04:08:00,12.3596,1,0
2026-09-01 04:08:30,18.5081,1,0
2026-09-01 04:09:00,17.6084,1,0
2026-09-01 04:09:30,14.9561,1,0
2026-09-01 04:10:00,12.1298,1,0
2026-09-01 04:10:30,19.8967,1,0
2026-09-01 04:11:00,15.9932,1,0
2026-09-01 04:11:30,17.7314,1,0
2026-09-01 04:12:00,5.3358,1,0
2026-09-01 04:12:30,11.0589,1,0
2026-09-01 04:13:00,-7.5868,0,0
2026-09-01 04:13:30,0.4097,1,0
2026-09-01 04:14:00,2.3788,1,0
2026-09-01 04:14:30,0.687,1,0
2026-09-01 04:15:00,3.4135,1,0
2026-09-01 04:15:30,0.93,1,0
2026-09-01 04:16:00,2.5933,1,0
2026-09-01 04:16:30,0.5677,1,0
2026-09-01 04:17:00,0.4154,1,0
2026-09-01 04:17:30,0.1339,1,0
2026-09-01 04:18:00,-1.5119,0,0
2026-09-01 04:18:30,14.9958,1,0
2026-09-01 04:19:00,7.77,1,0
2026-09-01 04:19:30,12.6338,1,0
2026-09-01 04:20:00,14.8801,1,0
2026-09-01 04:20:30,18.8526,1,0
2026-09-01 04:21:00,9.7077,1,0
2026-09-01 04:21:30,21.5469,1,0
2026-09-01 04:22:00,19.2605,1,0
2026-09-01 04:22:30,22.8618,1,0
2026-09-01 04:23:00,23.6442,1,0
2026-09-01 04:23:30,22.8096,1,0
2026-09-01 04:24:00,19.9046,1,0
2026-09-01 04:24:30,15.1394,1,0
2026-09-01 04:25:00,19.3856,1,0
2026-09-01 04:25:30,12.4042,1,0
2026-09-01 04:26:00,14.0238,1,0
2026-09-01 04:26:30,16.4859,1,0
2026-09-01 04:27:00,10.9142,1,0
2026-09-01 04:27:30,18.4266,1,0
2026-09-01 04:28:00,12.6592,1,0
2026-09-01 04:28:30,18.9777,1,0
2026-09-01 04:29:00,7.1975,1,0
2026-09-01 04:29:30,17.1724,1,0
2026-09-01 04:30:00,10.1951,1,0
2026-09-01 04:30:30,10.0268,1,0
2026-09-01 04:31:00,14.8312,1,0
2026-09-01 04:31:30,15.2315,1,0
2026-09-01 04:32:00,19.6281,1,0
2026-09-01 04:32:30,16.8158,1,0
2026-09-01 04:33:00,13.5654,1,0
2026-09-01 04:33:30,16.7297,1,0
2026-09-01 04:34:00,15.9405,1,0
2026-09-01 04:34:30,13.4705,1,0
2026-09-01 04:35:00,1.4416,1,0
2026-09-01 04:35:30,9.4803,1,0
2026-09-01 04:36:00,-1.6031,0,0
2026-09-01 04:36:30,1.9098,1,0
2026-09-01 04:37:00,15.7014,1,0
2026-09-01 04:37:30,13.9343,1,0
2026-09-01 04:38:00,16.351,1,0
2026-09-01 04:38:30,20.3675,1,0
2026-09-01 04:39:00,18.2588,1,0
2026-09-01 04:39:30,15.5852,1,0
2026-09-01 04:40:00,16.7139,1,0
2026-09-01 04:40:30,18.1036,1,0
2026-09-01 04:41:00,2.3514,1,0
2026-09-01 04:41:30,18.764,1,0
2026-09-01 04:42:00,11.9722,1,0
2026-09-01 04:42:30,7.079,1,0
2026-09-01 04:43:00,6.6641,1,0
2026-09-01 04:43:30,9.1433,1,0
2026-09-01 04:44:00,4.3164,1,0
2026-09-01 04:44:30,4.5776,1,0
2026-09-01 04:45:00,3.0633,1,0
2026-09-01 04:45:30,1.4784,1,0
2026-09-01 04:46:00,2.7965,1,0
2026-09-01 04:46:30,1.3326,1,0
2026-09-01 04:47:00,-2.9865,0,0
2026-09-01 04:47:30,5.8112,1,0
2026-09-01 04:48:00,11.8202,1,0
2026-09-01 04:48:30,13.7028,1,0
2026-09-01 04:49:00,15.024,1,0
2026-09-01 04:49:30,11.7042,1,0
2026-09-01 04:50:00,6.1258,1,0
2026-09-01 04:50:30,7.7867,1,0
2026-09-01 04:51:00,12.4372,1,0
2026-09-01 04:51:30,14.8817,1,0
2026-09-01 04:52:00,13.0198,1,0
2026-09-01 04:52:30,4.8037,1,0
2026-09-01 04:53:00,12.931,1,0
2026-09-01 04:53:30,12.5466,1,0
2026-09-01 04:54:00,15.7267,1,0
2026-09-01 04:54:30,16.7653,1,0
2026-09-01 04:55:00,9.9076,1,0
2026-09-01 04:55:30,16.8616,1,0
2026-09-01 04:56:00,1.0684,1,0
2026-09-01 04:56:30,16.7253,1,0
2026-09-01 04:57:00,20.3641,1,0
2026-09-01 04:57:30,21.9225,1,0
2026-09-01 04:58:00,6.86,1,0
2026-09-01 04:58:30,20.9224,1,0
2026-09-01 04:59:00,22.0836,1,0
2026-09-01 04:59:30,18.4344,1,0
2026-09-01 05:00:00,19.704,1,0
2026-09-01 05:00:30,16.0824,1,0
2026-09-01 05:01:00,8.7797,1,0
2026-09-01 05:01:30,19.0169,1,0
2026-09-01 05:02:00,13.1621,1,0
2026-09-01 05:02:30,11.8003,1,0
2026-09-01 05:03:00,7.1666,1,0
2026-09-01 05:03:30,15.5137,1,0
2026-09-01 05:04:00,5.9668,1,0
2026-09-01 05:04:30,7.0453,1,0
2026-09-01 05:05:00,19.1257,1,0
2026-09-01 05:05:30,13.767,1,0
2026-09-01 05:06:00,17.2266,1,0
2026-09-01 05:06:30,17.1745,1,0
2026-09-01 05:07:00,8.2334,1,0
2026-09-01 05:07:30,19.7128,1,0
2026-09-01 05:08:00,19.958,1,0
2026-09-01 05:08:30,22.6043,1,0
2026-09-01 05:09:00,22.495,1,0
2026-09-01 05:09:30,25.4117,1,0
2026-09-01 05:10:00,22.4708,1,0
2026-09-01 05:10:30,8.7437,1,0
2026-09-01 05:11:00,11.0837,1,0
2026-09-01 05:11:30,13.423,1,0
2026-09-01 05:12:00,12.253,1,0
2026-09-01 05:12:30,13.2067,1,0
2026-09-01 05:13:00,16.4226,1,0
2026-09-01 05:13:30,5.5708,1,0
2026-09-01 05:14:00,10.4798,1,0
2026-09-01 05:14:30,11.7704,1,0
2026-09-01 05:15:00,10.5768,1,0
2026-09-01 05:15:30,7.3924,1,0
2026-09-01 05:16:00,7.7296,1,0
2026-09-01 05:16:30,-0.3755,0,0
2026-09-01 05:17:00,1.5924,1,0
2026-09-01 05:17:30,-2.319,0,0
2026-09-01 05:18:00,4.0892,1,0
2026-09-01 05:18:30,4.4618,1,0
2026-09-01 05:19:00,3.8037,1,0
2026-09-01 05:19:30,7.9215,1,0
2026-09-01 05:20:00,11.5686,1,0
2026-09-01 05:20:30,11.6721,1,0
2026-09-01 05:21:00,18.7536,1,0
2026-09-01 05:21:30,14.1634,1,0
2026-09-01 05:22:00,20.768,1,0
2026-09-01 05:22:30,13.1099,1,0
2026-09-01 05:23:00,18.7062,1,0
2026-09-01 05:23:30,18.0946,1,0
2026-09-01 05:24:00,17.5147,1,0
2026-09-01 05:24:30,19.2977,1,0
2026-09-01 05:25:00,20.6754,1,0
2026-09-01 05:25:30,25.0921,1,0
2026-09-01 05:26:00,11.5769,1,0
2026-09-01 05:26:30,21.0377,1,0
2026-09-01 05:27:00,18.6618,1,0
2026-09-01 05:27:30,24.1575,1,0
2026-09-01 05:28:00,24.526,1,0
2026-09-01 05:28:30,26.5619,1,0
2026-09-01 05:29:00,25.2168,1,0
2026-09-01 05:29:30,19.1809,1,0
2026-09-01 05:30:00,20.0647,1,0
2026-09-01 05:30:30,20.7958,1,0
2026-09-01 05:31:00,11.2348,1,0
2026-09-01 05:31:30,21.5093,1,0
2026-09-01 05:32:00,12.3878,1,0
2026-09-01 05:32:30,19.1554,1,0
2026-09-01 05:33:00,16.0625,1,0
2026-09-01 05:33:30,20.6385,1,0
2026-09-01 05:34:00,23.9171,1,0
2026-09-01 05:34:30,15.1848,1,0
2026-09-01 05:35:00,24.5911,1,0
2026-09-01 05:35:30,19.7203,1,0
2026-09-01 05:36:00,14.3055,1,0
2026-09-01 05:36:30,12.889,1,0
2026-09-01 05:37:00,11.1755,1,0
2026-09-01 05:37:30,19.8505,1,0
2026-09-01 05:38:00,7.8984,1,0
2026-09-01 05:38:30,9.9989,1,0
2026-09-01 05:39:00,9.3595,1,0
2026-09-01 05:39:30,6.8845,1,0
2026-09-01 05:40:00,6.54,1,0
2026-09-01 05:40:30,4.9211,1,0
2026-09-01 05:41:00,12.2272,1,0
2026-09-01 05:41:30,15.4577,1,0
2026-09-01 05:42:00,18.8667,1,0
2026-09-01 05:42:30,17.5863,1,0
2026-09-01 05:43:00,14.3418,1,0
2026-09-01 05:43:30,17.1754,1,0
2026-09-01 05:44:00,6.0029,1,0
2026-09-01 05:44:30,19.7399,1,0
2026-09-01 05:45:00,19.051,1,0
2026-09-01 05:45:30,20.6454,1,0
2026-09-01 05:46:00,21.3669,1,0
2026-09-01 05:46:30,16.1573,1,0
2026-09-01 05:47:00,18.9569,1,0
2026-09-01 05:47:30,23.1565,1,0
2026-09-01 05:48:00,13.9184,1,0
2026-09-01 05:48:30,19.5449,1,0
2026-09-01 05:49:00,7.5881,1,0
2026-09-01 05:49:30,13.4634,1,0
2026-09-01 05:50:00,8.6137,1,0
2026-09-01 05:50:30,14.8143,1,0
2026-09-01 05:51:00,13.907,1,0
2026-09-01 05:51:30,18.888,1,0
2026-09-01 05:52:00,21.6812,1,0
2026-09-01 05:52:30,15.6915,1,0
2026-09-01 05:53:00,26.7269,1,0
2026-09-01 05:53:30,22.607,1,0
2026-09-01 05:54:00,16.6686,1,0
2026-09-01 05:54:30,19.9668,1,0
2026-09-01 05:55:00,24.2383,1,0
2026-09-01 05:55:30,23.0128,1,0
2026-09-01 05:56:00,15.2562,1,0
2026-09-01 05:56:30,16.9151,1,0
2026-09-01 05:57:00,13.5597,1,0
2026-09-01 05:57:30,9.4988,1,0
2026-09-01 05:58:00,5.0471,1,0
2026-09-01 05:58:30,0.1969,1,0
2026-09-01 05:59:00,10.0057,1,0
2026-09-01 05:59:30,12.8588,1,0
2026-09-01 06:00:00,18.0602,1,0
2026-09-01 06:00:30,21.8884,1,0
2026-09-01 06:01:00,22.217,1,0
2026-09-01 06:01:30,19.8867,1,0
2026-09-01 06:02:00,22.3564,1,0
2026-09-01 06:02:30,19.7697,1,0
2026-09-01 06:03:00,23.9267,1,0
2026-09-01 06:03:30,18.7015,1,0
2026-09-01 06:04:00,23.0082,1,0
2026-09-01 06:04:30,18.7891,1,0
2026-09-01 06:05:00,21.4797,1,0
2026-09-01 06:05:30,14.4725,1,0
2026-09-01 06:06:00,19.8188,1,0
2026-09-01 06:06:30,13.5935,1,0
2026-09-01 06:07:00,11.7916,1,0
2026-09-01 06:07:30,15.5997,1,0
2026-09-01 06:08:00,4.5352,1,0
2026-09-01 06:08:30,14.003,1,0
2026-09-01 06:09:00,11.7924,1,0
2026-09-01 06:09:30,4.8764,1,0
2026-09-01 06:10:00,13.3616,1,0
2026-09-01 06:10:30,9.4379,1,0
2026-09-01 06:11:00,21.2871,1,0
2026-09-01 06:11:30,15.8426,1,0
2026-09-01 06:12:00,21.5043,1,0
2026-09-01 06:12:30,20.1086,1,0
2026-09-01 06:13:00,17.1767,1,0
2026-09-01 06:13:30,18.408,1,0
2026-09-01 06:14:00,15.0821,1,0
2026-09-01 06:14:30,15.1136,1,0
2026-09-01 06:15:00,15.26,1,0
2026-09-01 06:15:30,9.1119,1,0
2026-09-01 06:16:00,15.4474,1,0
2026-09-01 06:16:30,18.0589,1,0
2026-09-01 06:17:00,14.0945,1,0
2026-09-01 06:17:30,12.3344,1,0
2026-09-01 06:18:00,21.7824,1,0
2026-09-01 06:18:30,15.3139,1,0
2026-09-01 06:19:00,19.3199,1,0
2026-09-01 06:19:30,20.2199,1,0
2026-09-01 06:20:00,15.6284,1,0
2026-09-01 06:20:30,20.7099,1,0
2026-09-01 06:21:00,17.4388,1,0
2026-09-01 06:21:30,21.8959,1,0
2026-09-01 06:22:00,21.8483,1,0
2026-09-01 06:22:30,6.3722,1,0
2026-09-01 06:23:00,21.0852,1,0
2026-09-01 06:23:30,18.9092,1,0
2026-09-01 06:24:00,23.9346,1,0
2026-09-01 06:24:30,19.4548,1,0
2026-09-01 06:25:00,20.6028,1,0
2026-09-01 06:25:30,20.7013,1,0
2026-09-01 06:26:00,16.3306,1,0
2026-09-01 06:26:30,14.3482,1,0
2026-09-01 06:27:00,16.7036,1,0
2026-09-01 06:27:30,20.5569,1,0
2026-09-01 06:28:00,17.8629,1,0
2026-09-01 06:28:30,13.2901,1,0
2026-09-01 06:29:00,15.63,1,0
2026-09-01 06:29:30,15.265,1,0
2026-09-01 06:30:00,16.6007,1,0
2026-09-01 06:30:30,16.5808,1,0
2026-09-01 06:31:00,19.1515,1,0
2026-09-01 06:31:30,23.2888,1,0
2026-09-01 06:32:00,20.6199,1,0
2026-09-01 06:32:30,16.7742,1,0
2026-09-01 06:33:00,13.2351,1,0
2026-09-01 06:33:30,3.7693,1,0
2026-09-01 06:34:00,12.1928,1,0
2026-09-01 06:34:30,13.0367,1,0
2026-09-01 06:35:00,8.5973,1,0
2026-09-01 06:35:30,9.3303,1,0
2026-09-01 06:36:00,18.2107,1,0
2026-09-01 06:36:30,18.8446,1,0
2026-09-01 06:37:00,2.977,1,0
2026-09-01 06:37:30,12.3858,1,0
2026-09-01 06:38:00,11.8116,1,0
2026-09-01 06:38:30,11.3557,1,0
2026-09-01 06:39:00,11.3638,1,0
2026-09-01 06:39:30,15.6949,1,0
2026-09-01 06:40:00,15.0302,1,0
2026-09-01 06:40:30,12.6536,1,0
2026-09-01 06:41:00,13.6137,1,0
2026-09-01 06:41:30,9.4872,1,0
2026-09-01 06:42:00,16.4374,1,0
2026-09-01 06:42:30,19.3859,1,0
2026-09-01 06:43:00,11.3126,1,0
2026-09-01 06:43:30,14.6154,1,0
2026-09-01 06:44:00,14.4937,1,0
2026-09-01 06:44:30,17.4763,1,0
2026-09-01 06:45:00,19.8174,1,0
2026-09-01 06:45:30,19.9788,1,0
2026-09-01 06:46:00,14.3209,1,0
2026-09-01 06:46:30,16.9916,1,0
2026-09-01 06:47:00,12.6345,1,0
2026-09-01 06:47:30,17.3008,1,0
2026-09-01 06:48:00,16.1471,1,0
2026-09-01 06:48:30,13.3584,1,0
2026-09-01 06:49:00,15.9082,1,0
2026-09-01 06:49:30,8.4211,1,0
2026-09-01 06:50:00,11.2974,1,0
2026-09-01 06:50:30,18.8003,1,0
2026-09-01 06:51:00,20.2319,1,0
2026-09-01 06:51:30,20.5255,1,0
2026-09-01 06:52:00,12.9896,1,0
2026-09-01 06:52:30,24.8557,1,0
2026-09-01 06:53:00,20.4298,1,0
2026-09-01 06:53:30,20.7656,1,0
2026-09-01 06:54:00,11.0953,1,0
2026-09-01 06:54:30,7.1192,1,0
2026-09-01 06:55:00,19.6511,1,0
2026-09-01 06:55:30,8.1677,1,0
2026-09-01 06:56:00,18.0874,1,0
2026-09-01 06:56:30,13.9393,1,0
2026-09-01 06:57:00,16.7815,1,0
2026-09-01 06:57:30,19.2641,1,0
2026-09-01 06:58:00,15.8775,1,0
2026-09-01 06:58:30,11.9732,1,0
2026-09-01 06:59:00,12.3852,1,0
2026-09-01 06:59:30,12.8386,1,0
2026-09-01 07:00:00,11.3585,1,0
2026-09-01 07:00:30,8.1841,1,0
2026-09-01 07:01:00,12.3079,1,0
2026-09-01 07:01:30,13.5758,1,0
2026-09-01 07:02:00,14.1811,1,0
2026-09-01 07:02:30,17.0463,1,0
2026-09-01 07:03:00,-2.8195,0,0
2026-09-01 07:03:30,9.4888,1,0
2026-09-01 07:04:00,15.6481,1,0
2026-09-01 07:04:30,18.0445,1,0
2026-09-01 07:05:00,14.9345,1,0
2026-09-01 07:05:30,19.3659,1,0
2026-09-01 07:06:00,18.5758,1,0
2026-09-01 07:06:30,22.0111,1,0
2026-09-01 07:07:00,19.9299,1,0
2026-09-01 07:07:30,21.9273,1,0
2026-09-01 07:08:00,19.7026,1,0
2026-09-01 07:08:30,18.3509,1,0
2026-09-01 07:09:00,-10.2727,0,0
2026-09-01 07:09:30,9.3645,1,0
2026-09-01 07:10:00,15.6324,1,0
2026-09-01 07:10:30,15.3679,1,0
2026-09-01 07:11:00,19.5321,1,0
2026-09-01 07:11:30,20.1784,1,0
2026-09-01 07:12:00,16.6319,1,0
2026-09-01 07:12:30,21.7006,1,0
2026-09-01 07:13:00,17.341,1,0
2026-09-01 07:13:30,23.1431,1,0
2026-09-01 07:14:00,21.6615,1,0
2026-09-01 07:14:30,17.4906,1,0
2026-09-01 07:15:00,6.5531,1,0
2026-09-01 07:15:30,14.3539,1,0
2026-09-01 07:16:00,15.1438,1,0
2026-09-01 07:16:30,15.4993,1,0
2026-09-01 07:17:00,17.6359,1,0
2026-09-01 07:17:30,20.2737,1,0
2026-09-01 07:18:00,23.9845,1,0
2026-09-01 07:18:30,20.4019,1,0
2026-09-01 07:19:00,13.5661,1,0
2026-09-01 07:19:30,2.3944,1,0
2026-09-01 07:20:00,8.6598,1,0
2026-09-01 07:20:30,17.0713,1,0
2026-09-01 07:21:00,19.0811,1,0
2026-09-01 07:21:30,22.8155,1,0
2026-09-01 07:22:00,10.5384,1,0
2026-09-01 07:22:30,19.3473,1,0
2026-09-01 07:23:00,11.7507,1,0
2026-09-01 07:23:30,19.0191,1,0
2026-09-01 07:24:00,13.6625,1,0
2026-09-01 07:24:30,17.8484,1,0
2026-09-01 07:25:00,18.5638,1,0
2026-09-01 07:25:30,18.1335,1,0
2026-09-01 07:26:00,10.6766,1,0
2026-09-01 07:26:30,4.3673,1,0
2026-09-01 07:27:00,6.7557,1,0
2026-09-01 07:27:30,-3.6733,0,0
2026-09-01 07:28:00,-0.7603,0,0
2026-09-01 07:28:30,14.1739,1,0
2026-09-01 07:29:00,14.775,1,0
2026-09-01 07:29:30,18.8062,1,0
2026-09-01 07:30:00,-2.6278,0,1
2026-09-01 07:30:30,-16.7841,0,1
2026-09-01 07:31:00,-36.964,0,1
2026-09-01 07:31:30,-36.9642,0,1
2026-09-01 07:32:00,-36.9642,0,1
2026-09-01 07:32:30,-36.9642,0,1
2026-09-01 07:33:00,-36.9642,0,1
2026-09-01 07:33:30,-36.9642,0,1
2026-09-01 07:34:00,-36.9642,0,1
2026-09-01 07:34:30,-36.9642,0,1
2026-09-01 07:35:00,-36.9642,0,1
2026-09-01 07:35:30,-36.9642,0,1
2026-09-01 07:36:00,-36.9642,0,1
2026-09-01 07:36:30,-36.9642,0,1
2026-09-01 07:37:00,-36.9642,0,1
2026-09-01 07:37:30,-36.9642,0,1
2026-09-01 07:38:00,-36.9642,0,1
2026-09-01 07:38:30,-36.9642,0,1
2026-09-01 07:39:00,-36.9642,0,1
2026-09-01 07:39:30,-36.9642,0,1
2026-09-01 07:40:00,-36.9642,0,1
2026-09-01 07:40:30,-36.9642,0,1
2026-09-01 07:41:00,-36.9642,0,1
2026-09-01 07:41:30,-36.9642,0,1
2026-09-01 07:42:00,-36.9642,0,1
2026-09-01 07:42:30,-36.9642,0,1
2026-09-01 07:43:00,-36.9642,0,1
2026-09-01 07:43:30,-36.9642,0,1
2026-09-01 07:44:00,-36.9642,0,1
2026-09-01 07:44:30,-36.9642,0,1
2026-09-01 07:45:00,-36.9642,0,1
2026-09-01 07:45:30,-36.9642,0,1
2026-09-01 07:46:00,-36.9642,0,1
2026-09-01 07:46:30,-36.9642,0,1
2026-09-01 07:47:00,-36.9642,0,1
2026-09-01 07:47:30,-36.9642,0,1
2026-09-01 07:48:00,-36.9642,0,1
2026-09-01 07:48:30,-36.9642,0,1
2026-09-01 07:49:00,-36.9642,0,1
2026-09-01 07:49:30,-36.9631,0,1
2026-09-01 07:50:00,-35.962,0,0
2026-09-01 07:50:30,-35.9639,0,0
2026-09-01 07:51:00,-35.865,0,0
2026-09-01 07:51:30,-35.8375,0,0
2026-09-01 07:52:00,-35.8204,0,0
2026-09-01 07:52:30,-35.85,0,0
2026-09-01 07:53:00,-35.9641,0,0
2026-09-01 07:53:30,-35.8937,0,0
2026-09-01 07:54:00,-35.8332,0,0
2026-09-01 07:54:30,-35.8318,0,0
2026-09-01 07:55:00,-18.3772,0,0
2026-09-01 07:55:30,11.0645,1,0
2026-09-01 07:56:00,7.9688,1,0
2026-09-01 07:56:30,4.7141,1,0
2026-09-01 07:57:00,11.3811,1,0
2026-09-01 07:57:30,9.915,1,0
2026-09-01 07:58:00,8.9832,1,0
2026-09-01 07:58:30,0.0,1,0
2026-09-01 07:59:00,3.1513,1,0
2026-09-01 07:59:30,-1.6496,0,0
2026-09-01 08:00:00,1.612,1,0
2026-09-01 08:00:30,6.0613,1,0
2026-09-01 08:01:00,16.4588,1,0
2026-09-01 08:01:30,18.2916,1,0
2026-09-01 08:02:00,19.7428,1,0
2026-09-01 08:02:30,17.889,1,0
2026-09-01 08:03:00,19.4233,1,0
2026-09-01 08:03:30,16.4885,1,0
2026-09-01 08:04:00,13.0836,1,0
2026-09-01 08:04:30,10.2414,1,0
2026-09-01 08:05:00,17.7393,1,0
2026-09-01 08:05:30,17.7485,1,0
2026-09-01 08:06:00,6.2301,1,0
2026-09-01 08:06:30,10.9985,1,0
2026-09-01 08:07:00,6.6876,1,0
2026-09-01 08:07:30,8.3853,1,0
2026-09-01 08:08:00,8.8891,1,0
2026-09-01 08:08:30,5.8389,1,0
2026-09-01 08:09:00,9.4919,1,0
2026-09-01 08:09:30,10.1166,1,0
2026-09-01 08:10:00,10.4908,1,0
2026-09-01 08:10:30,8.7805,1,0
2026-09-01 08:11:00,13.605,1,0
2026-09-01 08:11:30,13.6682,1,0
2026-09-01 08:12:00,15.3706,1,0
2026-09-01 08:12:30,16.8065,1,0
2026-09-01 08:13:00,13.3077,1,0
2026-09-01 08:13:30,15.0209,1,0
2026-09-01 08:14:00,12.2072,1,0
2026-09-01 08:14:30,15.7649,1,0
2026-09-01 08:15:00,11.0056,1,0
2026-09-01 08:15:30,21.5312,1,0
2026-09-01 08:16:00,14.8569,1,0
2026-09-01 08:16:30,3.2368,1,0
2026-09-01 08:17:00,15.4054,1,0
2026-09-01 08:17:30,18.1392,1,0
2026-09-01 08:18:00,13.5332,1,0
2026-09-01 08:18:30,12.5839,1,0
2026-09-01 08:19:00,11.7961,1,0
2026-09-01 08:19:30,3.9723,1,0
2026-09-01 08:20:00,7.7253,1,0
2026-09-01 08:20:30,9.9932,1,0
2026-09-01 08:21:00,9.6629,1,0
2026-09-01 08:21:30,5.4583,1,0
2026-09-01 08:22:00,6.092,1,0
2026-09-01 08:22:30,0.8532,1,0
2026-09-01 08:23:00,1.5065,1,0
2026-09-01 08:23:30,2.4195,1,0
2026-09-01 08:24:00,-0.225,0,0
2026-09-01 08:24:30,3.1585,1,0
2026-09-01 08:25:00,5.4153,1,0
2026-09-01 08:25:30,-2.8343,0,0
2026-09-01 08:26:00,7.5479,1,0
2026-09-01 08:26:30,12.096,1,0
2026-09-01 08:27:00,15.479,1,0
2026-09-01 08:27:30,14.3558,1,0
2026-09-01 08:28:00,18.0251,1,0
2026-09-01 08:28:30,17.5859,1,0
2026-09-01 08:29:00,20.6157,1,0
2026-09-01 08:29:30,20.2784,1,0
2026-09-01 08:30:00,20.7183,1,0
2026-09-01 08:30:30,20.9766,1,0
2026-09-01 08:31:00,17.8672,1,0
2026-09-01 08:31:30,20.3979,1,0
2026-09-01 08:32:00,18.4271,1,0
2026-09-01 08:32:30,18.3345,1,0
2026-09-01 08:33:00,20.8857,1,0
2026-09-01 08:33:30,19.6236,1,0
2026-09-01 08:34:00,20.1901,1,0
2026-09-01 08:34:30,15.752,1,0
2026-09-01 08:35:00,17.7039,1,0
2026-09-01 08:35:30,14.8302,1,0
2026-09-01 08:36:00,19.9227,1,0
2026-09-01 08:36:30,19.2049,1,0
2026-09-01 08:37:00,9.5954,1,0
2026-09-01 08:37:30,16.3399,1,0
2026-09-01 08:38:00,6.1912,1,0
2026-09-01 08:38:30,15.7299,1,0
2026-09-01 08:39:00,-6.1776,0,0
2026-09-01 08:39:30,4.3568,1,0
2026-09-01 08:40:00,6.9451,1,0
2026-09-01 08:40:30,7.798,1,0
2026-09-01 08:41:00,8.5888,1,0
2026-09-01 08:41:30,9.452,1,0
2026-09-01 08:42:00,10.1451,1,0
2026-09-01 08:42:30,10.2378,1,0
2026-09-01 08:43:00,10.8118,1,0
2026-09-01 08:43:30,14.1704,1,0
2026-09-01 08:44:00,7.6209,1,0
2026-09-01 08:44:30,13.2362,1,0
2026-09-01 08:45:00,14.435,1,0
2026-09-01 08:45:30,13.5906,1,0
2026-09-01 08:46:00,12.236,1,0
2026-09-01 08:46:30,12.6936,1,0
2026-09-01 08:47:00,4.4724,1,0
2026-09-01 08:47:30,7.4728,1,0
2026-09-01 08:48:00,8.8682,1,0
2026-09-01 08:48:30,10.5462,1,0
2026-09-01 08:49:00,16.3158,1,0
2026-09-01 08:49:30,12.7697,1,0
2026-09-01 08:50:00,11.5817,1,0
2026-09-01 08:50:30,8.1012,1,0
2026-09-01 08:51:00,11.3799,1,0
2026-09-01 08:51:30,10.5128,1,0
2026-09-01 08:52:00,5.7209,1,0
2026-09-01 08:52:30,4.0436,1,0
2026-09-01 08:53:00,11.2952,1,0
2026-09-01 08:53:30,12.5704,1,0
2026-09-01 08:54:00,7.7532,1,0
2026-09-01 08:54:30,10.2112,1,0
2026-09-01 08:55:00,12.0632,1,0
2026-09-01 08:55:30,12.0074,1,0
2026-09-01 08:56:00,6.8236,1,0
2026-09-01 08:56:30,3.5022,1,0
2026-09-01 08:57:00,12.7516,1,0
2026-09-01 08:57:30,9.043,1,0
2026-09-01 08:58:00,10.8719,1,0
2026-09-01 08:58:30,1.7627,1,0
2026-09-01 08:59:00,13.6992,1,0
2026-09-01 08:59:30,10.6888,1,0
2026-09-01 09:00:00,6.0477,1,0
2026-09-01 09:00:30,11.5171,1,0
2026-09-01 09:01:00,11.9557,1,0
2026-09-01 09:01:30,6.2033,1,0
2026-09-01 09:02:00,6.7222,1,0
2026-09-01 09:02:30,12.5279,1,0
2026-09-01 09:03:00,8.7607,1,0
2026-09-01 09:03:30,8.6991,1,0
2026-09-01 09:04:00,12.5161,1,0
2026-09-01 09:04:30,1.8711,1,0
2026-09-01 09:05:00,11.9478,1,0
2026-09-01 09:05:30,11.0802,1,0
2026-09-01 09:06:00,12.8606,1,0
2026-09-01 09:06:30,15.2539,1,0
2026-09-01 09:07:00,12.2235,1,0
2026-09-01 09:07:30,18.088,1,0
2026-09-01 09:08:00,17.519,1,0
2026-09-01 09:08:30,19.0716,1,0
2026-09-01 09:09:00,6.5355,1,0
2026-09-01 09:09:30,-1.8796,0,0
2026-09-01 09:10:00,5.702,1,0
2026-09-01 09:10:30,6.5646,1,0
2026-09-01 09:11:00,2.4536,1,0
2026-09-01 09:11:30,-0.4936,0,0
2026-09-01 09:12:00,3.4773,1,0
2026-09-01 09:12:30,0.6562,1,0
2026-09-01 09:13:00,6.2214,1,0
2026-09-01 09:13:30,-1.5178,0,0
2026-09-01 09:14:00,5.0203,1,0
2026-09-01 09:14:30,3.2389,1,0
2026-09-01 09:15:00,5.0129,1,0
2026-09-01 09:15:30,4.9209,1,0
2026-09-01 09:16:00,-1.2311,0,0
2026-09-01 09:16:30,12.4828,1,0
2026-09-01 09:17:00,11.2375,1,0
2026-09-01 09:17:30,9.728,1,0
2026-09-01 09:18:00,8.9254,1,0
2026-09-01 09:18:30,7.1386,1,0
2026-09-01 09:19:00,6.7824,1,0
2026-09-01 09:19:30,4.0858,1,0
2026-09-01 09:20:00,14.88,1,0
2026-09-01 09:20:30,7.8627,1,0
2026-09-01 09:21:00,7.22,1,0
2026-09-01 09:21:30,14.098,1,0
2026-09-01 09:22:00,11.5251,1,0
2026-09-01 09:22:30,11.5655,1,0
2026-09-01 09:23:00,11.2422,1,0
2026-09-01 09:23:30,16.417,1,0
2026-09-01 09:24:00,16.4035,1,0
2026-09-01 09:24:30,-1.778,0,0
2026-09-01 09:25:00,1.8345,1,0
2026-09-01 09:25:30,5.4915,1,0
2026-09-01 09:26:00,12.1414,1,0
2026-09-01 09:26:30,11.3077,1,0
2026-09-01 09:27:00,3.3699,1,0
2026-09-01 09:27:30,0.0001,1,0
2026-09-01 09:28:00,-3.5277,0,0
2026-09-01 09:28:30,-4.037,0,0
2026-09-01 09:29:00,-6.0582,0,0
2026-09-01 09:29:30,-0.9867,0,0
2026-09-01 09:30:00,-10.721,0,0
2026-09-01 09:30:30,-4.0088,0,0
2026-09-01 09:31:00,4.8216,1,0
2026-09-01 09:31:30,10.9282,1,0
2026-09-01 09:32:00,16.0169,1,0
2026-09-01 09:32:30,15.8306,1,0
2026-09-01 09:33:00,18.7498,1,0
2026-09-01 09:33:30,21.2734,1,0
2026-09-01 09:34:00,21.9872,1,0
2026-09-01 09:34:30,18.0347,1,0
2026-09-01 09:35:00,11.2423,1,0
2026-09-01 09:35:30,13.1123,1,0
2026-09-01 09:36:00,11.7114,1,0
2026-09-01 09:36:30,3.427,1,0
2026-09-01 09:37:00,-6.293,0,0
2026-09-01 09:37:30,-9.5504,0,0
2026-09-01 09:38:00,-11.4343,0,0
2026-09-01 09:38:30,-4.8968,0,0
2026-09-01 09:39:00,1.2618,1,0
2026-09-01 09:39:30,11.0361,1,0
2026-09-01 09:40:00,11.9216,1,0
2026-09-01 09:40:30,16.0914,1,0
2026-09-01 09:41:00,20.0381,1,0
2026-09-01 09:41:30,2.9251,1,0
2026-09-01 09:42:00,20.1255,1,0
2026-09-01 09:42:30,25.3467,1,0
2026-09-01 09:43:00,15.9044,1,0
2026-09-01 09:43:30,6.2274,1,0
2026-09-01 09:44:00,6.0811,1,0
2026-09-01 09:44:30,5.494,1,0
2026-09-01 09:45:00,10.8457,1,0
2026-09-01 09:45:30,10.3514,1,0
2026-09-01 09:46:00,9.4945,1,0
2026-09-01 09:46:30,8.9989,1,0
2026-09-01 09:47:00,12.5591,1,0
2026-09-01 09:47:30,10.8454,1,0
2026-09-01 09:48:00,14.8729,1,0
2026-09-01 09:48:30,13.1795,1,0
2026-09-01 09:49:00,13.4962,1,0
2026-09-01 09:49:30,13.1435,1,0
2026-09-01 09:50:00,13.7662,1,0
2026-09-01 09:50:30,13.2394,1,0
2026-09-01 09:51:00,17.6995,1,0
2026-09-01 09:51:30,7.6084,1,0
2026-09-01 09:52:00,13.0777,1,0
2026-09-01 09:52:30,14.6811,1,0
2026-09-01 09:53:00,13.7528,1,0
2026-09-01 09:53:30,12.1533,1,0
2026-09-01 09:54:00,13.269,1,0
2026-09-01 09:54:30,14.8126,1,0
2026-09-01 09:55:00,13.0212,1,0
2026-09-01 09:55:30,20.5095,1,0
2026-09-01 09:56:00,16.5434,1,0
2026-09-01 09:56:30,15.5927,1,0
2026-09-01 09:57:00,11.867,1,0
2026-09-01 09:57:30,15.1344,1,0
2026-09-01 09:58:00,17.3427,1,0
2026-09-01 09:58:30,16.975,1,0
2026-09-01 09:59:00,12.6376,1,0
2026-09-01 09:59:30,12.077,1,0
2026-09-01 10:00:00,12.3046,1,0
2026-09-01 10:00:30,14.4889,1,0
2026-09-01 10:01:00,12.0198,1,0
2026-09-01 10:01:30,11.5701,1,0
2026-09-01 10:02:00,11.6134,1,0
2026-09-01 10:02:30,12.379,1,0
2026-09-01 10:03:00,11.6711,1,0
2026-09-01 10:03:30,1.373,1,0
2026-09-01 10:04:00,3.9726,1,0
2026-09-01 10:04:30,15.6982,1,0
2026-09-01 10:05:00,14.977,1,0
2026-09-01 10:05:30,15.0929,1,0
2026-09-01 10:06:00,12.4968,1,0
2026-09-01 10:06:30,12.9774,1,0
2026-09-01 10:07:00,0.1332,1,0
2026-09-01 10:07:30,8.6362,1,0
2026-09-01 10:08:00,9.9351,1,0
2026-09-01 10:08:30,8.0911,1,0
2026-09-01 10:09:00,12.756,1,0
2026-09-01 10:09:30,0.5989,1,0
2026-09-01 10:10:00,10.8619,1,0
2026-09-01 10:10:30,12.426,1,0
2026-09-01 10:11:00,12.3205,1,0
2026-09-01 10:11:30,11.7826,1,0
2026-09-01 10:12:00,12.8878,1,0
2026-09-01 10:12:30,12.0066,1,0
2026-09-01 10:13:00,0.0003,1,0
2026-09-01 10:13:30,12.5092,1,0
2026-09-01 10:14:00,2.4323,1,0
2026-09-01 10:14:30,-3.5935,0,0
2026-09-01 10:15:00,3.7978,1,0
2026-09-01 10:15:30,0.8988,1,0
2026-09-01 10:16:00,12.163,1,0
2026-09-01 10:16:30,9.793,1,0
2026-09-01 10:17:00,10.8681,1,0
2026-09-01 10:17:30,9.5203,1,0
2026-09-01 10:18:00,6.8774,1,0
2026-09-01 10:18:30,14.1072,1,0
2026-09-01 10:19:00,11.2123,1,0
2026-09-01 10:19:30,9.0939,1,0
2026-09-01 10:20:00,11.6121,1,0
2026-09-01 10:20:30,11.4451,1,0
2026-09-01 10:21:00,12.5023,1,0
2026-09-01 10:21:30,14.8534,1,0
2026-09-01 10:22:00,9.3096,1,0
2026-09-01 10:22:30,11.7564,1,0
2026-09-01 10:23:00,10.1295,1,0
2026-09-01 10:23:30,6.2266,1,0
2026-09-01 10:24:00,10.9336,1,0
2026-09-01 10:24:30,2.3828,1,0
2026-09-01 10:25:00,2.2175,1,0
2026-09-01 10:25:30,5.0238,1,0
2026-09-01 10:26:00,1.3307,1,0
2026-09-01 10:26:30,11.1574,1,0
2026-09-01 10:27:00,14.2477,1,0
2026-09-01 10:27:30,19.2285,1,0
2026-09-01 10:28:00,18.6185,1,0
2026-09-01 10:28:30,12.9724,1,0
2026-09-01 10:29:00,13.9078,1,0
2026-09-01 10:29:30,15.1988,1,0
2026-09-01 10:30:00,5.4524,1,0
2026-09-01 10:30:30,2.5211,1,0
2026-09-01 10:31:00,8.8067,1,0
2026-09-01 10:31:30,5.3054,1,0
2026-09-01 10:32:00,8.3829,1,0
2026-09-01 10:32:30,10.4175,1,0
2026-09-01 10:33:00,11.3961,1,0
2026-09-01 10:33:30,6.4917,1,0
2026-09-01 10:34:00,7.8435,1,0
2026-09-01 10:34:30,3.9009,1,0
2026-09-01 10:35:00,4.2784,1,0
2026-09-01 10:35:30,-2.8537,0,0
2026-09-01 10:36:00,-3.8769,0,0
2026-09-01 10:36:30,3.8288,1,0
2026-09-01 10:37:00,2.8955,1,0
2026-09-01 10:37:30,6.9738,1,0
2026-09-01 10:38:00,6.6888,1,0
2026-09-01 10:38:30,10.796,1,0
2026-09-01 10:39:00,10.4734,1,0
2026-09-01 10:39:30,4.5414,1,0
2026-09-01 10:40:00,11.1976,1,0
2026-09-01 10:40:30,5.9095,1,0
2026-09-01 10:41:00,1.8706,1,0
2026-09-01 10:41:30,8.7941,1,0
2026-09-01 10:42:00,11.6952,1,0
2026-09-01 10:42:30,16.0696,1,0
2026-09-01 10:43:00,18.1118,1,0
2026-09-01 10:43:30,16.4596,1,0
2026-09-01 10:44:00,7.0992,1,0
2026-09-01 10:44:30,14.8692,1,0
2026-09-01 10:45:00,11.7621,1,0
2026-09-01 10:45:30,7.8755,1,0
2026-09-01 10:46:00,6.9682,1,0
2026-09-01 10:46:30,14.4529,1,0
2026-09-01 10:47:00,8.9547,1,0
2026-09-01 10:47:30,13.0812,1,0
2026-09-01 10:48:00,14.7854,1,0
2026-09-01 10:48:30,14.2245,1,0
2026-09-01 10:49:00,11.7996,1,0
2026-09-01 10:49:30,4.4955,1,0
2026-09-01 10:50:00,4.574,1,0
2026-09-01 10:50:30,-3.8616,0,0
2026-09-01 10:51:00,14.0672,1,0
2026-09-01 10:51:30,20.5623,1,0
2026-09-01 10:52:00,25.3559,1,0
2026-09-01 10:52:30,25.1022,1,0
2026-09-01 10:53:00,24.0387,1,0
2026-09-01 10:53:30,26.0199,1,0
2026-09-01 10:54:00,25.1291,1,0
2026-09-01 10:54:30,23.5031,1,0
2026-09-01 10:55:00,20.4965,1,0
2026-09-01 10:55:30,4.7964,1,0
2026-09-01 10:56:00,9.0422,1,0
2026-09-01 10:56:30,-2.5604,0,0
2026-09-01 10:57:00,13.3871,1,0
2026-09-01 10:57:30,7.9457,1,0
2026-09-01 10:58:00,2.4618,1,0
2026-09-01 10:58:30,-4.0781,0,0
2026-09-01 10:59:00,6.8267,1,0
2026-09-01 10:59:30,11.1501,1,0
2026-09-01 11:00:00,10.9474,1,0
2026-09-01 11:00:30,12.9738,1,0
2026-09-01 11:01:00,13.8082,1,0
2026-09-01 11:01:30,5.9257,1,0
2026-09-01 11:02:00,18.9296,1,0
2026-09-01 11:02:30,18.0048,1,0
2026-09-01 11:03:00,11.1164,1,0
2026-09-01 11:03:30,5.8762,1,0
2026-09-01 11:04:00,17.6472,1,0
2026-09-01 11:04:30,17.473,1,0
2026-09-01 11:05:00,19.8217,1,0
2026-09-01 11:05:30,11.3122,1,0
2026-09-01 11:06:00,15.1605,1,0
2026-09-01 11:06:30,5.642,1,0
2026-09-01 11:07:00,11.3181,1,0
2026-09-01 11:07:30,3.1679,1,0
2026-09-01 11:08:00,4.2709,1,0
2026-09-01 11:08:30,9.9185,1,0
2026-09-01 11:09:00,-0.898,0,0
2026-09-01 11:09:30,6.0583,1,0
2026-09-01 11:10:00,2.158,1,0
2026-09-01 11:10:30,6.926,1,0
2026-09-01 11:11:00,5.3346,1,0
2026-09-01 11:11:30,9.4318,1,0
2026-09-01 11:12:00,3.9099,1,0
2026-09-01 11:12:30,-0.3961,0,0
2026-09-01 11:13:00,11.3959,1,0
2026-09-01 11:13:30,3.417,1,0
2026-09-01 11:14:00,7.6944,1,0
2026-09-01 11:14:30,8.9812,1,0
2026-09-01 11:15:00,5.6629,1,0
2026-09-01 11:15:30,12.9089,1,0
2026-09-01 11:16:00,9.7241,1,0
2026-09-01 11:16:30,7.151,1,0
2026-09-01 11:17:00,4.0358,1,0
2026-09-01 11:17:30,8.3661,1,0
2026-09-01 11:18:00,10.7027,1,0
2026-09-01 11:18:30,1.583,1,0
2026-09-01 11:19:00,12.9892,1,0
2026-09-01 11:19:30,15.0451,1,0
2026-09-01 11:20:00,10.0895,1,0
2026-09-01 11:20:30,12.8152,1,0
2026-09-01 11:21:00,14.8282,1,0
2026-09-01 11:21:30,16.014,1,0
2026-09-01 11:22:00,7.4603,1,0
2026-09-01 11:22:30,8.5344,1,0
2026-09-01 11:23:00,4.5243,1,0
2026-09-01 11:23:30,13.4243,1,0
2026-09-01 11:24:00,11.2037,1,0
2026-09-01 11:24:30,13.0664,1,0
2026-09-01 11:25:00,15.2244,1,0
2026-09-01 11:25:30,16.6701,1,0
2026-09-01 11:26:00,15.4434,1,0
2026-09-01 11:26:30,2.3683,1,0
2026-09-01 11:27:00,0.6883,1,0
2026-09-01 11:27:30,2.2258,1,0
2026-09-01 11:28:00,1.6059,1,0
2026-09-01 11:28:30,3.5266,1,0
2026-09-01 11:29:00,5.2143,1,0
2026-09-01 11:29:30,9.7269,1,0
2026-09-01 11:30:00,8.3244,1,0
2026-09-01 11:30:30,0.0001,1,0
2026-09-01 11:31:00,10.6148,1,0
2026-09-01 11:31:30,8.6927,1,0
2026-09-01 11:32:00,5.6961,1,0
2026-09-01 11:32:30,10.5971,1,0
2026-09-01 11:33:00,9.4004,1,0
2026-09-01 11:33:30,11.3171,1,0
2026-09-01 11:34:00,13.9218,1,0
2026-09-01 11:34:30,14.8545,1,0
2026-09-01 11:35:00,11.5786,1,0
2026-09-01 11:35:30,8.6597,1,0
2026-09-01 11:36:00,11.6072,1,0
2026-09-01 11:36:30,6.0635,1,0
2026-09-01 11:37:00,17.3769,1,0
2026-09-01 11:37:30,13.5234,1,0
2026-09-01 11:38:00,13.9496,1,0
2026-09-01 11:38:30,18.5583,1,0
2026-09-01 11:39:00,17.8977,1,0
2026-09-01 11:39:30,14.0541,1,0
2026-09-01 11:40:00,5.9446,1,0
2026-09-01 11:40:30,8.6765,1,0
2026-09-01 11:41:00,7.671,1,0
2026-09-01 11:41:30,2.2728,1,0
2026-09-01 11:42:00,11.4458,1,0
2026-09-01 11:42:30,11.6959,1,0
2026-09-01 11:43:00,10.1943,1,0
2026-09-01 11:43:30,5.9965,1,0
2026-09-01 11:44:00,11.8195,1,0
2026-09-01 11:44:30,10.3355,1,0
2026-09-01 11:45:00,10.3734,1,0
2026-09-01 11:45:30,-4.1435,0,0
2026-09-01 11:46:00,6.8465,1,0
2026-09-01 11:46:30,8.4035,1,0
2026-09-01 11:47:00,6.7128,1,0
2026-09-01 11:47:30,11.964,1,0
2026-09-01 11:48:00,4.2026,1,0
2026-09-01 11:48:30,12.036,1,0
2026-09-01 11:49:00,0.8228,1,0
2026-09-01 11:49:30,10.9245,1,0
2026-09-01 11:50:00,13.3956,1,0
2026-09-01 11:50:30,14.7507,1,0
2026-09-01 11:51:00,13.5399,1,0
2026-09-01 11:51:30,12.1591,1,0
2026-09-01 11:52:00,10.0146,1,0
2026-09-01 11:52:30,8.6194,1,0
2026-09-01 11:53:00,12.9389,1,0
2026-09-01 11:53:30,7.6228,1,0
2026-09-01 11:54:00,4.2784,1,0
2026-09-01 11:54:30,7.4517,1,0
2026-09-01 11:55:00,7.5531,1,0
2026-09-01 11:55:30,8.4452,1,0
2026-09-01 11:56:00,10.6019,1,0
2026-09-01 11:56:30,14.7684,1,0
2026-09-01 11:57:00,17.8997,1,0
2026-09-01 11:57:30,13.0324,1,0
2026-09-01 11:58:00,16.8851,1,0
2026-09-01 11:58:30,8.2805,1,0
2026-09-01 11:59:00,13.7058,1,0
2026-09-01 11:59:30,14.3137,1,0
2026-09-01 12:00:00,5.2896,1,0
2026-09-01 12:00:30,15.6513,1,0
2026-09-01 12:01:00,15.9761,1,0
2026-09-01 12:01:30,8.0176,1,0
2026-09-01 12:02:00,9.586,1,0
2026-09-01 12:02:30,10.7186,1,0
2026-09-01 12:03:00,4.7985,1,0
2026-09-01 12:03:30,-2.1848,0,0
2026-09-01 12:04:00,5.3458,1,0
2026-09-01 12:04:30,8.6998,1,0
2026-09-01 12:05:00,13.7119,1,0
2026-09-01 12:05:30,13.1284,1,0
2026-09-01 12:06:00,14.1022,1,0
2026-09-01 12:06:30,6.8308,1,0
2026-09-01 12:07:00,0.0002,1,0
2026-09-01 12:07:30,1.0402,1,0
2026-09-01 12:08:00,7.6402,1,0
2026-09-01 12:08:30,9.9792,1,0
2026-09-01 12:09:00,6.561,1,0
2026-09-01 12:09:30,6.0401,1,0
2026-09-01 12:10:00,12.3943,1,0
2026-09-01 12:10:30,14.3984,1,0
2026-09-01 12:11:00,14.7754,1,0
2026-09-01 12:11:30,11.8625,1,0
2026-09-01 12:12:00,10.7113,1,0
2026-09-01 12:12:30,6.6626,1,0
2026-09-01 12:13:00,0.0002,1,0
2026-09-01 12:13:30,10.4598,1,0
2026-09-01 12:14:00,0.0001,1,0
2026-09-01 12:14:30,13.7592,1,0
2026-09-01 12:15:00,5.97,1,0
2026-09-01 12:15:30,14.9419,1,0
2026-09-01 12:16:00,15.7164,1,0
2026-09-01 12:16:30,15.5998,1,0
2026-09-01 12:17:00,18.1412,1,0
2026-09-01 12:17:30,18.541,1,0
2026-09-01 12:18:00,15.8603,1,0
2026-09-01 12:18:30,14.926,1,0
2026-09-01 12:19:00,11.777,1,0
2026-09-01 12:19:30,7.3916,1,0
2026-09-01 12:20:00,8.4026,1,0
2026-09-01 12:20:30,12.1584,1,0
2026-09-01 12:21:00,15.8472,1,0
2026-09-01 12:21:30,16.3691,1,0
2026-09-01 12:22:00,14.6469,1,0
2026-09-01 12:22:30,14.6344,1,0
2026-09-01 12:23:00,13.8036,1,0
2026-09-01 12:23:30,16.1714,1,0
2026-09-01 12:24:00,17.4905,1,0
2026-09-01 12:24:30,16.4167,1,0
2026-09-01 12:25:00,15.4284,1,0
2026-09-01 12:25:30,8.751,1,0
2026-09-01 12:26:00,8.4771,1,0
2026-09-01 12:26:30,8.9766,1,0
2026-09-01 12:27:00,13.8115,1,0
2026-09-01 12:27:30,13.003,1,0
2026-09-01 12:28:00,14.531,1,0
2026-09-01 12:28:30,11.326,1,0
2026-09-01 12:29:00,10.3346,1,0
2026-09-01 12:29:30,15.2744,1,0
2026-09-01 12:30:00,11.8535,1,0
2026-09-01 12:30:30,11.1876,1,0
2026-09-01 12:31:00,13.954,1,0
2026-09-01 12:31:30,8.1404,1,0
2026-09-01 12:32:00,15.1551,1,0
2026-09-01 12:32:30,16.049,1,0
2026-09-01 12:33:00,15.7507,1,0
2026-09-01 12:33:30,14.6131,1,0
2026-09-01 12:34:00,11.8954,1,0
2026-09-01 12:34:30,12.4294,1,0
2026-09-01 12:35:00,10.4166,1,0
2026-09-01 12:35:30,6.9237,1,0
2026-09-01 12:36:00,10.1528,1,0
2026-09-01 12:36:30,11.0426,1,0
2026-09-01 12:37:00,-7.6479,0,0
2026-09-01 12:37:30,5.8176,1,0
2026-09-01 12:38:00,12.1389,1,0
2026-09-01 12:38:30,10.4247,1,0
2026-09-01 12:39:00,13.1059,1,0
2026-09-01 12:39:30,11.412,1,0
2026-09-01 12:40:00,7.3115,1,0
2026-09-01 12:40:30,6.357,1,0
2026-09-01 12:41:00,17.9989,1,0
2026-09-01 12:41:30,16.9543,1,0
2026-09-01 12:42:00,19.5441,1,0
2026-09-01 12:42:30,10.8257,1,0
2026-09-01 12:43:00,0.0006,1,0
2026-09-01 12:43:30,8.9658,1,0
2026-09-01 12:44:00,5.8989,1,0
2026-09-01 12:44:30,16.2955,1,0
2026-09-01 12:45:00,13.0797,1,0
2026-09-01 12:45:30,11.149,1,0
2026-09-01 12:46:00,0.8011,1,0
2026-09-01 12:46:30,8.3851,1,0
2026-09-01 12:47:00,2.9011,1,0
2026-09-01 12:47:30,6.9972,1,0
2026-09-01 12:48:00,5.6666,1,0
2026-09-01 12:48:30,2.1899,1,0
2026-09-01 12:49:00,5.9741,1,0
2026-09-01 12:49:30,5.6275,1,0
2026-09-01 12:50:00,5.4365,1,0
2026-09-01 12:50:30,6.0197,1,0
2026-09-01 12:51:00,9.9937,1,0
2026-09-01 12:51:30,7.4893,1,0
2026-09-01 12:52:00,10.7169,1,0
2026-09-01 12:52:30,11.606,1,0
2026-09-01 12:53:00,-2.9546,0,0
2026-09-01 12:53:30,16.1093,1,0
2026-09-01 12:54:00,18.5952,1,0
2026-09-01 12:54:30,5.9108,1,0
2026-09-01 12:55:00,2.3805,1,0
2026-09-01 12:55:30,0.8205,1,0
2026-09-01 12:56:00,6.9381,1,0
2026-09-01 12:56:30,9.3372,1,0
2026-09-01 12:57:00,14.5452,1,0
2026-09-01 12:57:30,12.4604,1,0
2026-09-01 12:58:00,12.1657,1,0
2026-09-01 12:58:30,13.5703,1,0
2026-09-01 12:59:00,2.3684,1,0
2026-09-01 12:59:30,9.5998,1,0
2026-09-01 13:00:00,6.6563,1,0
2026-09-01 13:00:30,7.4234,1,0
2026-09-01 13:01:00,3.2598,1,0
2026-09-01 13:01:30,12.3988,1,0
2026-09-01 13:02:00,10.6342,1,0
2026-09-01 13:02:30,15.5391,1,0
2026-09-01 13:03:00,13.8421,1,0
2026-09-01 13:03:30,10.4785,1,0
2026-09-01 13:04:00,11.8741,1,0
2026-09-01 13:04:30,6.2325,1,0
2026-09-01 13:05:00,6.3827,1,0
2026-09-01 13:05:30,6.9147,1,0
2026-09-01 13:06:00,5.6294,1,0
2026-09-01 13:06:30,5.7997,1,0
2026-09-01 13:07:00,5.8408,1,0
2026-09-01 13:07:30,19.357,1,0
2026-09-01 13:08:00,16.2411,1,0
2026-09-01 13:08:30,11.1622,1,0
2026-09-01 13:09:00,15.9751,1,0
2026-09-01 13:09:30,16.5254,1,0
2026-09-01 13:10:00,16.4324,1,0
2026-09-01 13:10:30,12.8883,1,0
2026-09-01 13:11:00,9.8061,1,0
2026-09-01 13:11:30,10.8655,1,0
2026-09-01 13:12:00,6.6645,1,0
2026-09-01 13:12:30,14.9088,1,0
2026-09-01 13:13:00,18.5547,1,0
2026-09-01 13:13:30,17.0412,1,0
2026-09-01 13:14:00,16.9365,1,0
2026-09-01 13:14:30,16.2425,1,0
2026-09-01 13:15:00,18.4624,1,0
2026-09-01 13:15:30,20.0796,1,0
2026-09-01 13:16:00,14.939,1,0
2026-09-01 13:16:30,24.0908,1,0
2026-09-01 13:17:00,21.1212,1,0
2026-09-01 13:17:30,20.737,1,0
2026-09-01 13:18:00,14.544,1,0
2026-09-01 13:18:30,12.6302,1,0
2026-09-01 13:19:00,0.266,1,0
2026-09-01 13:19:30,13.5893,1,0
2026-09-01 13:20:00,16.1926,1,0
2026-09-01 13:20:30,7.7657,1,0
2026-09-01 13:21:00,0.6992,1,0
2026-09-01 13:21:30,13.8736,1,0
2026-09-01 13:22:00,8.3595,1,0
2026-09-01 13:22:30,3.3191,1,0
2026-09-01 13:23:00,9.2314,1,0
2026-09-01 13:23:30,13.0502,1,0
2026-09-01 13:24:00,8.4301,1,0
2026-09-01 13:24:30,15.9699,1,0
2026-09-01 13:25:00,14.7569,1,0
2026-09-01 13:25:30,12.2728,1,0
2026-09-01 13:26:00,10.0935,1,0
2026-09-01 13:26:30,10.1285,1,0
2026-09-01 13:27:00,3.4326,1,0
2026-09-01 13:27:30,-0.9085,0,0
2026-09-01 13:28:00,6.4138,1,0
2026-09-01 13:28:30,9.4109,1,0
2026-09-01 13:29:00,18.0962,1,0
2026-09-01 13:29:30,18.4932,1,0
2026-09-01 13:30:00,13.6706,1,0
2026-09-01 13:30:30,15.7741,1,0
2026-09-01 13:31:00,14.1108,1,0
2026-09-01 13:31:30,10.5239,1,0
2026-09-01 13:32:00,13.1065,1,0
2026-09-01 13:32:30,6.568,1,0
2026-09-01 13:33:00,5.785,1,0
2026-09-01 13:33:30,2.3681,1,0
2026-09-01 13:34:00,6.2457,1,0
2026-09-01 13:34:30,4.13,1,0
2026-09-01 13:35:00,9.3996,1,0
2026-09-01 13:35:30,14.8815,1,0
2026-09-01 13:36:00,16.1691,1,0
2026-09-01 13:36:30,11.3511,1,0
2026-09-01 13:37:00,12.1048,1,0
2026-09-01 13:37:30,9.9868,1,0
2026-09-01 13:38:00,7.5537,1,0
2026-09-01 13:38:30,7.3525,1,0
2026-09-01 13:39:00,3.7334,1,0
2026-09-01 13:39:30,1.9049,1,0
2026-09-01 13:40:00,-2.4526,0,0
2026-09-01 13:40:30,0.4101,1,0
2026-09-01 13:41:00,1.531,1,0
2026-09-01 13:41:30,2.6905,1,0
2026-09-01 13:42:00,5.2808,1,0
2026-09-01 13:42:30,7.5704,1,0
2026-09-01 13:43:00,13.8148,1,0
2026-09-01 13:43:30,16.5015,1,0
2026-09-01 13:44:00,11.0443,1,0
2026-09-01 13:44:30,8.9897,1,0
2026-09-01 13:45:00,17.9284,1,0
2026-09-01 13:45:30,11.5835,1,0
2026-09-01 13:46:00,9.8506,1,0
2026-09-01 13:46:30,19.9375,1,0
2026-09-01 13:47:00,11.0005,1,0
2026-09-01 13:47:30,11.2779,1,0
2026-09-01 13:48:00,16.4907,1,0
2026-09-01 13:48:30,17.1149,1,0
2026-09-01 13:49:00,20.9526,1,0
2026-09-01 13:49:30,16.5927,1,0
2026-09-01 13:50:00,15.9676,1,0
2026-09-01 13:50:30,20.2106,1,0
2026-09-01 13:51:00,19.2291,1,0
2026-09-01 13:51:30,15.2452,1,0
2026-09-01 13:52:00,15.6318,1,0
2026-09-01 13:52:30,19.0156,1,0
2026-09-01 13:53:00,18.3911,1,0
2026-09-01 13:53:30,14.7138,1,0
2026-09-01 13:54:00,16.7826,1,0
2026-09-01 13:54:30,12.9028,1,0
2026-09-01 13:55:00,12.9087,1,0
2026-09-01 13:55:30,2.1223,1,0
2026-09-01 13:56:00,14.877,1,0
2026-09-01 13:56:30,13.2062,1,0
2026-09-01 13:57:00,17.3573,1,0
2026-09-01 13:57:30,0.661,1,0
2026-09-01 13:58:00,17.3994,1,0
2026-09-01 13:58:30,15.3356,1,0
2026-09-01 13:59:00,17.2692,1,0
2026-09-01 13:59:30,15.786,1,0
2026-09-01 14:00:00,16.3555,1,0
2026-09-01 14:00:30,20.6057,1,0
2026-09-01 14:01:00,16.4584,1,0
2026-09-01 14:01:30,11.8568,1,0
2026-09-01 14:02:00,20.5237,1,0
2026-09-01 14:02:30,20.927,1,0
2026-09-01 14:03:00,16.955,1,0
2026-09-01 14:03:30,14.1901,1,0
2026-09-01 14:04:00,16.1686,1,0
2026-09-01 14:04:30,17.8069,1,0
2026-09-01 14:05:00,7.1206,1,0
2026-09-01 14:05:30,18.3945,1,0
2026-09-01 14:06:00,23.1175,1,0
2026-09-01 14:06:30,20.812,1,0
2026-09-01 14:07:00,15.4354,1,0
2026-09-01 14:07:30,11.8984,1,0
2026-09-01 14:08:00,15.386,1,0
2026-09-01 14:08:30,10.15,1,0
2026-09-01 14:09:00,11.3413,1,0
2026-09-01 14:09:30,14.9799,1,0
2026-09-01 14:10:00,14.5646,1,0
2026-09-01 14:10:30,16.8731,1,0
2026-09-01 14:11:00,19.1006,1,0
2026-09-01 14:11:30,16.4453,1,0
2026-09-01 14:12:00,12.5503,1,0
2026-09-01 14:12:30,-1.2534,0,0
2026-09-01 14:13:00,5.1482,1,0
2026-09-01 14:13:30,7.6029,1,0
2026-09-01 14:14:00,1.1256,1,0
2026-09-01 14:14:30,6.7793,1,0
2026-09-01 14:15:00,12.9749,1,0
2026-09-01 14:15:30,5.2469,1,0
2026-09-01 14:16:00,3.152,1,0
2026-09-01 14:16:30,9.0837,1,0
2026-09-01 14:17:00,4.6373,1,0
2026-09-01 14:17:30,5.3066,1,0
2026-09-01 14:18:00,14.6026,1,0
2026-09-01 14:18:30,8.6206,1,0
2026-09-01 14:19:00,18.021,1,0
2026-09-01 14:19:30,12.6253,1,0
2026-09-01 14:20:00,9.7998,1,0
2026-09-01 14:20:30,11.2289,1,0
2026-09-01 14:21:00,11.1696,1,0
2026-09-01 14:21:30,3.7089,1,0
2026-09-01 14:22:00,13.2328,1,0
2026-09-01 14:22:30,8.8938,1,0
2026-09-01 14:23:00,11.306,1,0
2026-09-01 14:23:30,14.2031,1,0
2026-09-01 14:24:00,11.882,1,0
2026-09-01 14:24:30,13.9281,1,0
2026-09-01 14:25:00,15.171,1,0
2026-09-01 14:25:30,6.9043,1,0
2026-09-01 14:26:00,12.0049,1,0
2026-09-01 14:26:30,15.5245,1,0
2026-09-01 14:27:00,5.3265,1,0
2026-09-01 14:27:30,17.4192,1,0
2026-09-01 14:28:00,11.0889,1,0
2026-09-01 14:28:30,15.5675,1,0
2026-09-01 14:29:00,17.9494,1,0
2026-09-01 14:29:30,17.6663,1,0
2026-09-01 14:30:00,15.3604,1,0
2026-09-01 14:30:30,17.9137,1,0
2026-09-01 14:31:00,22.8254,1,0
2026-09-01 14:31:30,18.7712,1,0
2026-09-01 14:32:00,15.2824,1,0
2026-09-01 14:32:30,19.1703,1,0
2026-09-01 14:33:00,10.0094,1,0
2026-09-01 14:33:30,18.5095,1,0
2026-09-01 14:34:00,18.3374,1,0
2026-09-01 14:34:30,20.182,1,0
2026-09-01 14:35:00,17.5122,1,0
2026-09-01 14:35:30,15.6434,1,0
2026-09-01 14:36:00,18.9603,1,0
2026-09-01 14:36:30,4.3985,1,0
2026-09-01 14:37:00,10.6232,1,0
2026-09-01 14:37:30,8.3303,1,0
2026-09-01 14:38:00,14.8515,1,0
2026-09-01 14:38:30,6.6647,1,0
2026-09-01 14:39:00,15.472,1,0
2026-09-01 14:39:30,17.7183,1,0
2026-09-01 14:40:00,15.3958,1,0
2026-09-01 14:40:30,14.2616,1,0
2026-09-01 14:41:00,15.4912,1,0
2026-09-01 14:41:30,8.2413,1,0
2026-09-01 14:42:00,14.7102,1,0
2026-09-01 14:42:30,6.2909,1,0
2026-09-01 14:43:00,1.4611,1,0
2026-09-01 14:43:30,17.0575,1,0
2026-09-01 14:44:00,13.3497,1,0
2026-09-01 14:44:30,17.2054,1,0
2026-09-01 14:45:00,17.5317,1,0
2026-09-01 14:45:30,12.031,1,0
2026-09-01 14:46:00,12.227,1,0
2026-09-01 14:46:30,10.9029,1,0
2026-09-01 14:47:00,6.7709,1,0
2026-09-01 14:47:30,13.5207,1,0
2026-09-01 14:48:00,16.4874,1,0
2026-09-01 14:48:30,9.2188,1,0
2026-09-01 14:49:00,14.6068,1,0
2026-09-01 14:49:30,12.1462,1,0
2026-09-01 14:50:00,9.113,1,0
2026-09-01 14:50:30,7.4516,1,0
2026-09-01 14:51:00,9.407,1,0
2026-09-01 14:51:30,13.4682,1,0
2026-09-01 14:52:00,12.256,1,0
2026-09-01 14:52:30,17.6183,1,0
2026-09-01 14:53:00,21.8277,1,0
2026-09-01 14:53:30,13.4581,1,0
2026-09-01 14:54:00,5.2134,1,0
2026-09-01 14:54:30,6.4041,1,0
2026-09-01 14:55:00,11.5828,1,0
2026-09-01 14:55:30,3.5921,1,0
2026-09-01 14:56:00,1.7934,1,0
2026-09-01 14:56:30,6.1738,1,0
2026-09-01 14:57:00,7.6723,1,0
2026-09-01 14:57:30,11.6823,1,0
2026-09-01 14:58:00,10.0564,1,0
2026-09-01 14:58:30,0.2367,1,0
2026-09-01 14:59:00,11.2773,1,0
2026-09-01 14:59:30,15.4287,1,0
2026-09-01 15:00:00,15.1717,1,0
2026-09-01 15:00:30,18.0133,1,0
2026-09-01 15:01:00,10.5127,1,0
2026-09-01 15:01:30,18.1497,1,0
2026-09-01 15:02:00,19.7307,1,0
2026-09-01 15:02:30,19.7387,1,0
2026-09-01 15:03:00,12.3334,1,0
2026-09-01 15:03:30,16.8674,1,0
2026-09-01 15:04:00,18.4414,1,0
2026-09-01 15:04:30,16.0539,1,0
2026-09-01 15:05:00,9.9777,1,0
2026-09-01 15:05:30,15.7483,1,0
2026-09-01 15:06:00,20.7013,1,0
2026-09-01 15:06:30,15.6535,1,0
2026-09-01 15:07:00,3.08,1,0
2026-09-01 15:07:30,13.7716,1,0
2026-09-01 15:08:00,17.2918,1,0
2026-09-01 15:08:30,5.8119,1,0
2026-09-01 15:09:00,12.6726,1,0
2026-09-01 15:09:30,5.8751,1,0
2026-09-01 15:10:00,2.8524,1,0
2026-09-01 15:10:30,9.2572,1,0
2026-09-01 15:11:00,-7.1867,0,0
2026-09-01 15:11:30,8.4261,1,0
2026-09-01 15:12:00,13.3184,1,0
2026-09-01 15:12:30,17.9662,1,0
2026-09-01 15:13:00,12.9866,1,0
2026-09-01 15:13:30,10.5351,1,0
2026-09-01 15:14:00,10.094,1,0
2026-09-01 15:14:30,10.0471,1,0
2026-09-01 15:15:00,16.275,1,0
2026-09-01 15:15:30,11.7888,1,0
2026-09-01 15:16:00,12.4278,1,0
2026-09-01 15:16:30,7.7971,1,0
2026-09-01 15:17:00,12.411,1,0
2026-09-01 15:17:30,4.7608,1,0
2026-09-01 15:18:00,7.4709,1,0
2026-09-01 15:18:30,-3.5897,0,0
2026-09-01 15:19:00,3.0808,1,0
2026-09-01 15:19:30,1.0973,1,0
2026-09-01 15:20:00,9.8863,1,0
2026-09-01 15:20:30,3.1972,1,0
2026-09-01 15:21:00,13.2206,1,0
2026-09-01 15:21:30,13.8309,1,0
2026-09-01 15:22:00,13.2475,1,0
2026-09-01 15:22:30,8.2693,1,0
2026-09-01 15:23:00,13.8338,1,0
2026-09-01 15:23:30,15.6764,1,0
2026-09-01 15:24:00,21.8523,1,0
2026-09-01 15:24:30,14.6794,1,0
2026-09-01 15:25:00,17.2342,1,0
2026-09-01 15:25:30,21.0715,1,0
2026-09-01 15:26:00,22.9384,1,0
2026-09-01 15:26:30,20.0425,1,0
2026-09-01 15:27:00,20.9519,1,0
2026-09-01 15:27:30,17.6354,1,0
2026-09-01 15:28:00,20.3636,1,0
2026-09-01 15:28:30,5.5419,1,0
2026-09-01 15:29:00,14.0768,1,0
2026-09-01 15:29:30,12.5699,1,0
2026-09-01 15:30:00,8.8556,1,0
2026-09-01 15:30:30,11.9672,1,0
2026-09-01 15:31:00,17.336,1,0
2026-09-01 15:31:30,12.0104,1,0
2026-09-01 15:32:00,18.6292,1,0
2026-09-01 15:32:30,19.007,1,0
2026-09-01 15:33:00,18.6846,1,0
2026-09-01 15:33:30,9.7213,1,0
2026-09-01 15:34:00,18.2807,1,0
2026-09-01 15:34:30,21.0682,1,0
2026-09-01 15:35:00,18.789,1,0
2026-09-01 15:35:30,20.7089,1,0
2026-09-01 15:36:00,15.5152,1,0
2026-09-01 15:36:30,22.1569,1,0
2026-09-01 15:37:00,13.7126,1,0
2026-09-01 15:37:30,-3.5389,0,0
2026-09-01 15:38:00,10.8245,1,0
2026-09-01 15:38:30,8.1383,1,0
2026-09-01 15:39:00,6.5039,1,0
2026-09-01 15:39:30,1.107,1,0
2026-09-01 15:40:00,5.3255,1,0
2026-09-01 15:40:30,4.1537,1,0
2026-09-01 15:41:00,6.1657,1,0
2026-09-01 15:41:30,11.383,1,0
2026-09-01 15:42:00,14.66,1,0
2026-09-01 15:42:30,15.317,1,0
2026-09-01 15:43:00,16.5253,1,0
2026-09-01 15:43:30,10.2692,1,0
2026-09-01 15:44:00,12.9044,1,0
2026-09-01 15:44:30,18.0374,1,0
2026-09-01 15:45:00,17.5438,1,0
2026-09-01 15:45:30,18.751,1,0
2026-09-01 15:46:00,18.3273,1,0
2026-09-01 15:46:30,2.5377,1,0
2026-09-01 15:47:00,11.353,1,0
2026-09-01 15:47:30,3.8698,1,0
2026-09-01 15:48:00,1.591,1,0
2026-09-01 15:48:30,8.1491,1,0
2026-09-01 15:49:00,10.7365,1,0
2026-09-01 15:49:30,14.866,1,0
2026-09-01 15:50:00,19.6811,1,0
2026-09-01 15:50:30,23.031,1,0
2026-09-01 15:51:00,23.3304,1,0
2026-09-01 15:51:30,19.7448,1,0
2026-09-01 15:52:00,15.225,1,0
2026-09-01 15:52:30,11.0913,1,0
2026-09-01 15:53:00,9.9744,1,0
2026-09-01 15:53:30,13.5324,1,0
2026-09-01 15:54:00,10.2705,1,0
2026-09-01 15:54:30,15.0965,1,0
2026-09-01 15:55:00,12.9923,1,0
2026-09-01 15:55:30,13.0419,1,0
2026-09-01 15:56:00,14.3028,1,0
2026-09-01 15:56:30,-1.9836,0,0
2026-09-01 15:57:00,11.0903,1,0
2026-09-01 15:57:30,4.6813,1,0
2026-09-01 15:58:00,13.0406,1,0
2026-09-01 15:58:30,6.5589,1,0
2026-09-01 15:59:00,13.7816,1,0
2026-09-01 15:59:30,11.0482,1,0
2026-09-01 16:00:00,11.1322,1,0
2026-09-01 16:00:30,2.6518,1,0
2026-09-01 16:01:00,-4.5724,0,0
2026-09-01 16:01:30,-5.3579,0,0
2026-09-01 16:02:00,-9.4049,0,0
2026-09-01 16:02:30,-9.76,0,0
2026-09-01 16:03:00,-8.7878,0,0
2026-09-01 16:03:30,-0.0002,0,0
2026-09-01 16:04:00,8.1608,1,0
2026-09-01 16:04:30,11.1675,1,0
2026-09-01 16:05:00,3.6895,1,0
2026-09-01 16:05:30,10.7394,1,0
2026-09-01 16:06:00,11.0145,1,0
2026-09-01 16:06:30,6.4548,1,0
2026-09-01 16:07:00,12.4344,1,0
2026-09-01 16:07:30,10.6167,1,0
2026-09-01 16:08:00,17.9938,1,0
2026-09-01 16:08:30,17.1843,1,0
2026-09-01 16:09:00,18.028,1,0
2026-09-01 16:09:30,19.0155,1,0
2026-09-01 16:10:00,14.9404,1,0
2026-09-01 16:10:30,15.4638,1,0
2026-09-01 16:11:00,10.7203,1,0
2026-09-01 16:11:30,10.6054,1,0
2026-09-01 16:12:00,16.2788,1,0
2026-09-01 16:12:30,-2.0126,0,0
2026-09-01 16:13:00,17.4619,1,0
2026-09-01 16:13:30,6.5415,1,0
2026-09-01 16:14:00,9.6758,1,0
2026-09-01 16:14:30,5.6785,1,0
2026-09-01 16:15:00,11.0662,1,0
2026-09-01 16:15:30,13.5776,1,0
2026-09-01 16:16:00,15.985,1,0
2026-09-01 16:16:30,13.6128,1,0
2026-09-01 16:17:00,15.4627,1,0
2026-09-01 16:17:30,17.4592,1,0
2026-09-01 16:18:00,16.661,1,0
2026-09-01 16:18:30,15.532,1,0
2026-09-01 16:19:00,12.8622,1,0
2026-09-01 16:19:30,19.3641,1,0
2026-09-01 16:20:00,18.1393,1,0
2026-09-01 16:20:30,11.7079,1,0
2026-09-01 16:21:00,19.3588,1,0
2026-09-01 16:21:30,7.7074,1,0
2026-09-01 16:22:00,9.7121,1,0
2026-09-01 16:22:30,9.5006,1,0
2026-09-01 16:23:00,15.4897,1,0
2026-09-01 16:23:30,5.1927,1,0
2026-09-01 16:24:00,1.6333,1,0
2026-09-01 16:24:30,-0.0178,0,0
2026-09-01 16:25:00,2.8091,1,0
2026-09-01 16:25:30,4.9411,1,0
2026-09-01 16:26:00,-0.0004,0,0
2026-09-01 16:26:30,7.7724,1,0
2026-09-01 16:27:00,16.7009,1,0
2026-09-01 16:27:30,9.4857,1,0
2026-09-01 16:28:00,18.3892,1,0
2026-09-01 16:28:30,25.7784,1,0
2026-09-01 16:29:00,23.805,1,0
2026-09-01 16:29:30,11.7541,1,0
2026-09-01 16:30:00,19.1029,1,0
2026-09-01 16:30:30,15.7297,1,0
2026-09-01 16:31:00,23.3637,1,0
2026-09-01 16:31:30,22.8934,1,0
2026-09-01 16:32:00,21.3606,1,0
2026-09-01 16:32:30,8.211,1,0
2026-09-01 16:33:00,13.3021,1,0
2026-09-01 16:33:30,10.2473,1,0
2026-09-01 16:34:00,11.0799,1,0
2026-09-01 16:34:30,14.4401,1,0
2026-09-01 16:35:00,13.477,1,0
2026-09-01 16:35:30,10.7996,1,0
2026-09-01 16:36:00,17.5869,1,0
2026-09-01 16:36:30,19.1813,1,0
2026-09-01 16:37:00,10.473,1,0
2026-09-01 16:37:30,7.4754,1,0
2026-09-01 16:38:00,2.2126,1,0
2026-09-01 16:38:30,5.8038,1,0
2026-09-01 16:39:00,10.5535,1,0
2026-09-01 16:39:30,5.4005,1,0
2026-09-01 16:40:00,11.0679,1,0
2026-09-01 16:40:30,8.7954,1,0
2026-09-01 16:41:00,16.1725,1,0
2026-09-01 16:41:30,20.3571,1,0
2026-09-01 16:42:00,19.4035,1,0
2026-09-01 16:42:30,23.0625,1,0
2026-09-01 16:43:00,25.9759,1,0
2026-09-01 16:43:30,19.9014,1,0
2026-09-01 16:44:00,26.7851,1,0
2026-09-01 16:44:30,13.2035,1,0
2026-09-01 16:45:00,17.4626,1,0
2026-09-01 16:45:30,20.0231,1,0
2026-09-01 16:46:00,19.1381,1,0
2026-09-01 16:46:30,22.6795,1,0
2026-09-01 16:47:00,18.8529,1,0
2026-09-01 16:47:30,23.4294,1,0
2026-09-01 16:48:00,17.2047,1,0
2026-09-01 16:48:30,9.6063,1,0
2026-09-01 16:49:00,26.7155,1,0
2026-09-01 16:49:30,12.6043,1,0
2026-09-01 16:50:00,15.4043,1,0
2026-09-01 16:50:30,15.3914,1,0
2026-09-01 16:51:00,13.2717,1,0
2026-09-01 16:51:30,7.272,1,0
2026-09-01 16:52:00,6.5829,1,0
2026-09-01 16:52:30,20.0272,1,0
2026-09-01 16:53:00,18.3095,1,0
2026-09-01 16:53:30,12.9799,1,0
2026-09-01 16:54:00,21.4284,1,0
2026-09-01 16:54:30,13.5382,1,0
2026-09-01 16:55:00,15.7988,1,0
2026-09-01 16:55:30,17.1631,1,0
2026-09-01 16:56:00,23.3477,1,0
2026-09-01 16:56:30,20.7159,1,0
2026-09-01 16:57:00,22.7752,1,0
2026-09-01 16:57:30,23.4146,1,0
2026-09-01 16:58:00,16.988,1,0
2026-09-01 16:58:30,8.9415,1,0
2026-09-01 16:59:00,10.9255,1,0
2026-09-01 16:59:30,1.7458,1,0
2026-09-01 17:00:00,8.5938,1,0
2026-09-01 17:00:30,7.3985,1,0
2026-09-01 17:01:00,13.1366,1,0
2026-09-01 17:01:30,10.4766,1,0
2026-09-01 17:02:00,13.7098,1,0
2026-09-01 17:02:30,17.3391,1,0
2026-09-01 17:03:00,17.4298,1,0
2026-09-01 17:03:30,19.2427,1,0
2026-09-01 17:04:00,22.6203,1,0
2026-09-01 17:04:30,21.7977,1,0
2026-09-01 17:05:00,21.744,1,0
2026-09-01 17:05:30,22.3565,1,0
2026-09-01 17:06:00,24.5938,1,0
2026-09-01 17:06:30,14.2568,1,0
2026-09-01 17:07:00,15.2659,1,0
2026-09-01 17:07:30,14.0313,1,0
2026-09-01 17:08:00,25.0971,1,0
2026-09-01 17:08:30,17.4321,1,0
2026-09-01 17:09:00,15.0914,1,0
2026-09-01 17:09:30,17.866,1,0
2026-09-01 17:10:00,15.791,1,0
2026-09-01 17:10:30,11.5897,1,0
2026-09-01 17:11:00,17.6716,1,0
2026-09-01 17:11:30,10.9393,1,0
2026-09-01 17:12:00,17.8369,1,0
2026-09-01 17:12:30,7.5218,1,0
2026-09-01 17:13:00,17.5007,1,0
2026-09-01 17:13:30,19.7198,1,0
2026-09-01 17:14:00,18.7564,1,0
2026-09-01 17:14:30,16.7428,1,0
2026-09-01 17:15:00,21.393,1,0
2026-09-01 17:15:30,24.2632,1,0
2026-09-01 17:16:00,20.3932,1,0
2026-09-01 17:16:30,18.0281,1,0
2026-09-01 17:17:00,17.2149,1,0
2026-09-01 17:17:30,19.5359,1,0
2026-09-01 17:18:00,17.3415,1,0
2026-09-01 17:18:30,16.8867,1,0
2026-09-01 17:19:00,13.1694,1,0
2026-09-01 17:19:30,19.0956,1,0
2026-09-01 17:20:00,12.803,1,0
2026-09-01 17:20:30,12.9996,1,0
2026-09-01 17:21:00,14.5455,1,0
2026-09-01 17:21:30,7.4719,1,0
2026-09-01 17:22:00,3.6432,1,0
2026-09-01 17:22:30,11.6109,1,0
2026-09-01 17:23:00,12.7458,1,0
2026-09-01 17:23:30,10.7636,1,0
2026-09-01 17:24:00,13.6401,1,0
2026-09-01 17:24:30,9.7834,1,0
2026-09-01 17:25:00,11.2327,1,0
2026-09-01 17:25:30,11.7764,1,0
2026-09-01 17:26:00,13.2593,1,0
2026-09-01 17:26:30,16.1887,1,0
2026-09-01 17:27:00,2.3589,1,0
2026-09-01 17:27:30,5.9125,1,0
2026-09-01 17:28:00,2.7359,1,0
2026-09-01 17:28:30,5.7986,1,0
2026-09-01 17:29:00,10.5763,1,0
2026-09-01 17:29:30,14.7191,1,0
2026-09-01 17:30:00,21.8897,1,0
2026-09-01 17:30:30,17.1734,1,0
2026-09-01 17:31:00,17.687,1,0
2026-09-01 17:31:30,9.9311,1,0
2026-09-01 17:32:00,13.8301,1,0
2026-09-01 17:32:30,12.581,1,0
2026-09-01 17:33:00,13.1593,1,0
2026-09-01 17:33:30,9.8126,1,0
2026-09-01 17:34:00,13.2637,1,0
2026-09-01 17:34:30,11.0531,1,0
2026-09-01 17:35:00,9.9759,1,0
2026-09-01 17:35:30,2.3227,1,0
2026-09-01 17:36:00,10.065,1,0
2026-09-01 17:36:30,7.5101,1,0
2026-09-01 17:37:00,9.6802,1,0
2026-09-01 17:37:30,0.0,1,0
2026-09-01 17:38:00,11.6079,1,0
2026-09-01 17:38:30,12.4958,1,0
2026-09-01 17:39:00,7.1316,1,0
2026-09-01 17:39:30,5.2069,1,0
2026-09-01 17:40:00,3.1682,1,0
2026-09-01 17:40:30,0.1098,1,0
2026-09-01 17:41:00,4.242,1,0
2026-09-01 17:41:30,4.9114,1,0
2026-09-01 17:42:00,7.9249,1,0
2026-09-01 17:42:30,9.8022,1,0
2026-09-01 17:43:00,16.6183,1,0
2026-09-01 17:43:30,15.5305,1,0
2026-09-01 17:44:00,17.7497,1,0
2026-09-01 17:44:30,17.6584,1,0
2026-09-01 17:45:00,20.0006,1,0
2026-09-01 17:45:30,21.0752,1,0
2026-09-01 17:46:00,17.9463,1,0
2026-09-01 17:46:30,23.4547,1,0
2026-09-01 17:47:00,23.4139,1,0
2026-09-01 17:47:30,24.8644,1,0
2026-09-01 17:48:00,24.3311,1,0
2026-09-01 17:48:30,18.8564,1,0
2026-09-01 17:49:00,8.6519,1,0
2026-09-01 17:49:30,12.9794,1,0
2026-09-01 17:50:00,8.5669,1,0
2026-09-01 17:50:30,4.0608,1,0
2026-09-01 17:51:00,6.3306,1,0
2026-09-01 17:51:30,6.3647,1,0
2026-09-01 17:52:00,14.6534,1,0
2026-09-01 17:52:30,16.0979,1,0
2026-09-01 17:53:00,16.9654,1,0
2026-09-01 17:53:30,20.1096,1,0
2026-09-01 17:54:00,19.5635,1,0
2026-09-01 17:54:30,19.8027,1,0
2026-09-01 17:55:00,24.9152,1,0
2026-09-01 17:55:30,24.2015,1,0
2026-09-01 17:56:00,21.7184,1,0
2026-09-01 17:56:30,21.9351,1,0
2026-09-01 17:57:00,5.2755,1,0
2026-09-01 17:57:30,6.1227,1,0
2026-09-01 17:58:00,5.2486,1,0
2026-09-01 17:58:30,10.1839,1,0
2026-09-01 17:59:00,6.6021,1,0
2026-09-01 17:59:30,6.5196,1,0
2026-09-01 18:00:00,12.5591,1,0
2026-09-01 18:00:30,12.0726,1,0
2026-09-01 18:01:00,22.1977,1,0
2026-09-01 18:01:30,22.2675,1,0
2026-09-01 18:02:00,18.136,1,0
2026-09-01 18:02:30,12.4615,1,0
2026-09-01 18:03:00,15.6916,1,0
2026-09-01 18:03:30,14.4164,1,0
2026-09-01 18:04:00,20.0993,1,0
2026-09-01 18:04:30,22.8204,1,0
2026-09-01 18:05:00,20.9121,1,0
2026-09-01 18:05:30,15.256,1,0
2026-09-01 18:06:00,21.0714,1,0
2026-09-01 18:06:30,21.4513,1,0
2026-09-01 18:07:00,18.8038,1,0
2026-09-01 18:07:30,17.7922,1,0
2026-09-01 18:08:00,21.7594,1,0
2026-09-01 18:08:30,16.2388,1,0
2026-09-01 18:09:00,10.3336,1,0
2026-09-01 18:09:30,9.8618,1,0
2026-09-01 18:10:00,11.0453,1,0
2026-09-01 18:10:30,21.0445,1,0
2026-09-01 18:11:00,19.0931,1,0
2026-09-01 18:11:30,21.1574,1,0
2026-09-01 18:12:00,18.2784,1,0
2026-09-01 18:12:30,19.7231,1,0
2026-09-01 18:13:00,10.7927,1,0
2026-09-01 18:13:30,17.5554,1,0
2026-09-01 18:14:00,18.1473,1,0
2026-09-01 18:14:30,16.8848,1,0
2026-09-01 18:15:00,14.2344,1,0
2026-09-01 18:15:30,14.4867,1,0
2026-09-01 18:16:00,7.9943,1,0
2026-09-01 18:16:30,17.4533,1,0
2026-09-01 18:17:00,10.9915,1,0
2026-09-01 18:17:30,12.3766,1,0
2026-09-01 18:18:00,12.8778,1,0
2026-09-01 18:18:30,17.1164,1,0
2026-09-01 18:19:00,13.1372,1,0
2026-09-01 18:19:30,22.5017,1,0
2026-09-01 18:20:00,10.4335,1,0
2026-09-01 18:20:30,17.5761,1,0
2026-09-01 18:21:00,5.0586,1,0
2026-09-01 18:21:30,8.1759,1,0
2026-09-01 18:22:00,8.2476,1,0
2026-09-01 18:22:30,12.8114,1,0
2026-09-01 18:23:00,11.9227,1,0
2026-09-01 18:23:30,-6.3716,0,0
2026-09-01 18:24:00,0.4728,1,0
2026-09-01 18:24:30,2.1633,1,0
2026-09-01 18:25:00,0.7565,1,0
2026-09-01 18:25:30,-2.3316,0,0
2026-09-01 18:26:00,-0.5593,0,0
2026-09-01 18:26:30,-4.9114,0,0
2026-09-01 18:27:00,3.3848,1,0
2026-09-01 18:27:30,7.0491,1,0
2026-09-01 18:28:00,10.4585,1,0
2026-09-01 18:28:30,14.9662,1,0
2026-09-01 18:29:00,10.8268,1,0
2026-09-01 18:29:30,10.6064,1,0
2026-09-01 18:30:00,8.6339,1,0
2026-09-01 18:30:30,11.9985,1,0
2026-09-01 18:31:00,16.9277,1,0
2026-09-01 18:31:30,15.0177,1,0
2026-09-01 18:32:00,7.4143,1,0
2026-09-01 18:32:30,8.5,1,0
2026-09-01 18:33:00,1.2066,1,0
2026-09-01 18:33:30,5.915,1,0
2026-09-01 18:34:00,6.2989,1,0
2026-09-01 18:34:30,15.9152,1,0
2026-09-01 18:35:00,15.1333,1,0
2026-09-01 18:35:30,14.3817,1,0
2026-09-01 18:36:00,12.3833,1,0
2026-09-01 18:36:30,8.1273,1,0
2026-09-01 18:37:00,13.0407,1,0
2026-09-01 18:37:30,12.2704,1,0
2026-09-01 18:38:00,9.2038,1,0
2026-09-01 18:38:30,7.6004,1,0
2026-09-01 18:39:00,-0.9267,0,0
2026-09-01 18:39:30,14.9767,1,0
2026-09-01 18:40:00,12.4863,1,0
2026-09-01 18:40:30,11.3742,1,0
2026-09-01 18:41:00,9.6542,1,0
2026-09-01 18:41:30,6.345,1,0
2026-09-01 18:42:00,12.3856,1,0
2026-09-01 18:42:30,12.9383,1,0
2026-09-01 18:43:00,17.5148,1,0
2026-09-01 18:43:30,18.0569,1,0
2026-09-01 18:44:00,19.0944,1,0
2026-09-01 18:44:30,16.0565,1,0
2026-09-01 18:45:00,12.7253,1,0
2026-09-01 18:45:30,13.5516,1,0
2026-09-01 18:46:00,17.0395,1,0
2026-09-01 18:46:30,15.6892,1,0
2026-09-01 18:47:00,17.4742,1,0
2026-09-01 18:47:30,17.3836,1,0
2026-09-01 18:48:00,26.7387,1,0
2026-09-01 18:48:30,23.6541,1,0
2026-09-01 18:49:00,10.9004,1,0
2026-09-01 18:49:30,21.992,1,0
2026-09-01 18:50:00,12.9217,1,0
2026-09-01 18:50:30,12.6265,1,0
2026-09-01 18:51:00,17.5672,1,0
2026-09-01 18:51:30,12.4203,1,0
2026-09-01 18:52:00,17.86,1,0
2026-09-01 18:52:30,9.598,1,0
2026-09-01 18:53:00,22.2438,1,0
2026-09-01 18:53:30,24.8218,1,0
2026-09-01 18:54:00,19.5149,1,0
2026-09-01 18:54:30,24.6629,1,0
2026-09-01 18:55:00,20.4639,1,0
2026-09-01 18:55:30,15.1558,1,0
2026-09-01 18:56:00,13.333,1,0
2026-09-01 18:56:30,21.939,1,0
2026-09-01 18:57:00,23.1378,1,0
2026-09-01 18:57:30,7.0846,1,0
2026-09-01 18:58:00,14.6173,1,0
2026-09-01 18:58:30,8.107,1,0
2026-09-01 18:59:00,14.2333,1,0
2026-09-01 18:59:30,11.522,1,0
2026-09-01 19:00:00,0.6037,1,0
2026-09-01 19:00:30,12.8565,1,0
2026-09-01 19:01:00,11.2951,1,0
2026-09-01 19:01:30,7.2014,1,0
2026-09-01 19:02:00,13.5465,1,0
2026-09-01 19:02:30,12.2368,1,0
2026-09-01 19:03:00,13.8853,1,0
2026-09-01 19:03:30,-13.0932,0,0
2026-09-01 19:04:00,13.7044,1,0
2026-09-01 19:04:30,9.4315,1,0
2026-09-01 19:05:00,19.8912,1,0
2026-09-01 19:05:30,9.1229,1,0
2026-09-01 19:06:00,16.6593,1,0
2026-09-01 19:06:30,22.1674,1,0
2026-09-01 19:07:00,14.1666,1,0
2026-09-01 19:07:30,14.4299,1,0
2026-09-01 19:08:00,13.255,1,0
2026-09-01 19:08:30,18.2738,1,0
2026-09-01 19:09:00,21.0279,1,0
2026-09-01 19:09:30,5.4624,1,0
2026-09-01 19:10:00,10.1438,1,0
2026-09-01 19:10:30,16.6493,1,0
2026-09-01 19:11:00,-2.4599,0,0
2026-09-01 19:11:30,5.9154,1,0
2026-09-01 19:12:00,11.9423,1,0
2026-09-01 19:12:30,10.1584,1,0
2026-09-01 19:13:00,10.6889,1,0
2026-09-01 19:13:30,10.443,1,0
2026-09-01 19:14:00,19.684,1,0
2026-09-01 19:14:30,18.6456,1,0
2026-09-01 19:15:00,14.931,1,0
2026-09-01 19:15:30,14.7092,1,0
2026-09-01 19:16:00,6.5069,1,0
2026-09-01 19:16:30,11.2378,1,0
2026-09-01 19:17:00,-3.7931,0,0
2026-09-01 19:17:30,12.9997,1,0
2026-09-01 19:18:00,16.2632,1,0
2026-09-01 19:18:30,13.903,1,0
2026-09-01 19:19:00,19.8767,1,0
2026-09-01 19:19:30,18.8168,1,0
2026-09-01 19:20:00,19.2807,1,0
2026-09-01 19:20:30,20.1503,1,0
2026-09-01 19:21:00,19.8493,1,0
2026-09-01 19:21:30,14.5545,1,0
2026-09-01 19:22:00,-0.5101,0,0
2026-09-01 19:22:30,12.2636,1,0
2026-09-01 19:23:00,-2.5411,0,0
2026-09-01 19:23:30,6.0445,1,0
2026-09-01 19:24:00,4.3378,1,0
2026-09-01 19:24:30,5.5036,1,0
2026-09-01 19:25:00,2.5666,1,0
2026-09-01 19:25:30,13.9316,1,0
2026-09-01 19:26:00,13.7807,1,0
2026-09-01 19:26:30,13.626,1,0
2026-09-01 19:27:00,4.1243,1,0
2026-09-01 19:27:30,12.7962,1,0
2026-09-01 19:28:00,-15.4438,0,0
2026-09-01 19:28:30,6.8123,1,0
2026-09-01 19:29:00,2.2373,1,0
2026-09-01 19:29:30,16.2796,1,0
2026-09-01 19:30:00,14.858,1,0
2026-09-01 19:30:30,15.6759,1,0
2026-09-01 19:31:00,13.7904,1,0
2026-09-01 19:31:30,15.5867,1,0
2026-09-01 19:32:00,19.9738,1,0
2026-09-01 19:32:30,18.8157,1,0
2026-09-01 19:33:00,11.2594,1,0
2026-09-01 19:33:30,15.4348,1,0
2026-09-01 19:34:00,13.7709,1,0
2026-09-01 19:34:30,18.1623,1,0
2026-09-01 19:35:00,10.6156,1,0
2026-09-01 19:35:30,13.0193,1,0
2026-09-01 19:36:00,8.2239,1,0
2026-09-01 19:36:30,17.9703,1,0
2026-09-01 19:37:00,14.9852,1,0
2026-09-01 19:37:30,18.7407,1,0
2026-09-01 19:38:00,23.1744,1,0
2026-09-01 19:38:30,23.951,1,0
2026-09-01 19:39:00,17.7402,1,0
2026-09-01 19:39:30,17.3351,1,0
2026-09-01 19:40:00,21.373,1,0
2026-09-01 19:40:30,18.1421,1,0
2026-09-01 19:41:00,12.8198,1,0
2026-09-01 19:41:30,19.4521,1,0
2026-09-01 19:42:00,6.4262,1,0
2026-09-01 19:42:30,11.7331,1,0
2026-09-01 19:43:00,2.9073,1,0
2026-09-01 19:43:30,6.0682,1,0
2026-09-01 19:44:00,14.3972,1,0
2026-09-01 19:44:30,14.0122,1,0
2026-09-01 19:45:00,11.2029,1,0
2026-09-01 19:45:30,14.5245,1,0
2026-09-01 19:46:00,14.966,1,0
2026-09-01 19:46:30,7.7886,1,0
2026-09-01 19:47:00,15.7676,1,0
2026-09-01 19:47:30,5.3885,1,0
2026-09-01 19:48:00,14.8971,1,0
2026-09-01 19:48:30,12.5375,1,0
2026-09-01 19:49:00,14.9473,1,0
2026-09-01 19:49:30,15.5809,1,0
2026-09-01 19:50:00,20.841,1,0
2026-09-01 19:50:30,20.9524,1,0
2026-09-01 19:51:00,22.5984,1,0
2026-09-01 19:51:30,22.3916,1,0
2026-09-01 19:52:00,22.137,1,0
2026-09-01 19:52:30,12.476,1,0
2026-09-01 19:53:00,15.3321,1,0
2026-09-01 19:53:30,8.1905,1,0
2026-09-01 19:54:00,18.2787,1,0
2026-09-01 19:54:30,15.4448,1,0
2026-09-01 19:55:00,14.1852,1,0
2026-09-01 19:55:30,10.5452,1,0
2026-09-01 19:56:00,8.7032,1,0
2026-09-01 19:56:30,9.7032,1,0
2026-09-01 19:57:00,9.0624,1,0
2026-09-01 19:57:30,9.3784,1,0
2026-09-01 19:58:00,5.5158,1,0
2026-09-01 19:58:30,5.5606,1,0
2026-09-01 19:59:00,-1.3034,0,0
2026-09-01 19:59:30,6.9735,1,0
2026-09-01 20:00:00,5.8432,1,0
2026-09-01 20:00:30,6.4686,1,0
2026-09-01 20:01:00,3.1034,1,0
2026-09-01 20:01:30,7.7174,1,0
2026-09-01 20:02:00,6.9475,1,0
2026-09-01 20:02:30,5.338,1,0
2026-09-01 20:03:00,9.6221,1,0
2026-09-01 20:03:30,11.7947,1,0
2026-09-01 20:04:00,10.5456,1,0
2026-09-01 20:04:30,13.3548,1,0
2026-09-01 20:05:00,7.5481,1,0
2026-09-01 20:05:30,13.0163,1,0
2026-09-01 20:06:00,10.8628,1,0
2026-09-01 20:06:30,6.4312,1,0
2026-09-01 20:07:00,8.3694,1,0
2026-09-01 20:07:30,0.6329,1,0
2026-09-01 20:08:00,4.1265,1,0
2026-09-01 20:08:30,4.6916,1,0
2026-09-01 20:09:00,10.6713,1,0
2026-09-01 20:09:30,6.071,1,0
2026-09-01 20:10:00,14.4526,1,0
2026-09-01 20:10:30,15.4119,1,0
2026-09-01 20:11:00,1.335,1,0
2026-09-01 20:11:30,10.1846,1,0
2026-09-01 20:12:00,12.3717,1,0
2026-09-01 20:12:30,3.5739,1,0
2026-09-01 20:13:00,15.5895,1,0
2026-09-01 20:13:30,11.7554,1,0
2026-09-01 20:14:00,12.7726,1,0
2026-09-01 20:14:30,5.4618,1,0
2026-09-01 20:15:00,7.4794,1,0
2026-09-01 20:15:30,3.8928,1,0
2026-09-01 20:16:00,19.5496,1,0
2026-09-01 20:16:30,22.438,1,0
2026-09-01 20:17:00,15.1114,1,0
2026-09-01 20:17:30,11.3248,1,0
2026-09-01 20:18:00,14.556,1,0
2026-09-01 20:18:30,18.9392,1,0
2026-09-01 20:19:00,18.6991,1,0
2026-09-01 20:19:30,15.9833,1,0
2026-09-01 20:20:00,19.0108,1,0
2026-09-01 20:20:30,16.5098,1,0
2026-09-01 20:21:00,13.6877,1,0
2026-09-01 20:21:30,17.5294,1,0
2026-09-01 20:22:00,13.5265,1,0
2026-09-01 20:22:30,11.4795,1,0
2026-09-01 20:23:00,17.2747,1,0
2026-09-01 20:23:30,0.5211,1,0
2026-09-01 20:24:00,6.0715,1,0
2026-09-01 20:24:30,1.5648,1,0
2026-09-01 20:25:00,7.498,1,0
2026-09-01 20:25:30,12.0091,1,0
2026-09-01 20:26:00,10.3525,1,0
2026-09-01 20:26:30,11.0788,1,0
2026-09-01 20:27:00,12.5557,1,0
2026-09-01 20:27:30,7.7873,1,0
2026-09-01 20:28:00,10.4195,1,0
2026-09-01 20:28:30,-12.1513,0,0
2026-09-01 20:29:00,2.6298,1,0
2026-09-01 20:29:30,-0.0425,0,0
2026-09-01 20:30:00,3.7713,1,0
2026-09-01 20:30:30,1.4951,1,0
2026-09-01 20:31:00,2.3071,1,0
2026-09-01 20:31:30,1.8157,1,0
2026-09-01 20:32:00,1.3419,1,0
2026-09-01 20:32:30,2.8297,1,0
2026-09-01 20:33:00,0.0,1,0
2026-09-01 20:33:30,4.2154,1,0
2026-09-01 20:34:00,8.1483,1,0
2026-09-01 20:34:30,3.1588,1,0
2026-09-01 20:35:00,10.0338,1,0
2026-09-01 20:35:30,8.5567,1,0
2026-09-01 20:36:00,9.6699,1,0
2026-09-01 20:36:30,8.164,1,0
2026-09-01 20:37:00,14.6124,1,0
2026-09-01 20:37:30,6.8975,1,0
2026-09-01 20:38:00,13.483,1,0
2026-09-01 20:38:30,7.3367,1,0
2026-09-01 20:39:00,19.0292,1,0
2026-09-01 20:39:30,16.7011,1,0
2026-09-01 20:40:00,18.8954,1,0
2026-09-01 20:40:30,21.299,1,0
2026-09-01 20:41:00,16.6768,1,0
2026-09-01 20:41:30,10.5853,1,0
2026-09-01 20:42:00,9.507,1,0
2026-09-01 20:42:30,12.9311,1,0
2026-09-01 20:43:00,12.3786,1,0
2026-09-01 20:43:30,18.0678,1,0
2026-09-01 20:44:00,5.2725,1,0
2026-09-01 20:44:30,12.5297,1,0
2026-09-01 20:45:00,23.9671,1,0
2026-09-01 20:45:30,23.8507,1,0
2026-09-01 20:46:00,16.6282,1,0
2026-09-01 20:46:30,16.9052,1,0
2026-09-01 20:47:00,15.0693,1,0
2026-09-01 20:47:30,14.5641,1,0
2026-09-01 20:48:00,23.5158,1,0
2026-09-01 20:48:30,8.4533,1,0
2026-09-01 20:49:00,12.8998,1,0
2026-09-01 20:49:30,5.6428,1,0
2026-09-01 20:50:00,8.7222,1,0
2026-09-01 20:50:30,9.9797,1,0
2026-09-01 20:51:00,10.7212,1,0
2026-09-01 20:51:30,11.5777,1,0
2026-09-01 20:52:00,13.3088,1,0
2026-09-01 20:52:30,13.0804,1,0
2026-09-01 20:53:00,18.1383,1,0
2026-09-01 20:53:30,16.8477,1,0
2026-09-01 20:54:00,20.8501,1,0
2026-09-01 20:54:30,10.2953,1,0
2026-09-01 20:55:00,15.2737,1,0
2026-09-01 20:55:30,17.5017,1,0
2026-09-01 20:56:00,17.3373,1,0
2026-09-01 20:56:30,18.6511,1,0
2026-09-01 20:57:00,14.2184,1,0
2026-09-01 20:57:30,17.771,1,0
2026-09-01 20:58:00,7.0621,1,0
2026-09-01 20:58:30,14.8868,1,0
2026-09-01 20:59:00,15.4706,1,0
2026-09-01 20:59:30,13.9307,1,0
2026-09-01 21:00:00,16.5158,1,0
2026-09-01 21:00:30,10.8662,1,0
2026-09-01 21:01:00,20.4098,1,0
2026-09-01 21:01:30,4.8944,1,0
2026-09-01 21:02:00,11.1147,1,0
2026-09-01 21:02:30,16.0917,1,0
2026-09-01 21:03:00,19.4806,1,0
2026-09-01 21:03:30,19.4166,1,0
2026-09-01 21:04:00,18.5616,1,0
2026-09-01 21:04:30,16.134,1,0
2026-09-01 21:05:00,20.1243,1,0
2026-09-01 21:05:30,15.6517,1,0
2026-09-01 21:06:00,17.1549,1,0
2026-09-01 21:06:30,12.316,1,0
2026-09-01 21:07:00,16.9107,1,0
2026-09-01 21:07:30,6.2294,1,0
2026-09-01 21:08:00,7.2644,1,0
2026-09-01 21:08:30,8.5704,1,0
2026-09-01 21:09:00,16.7981,1,0
2026-09-01 21:09:30,14.7099,1,0
2026-09-01 21:10:00,15.1872,1,0
2026-09-01 21:10:30,16.1338,1,0
2026-09-01 21:11:00,15.0887,1,0
2026-09-01 21:11:30,17.9758,1,0
2026-09-01 21:12:00,18.4783,1,0
2026-09-01 21:12:30,17.9827,1,0
2026-09-01 21:13:00,19.0727,1,0
2026-09-01 21:13:30,21.7925,1,0
2026-09-01 21:14:00,15.467,1,0
2026-09-01 21:14:30,20.2801,1,0
2026-09-01 21:15:00,16.566,1,0
2026-09-01 21:15:30,22.3638,1,0
2026-09-01 21:16:00,15.0067,1,0
2026-09-01 21:16:30,6.0796,1,0
2026-09-01 21:17:00,12.2167,1,0
2026-09-01 21:17:30,10.3873,1,0
2026-09-01 21:18:00,8.0183,1,0
2026-09-01 21:18:30,10.5811,1,0
2026-09-01 21:19:00,3.7483,1,0
2026-09-01 21:19:30,8.7745,1,0
2026-09-01 21:20:00,1.8809,1,0
2026-09-01 21:20:30,11.4606,1,0
2026-09-01 21:21:00,3.1259,1,0
2026-09-01 21:21:30,11.247,1,0
2026-09-01 21:22:00,14.7695,1,0
2026-09-01 21:22:30,17.5029,1,0
2026-09-01 21:23:00,19.6343,1,0
2026-09-01 21:23:30,21.8265,1,0
2026-09-01 21:24:00,20.2953,1,0
2026-09-01 21:24:30,9.5988,1,0
2026-09-01 21:25:00,10.7001,1,0
2026-09-01 21:25:30,13.0955,1,0
2026-09-01 21:26:00,10.7052,1,0
2026-09-01 21:26:30,21.0003,1,0
2026-09-01 21:27:00,16.8367,1,0
2026-09-01 21:27:30,17.0837,1,0
2026-09-01 21:28:00,12.8461,1,0
2026-09-01 21:28:30,15.5088,1,0
2026-09-01 21:29:00,9.5352,1,0
2026-09-01 21:29:30,18.5782,1,0
2026-09-01 21:30:00,17.4543,1,0
2026-09-01 21:30:30,20.6453,1,0
2026-09-01 21:31:00,12.1274,1,0
2026-09-01 21:31:30,12.581,1,0
2026-09-01 21:32:00,6.2164,1,0
2026-09-01 21:32:30,11.4517,1,0
2026-09-01 21:33:00,7.3636,1,0
2026-09-01 21:33:30,6.5505,1,0
2026-09-01 21:34:00,9.1609,1,0
2026-09-01 21:34:30,7.5322,1,0
2026-09-01 21:35:00,4.824,1,0
2026-09-01 21:35:30,8.8593,1,0
2026-09-01 21:36:00,3.1279,1,0
2026-09-01 21:36:30,16.239,1,0
2026-09-01 21:37:00,14.8444,1,0
2026-09-01 21:37:30,13.9789,1,0
2026-09-01 21:38:00,14.0731,1,0
2026-09-01 21:38:30,19.7077,1,0
2026-09-01 21:39:00,14.4261,1,0
2026-09-01 21:39:30,17.1879,1,0
2026-09-01 21:40:00,17.9689,1,1
2026-09-01 21:40:30,10.9949,1,1
2026-09-01 21:41:00,14.065,1,1
2026-09-01 21:41:30,12.791,1,1
2026-09-01 21:42:00,-14.36,0,1
2026-09-01 21:42:30,-23.095,0,1
2026-09-01 21:43:00,-30.6566,0,1
2026-09-01 21:43:30,-34.6173,0,1
2026-09-01 21:44:00,-35.071,0,1
2026-09-01 21:44:30,-35.0971,0,1
2026-09-01 21:45:00,-35.4403,0,1
2026-09-01 21:45:30,-35.3503,0,1
2026-09-01 21:46:00,-35.1748,0,1
2026-09-01 21:46:30,-35.297,0,1
2026-09-01 21:47:00,-35.1511,0,1
2026-09-01 21:47:30,-35.2629,0,1
2026-09-01 21:48:00,-35.1529,0,1
2026-09-01 21:48:30,-35.4156,0,1
2026-09-01 21:49:00,-34.7321,0,1
2026-09-01 21:49:30,-34.8929,0,1
2026-09-01 21:50:00,-34.4097,0,1
2026-09-01 21:50:30,-34.4322,0,1
2026-09-01 21:51:00,-35.7162,0,1
2026-09-01 21:51:30,-35.1557,0,1
2026-09-01 21:52:00,-34.9818,0,1
2026-09-01 21:52:30,-35.2321,0,1
2026-09-01 21:53:00,-35.7898,0,1
2026-09-01 21:53:30,-35.4515,0,1
2026-09-01 21:54:00,-35.3126,0,1
2026-09-01 21:54:30,-34.8688,0,1
2026-09-01 21:55:00,-34.9321,0,1
2026-09-01 21:55:30,-35.2677,0,1
2026-09-01 21:56:00,-35.1516,0,1
2026-09-01 21:56:30,-35.193,0,1
2026-09-01 21:57:00,-35.4319,0,1
2026-09-01 21:57:30,-35.3638,0,1
2026-09-01 21:58:00,-35.5069,0,1
2026-09-01 21:58:30,-35.1212,0,1
2026-09-01 21:59:00,-35.1709,0,1
2026-09-01 21:59:30,-35.5613,0,1
2026-09-01 22:00:00,-35.8823,0,1
2026-09-01 22:00:30,-35.6402,0,1
2026-09-01 22:01:00,-35.0096,0,1
2026-09-01 22:01:30,-34.9836,0,1
2026-09-01 22:02:00,-35.342,0,1
2026-09-01 22:02:30,-34.7649,0,1
2026-09-01 22:03:00,-34.6614,0,1
2026-09-01 22:03:30,-34.5083,0,1
2026-09-01 22:04:00,-34.518,0,1
2026-09-01 22:04:30,-35.4329,0,1
2026-09-01 22:05:00,-34.1798,0,1
2026-09-01 22:05:30,-34.389,0,1
2026-09-01 22:06:00,-34.4591,0,1
2026-09-01 22:06:30,-34.4639,0,1
2026-09-01 22:07:00,-34.7283,0,1
2026-09-01 22:07:30,-34.8924,0,1
2026-09-01 22:08:00,-34.5817,0,1
2026-09-01 22:08:30,-34.6696,0,1
2026-09-01 22:09:00,-34.547,0,1
2026-09-01 22:09:30,-34.7932,0,1
2026-09-01 22:10:00,-34.7734,0,1
2026-09-01 22:10:30,-34.9241,0,1
2026-09-01 22:11:00,-35.04,0,1
2026-09-01 22:11:30,-35.0688,0,1
2026-09-01 22:12:00,-35.7593,0,1
2026-09-01 22:12:30,-35.4763,0,1
2026-09-01 22:13:00,-35.1622,0,1
2026-09-01 22:13:30,-35.247,0,1
2026-09-01 22:14:00,-35.218,0,1
2026-09-01 22:14:30,-35.4276,0,1
2026-09-01 22:15:00,-35.3346,0,1
2026-09-01 22:15:30,-35.1478,0,1
2026-09-01 22:16:00,-35.3547,0,1
2026-09-01 22:16:30,-35.2315,0,1
2026-09-01 22:17:00,-35.2359,0,1
2026-09-01 22:17:30,-35.855,0,1
2026-09-01 22:18:00,-35.8866,0,1
2026-09-01 22:18:30,-34.8748,0,1
2026-09-01 22:19:00,-34.5018,0,1
2026-09-01 22:19:30,-34.6708,0,1
2026-09-01 22:20:00,-34.7849,0,1
2026-09-01 22:20:30,-34.8191,0,1
2026-09-01 22:21:00,-34.4913,0,1
2026-09-01 22:21:30,-34.4164,0,1
2026-09-01 22:22:00,-34.1153,0,1
2026-09-01 22:22:30,-34.1803,0,1
2026-09-01 22:23:00,-33.8662,0,1
2026-09-01 22:23:30,-33.9766,0,1
2026-09-01 22:24:00,-34.5269,0,1
2026-09-01 22:24:30,-34.837,0,1
2026-09-01 22:25:00,-34.7475,0,1
2026-09-01 22:25:30,-34.6792,0,1
2026-09-01 22:26:00,-34.5215,0,1
2026-09-01 22:26:30,-34.5317,0,1
2026-09-01 22:27:00,-34.5086,0,1
2026-09-01 22:27:30,-34.8186,0,1
2026-09-01 22:28:00,-34.8994,0,1
2026-09-01 22:28:30,-34.4068,0,1
2026-09-01 22:29:00,-35.5174,0,1
2026-09-01 22:29:30,-35.0259,0,1
2026-09-01 22:30:00,-34.8565,0,1
2026-09-01 22:30:30,-35.217,0,1
2026-09-01 22:31:00,-35.8232,0,1
2026-09-01 22:31:30,-35.8116,0,1
2026-09-01 22:32:00,-35.0642,0,1
2026-09-01 22:32:30,-35.1044,0,1
2026-09-01 22:33:00,-35.0505,0,1
2026-09-01 22:33:30,-34.9922,0,1
2026-09-01 22:34:00,-34.4944,0,1
2026-09-01 22:34:30,-34.4796,0,1
2026-09-01 22:35:00,-34.1032,0,1
2026-09-01 22:35:30,-35.0104,0,1
2026-09-01 22:36:00,-34.5186,0,1
2026-09-01 22:36:30,-34.5721,0,1
2026-09-01 22:37:00,-34.4938,0,1
2026-09-01 22:37:30,-34.4902,0,1
2026-09-01 22:38:00,-34.4654,0,1
2026-09-01 22:38:30,-34.7506,0,1
2026-09-01 22:39:00,-34.6002,0,1
2026-09-01 22:39:30,-35.4391,0,1
2026-09-01 22:40:00,-35.2559,0,1
2026-09-01 22:40:30,-35.558,0,1
2026-09-01 22:41:00,-34.3765,0,1
2026-09-01 22:41:30,-34.7667,0,1
2026-09-01 22:42:00,-35.0452,0,1
2026-09-01 22:42:30,-35.5084,0,1
2026-09-01 22:43:00,-35.291,0,1
2026-09-01 22:43:30,-35.9798,0,1
2026-09-01 22:44:00,-36.3393,0,1
2026-09-01 22:44:30,-35.9225,0,1
2026-09-01 22:45:00,-34.9768,0,1
2026-09-01 22:45:30,-34.7434,0,1
2026-09-01 22:46:00,-34.8709,0,1
2026-09-01 22:46:30,-34.3594,0,1
2026-09-01 22:47:00,-35.2098,0,1
2026-09-01 22:47:30,-34.7983,0,1
2026-09-01 22:48:00,-34.514,0,1
2026-09-01 22:48:30,-34.6658,0,1
2026-09-01 22:49:00,-35.9637,0,1
2026-09-01 22:49:30,-34.994,0,1
2026-09-01 22:50:00,-34.648,0,1
2026-09-01 22:50:30,-35.0159,0,1
2026-09-01 22:51:00,-34.1655,0,1
2026-09-01 22:51:30,-34.3453,0,1
2026-09-01 22:52:00,-34.4907,0,1
2026-09-01 22:52:30,-35.4461,0,1
2026-09-01 22:53:00,-34.8516,0,1
2026-09-01 22:53:30,-34.5779,0,1
2026-09-01 22:54:00,-34.7968,0,1
2026-09-01 22:54:30,-35.0183,0,1
2026-09-01 22:55:00,-34.6253,0,1
2026-09-01 22:55:30,-34.2382,0,1
2026-09-01 22:56:00,-34.1731,0,1
2026-09-01 22:56:30,-34.5038,0,1
2026-09-01 22:57:00,-34.9735,0,1
2026-09-01 22:57:30,-35.2069,0,1
2026-09-01 22:58:00,-34.884,0,1
2026-09-01 22:58:30,-35.283,0,1
2026-09-01 22:59:00,-35.4834,0,1
2026-09-01 22:59:30,-35.1087,0,1
2026-09-01 23:00:00,-34.7732,0,1
2026-09-01 23:00:30,-34.7398,0,1
2026-09-01 23:01:00,-34.6435,0,1
2026-09-01 23:01:30,-35.1546,0,1
2026-09-01 23:02:00,-34.8397,0,1
2026-09-01 23:02:30,-34.8936,0,1
2026-09-01 23:03:00,-34.9444,0,1
2026-09-01 23:03:30,-35.428,0,1
2026-09-01 23:04:00,-34.3093,0,1
2026-09-01 23:04:30,-34.1173,0,1
2026-09-01 23:05:00,-34.6104,0,1
2026-09-01 23:05:30,-35.1183,0,1
2026-09-01 23:06:00,-35.0142,0,1
2026-09-01 23:06:30,-34.6637,0,1
2026-09-01 23:07:00,-33.9931,0,1
2026-09-01 23:07:30,-34.3522,0,1
2026-09-01 23:08:00,-34.6542,0,1
2026-09-01 23:08:30,-34.102,0,1
2026-09-01 23:09:00,-34.8478,0,1
2026-09-01 23:09:30,-34.6928,0,1
2026-09-01 23:10:00,-34.4121,0,1
2026-09-01 23:10:30,-34.6312,0,1
2026-09-01 23:11:00,-34.2923,0,1
2026-09-01 23:11:30,-34.7585,0,1
2026-09-01 23:12:00,-34.5169,0,1
2026-09-01 23:12:30,-34.2218,0,1
2026-09-01 23:13:00,-34.4336,0,1
2026-09-01 23:13:30,-35.027,0,1
2026-09-01 23:14:00,-34.9087,0,1
2026-09-01 23:14:30,-35.5434,0,1
2026-09-01 23:15:00,-35.713,0,1
2026-09-01 23:15:30,-35.5936,0,1
2026-09-01 23:16:00,-34.9938,0,1
2026-09-01 23:16:30,-35.3754,0,1
2026-09-01 23:17:00,-35.2353,0,1
2026-09-01 23:17:30,-35.3677,0,1
2026-09-01 23:18:00,-35.427,0,1
2026-09-01 23:18:30,-35.0258,0,1
2026-09-01 23:19:00,-35.2363,0,1
2026-09-01 23:19:30,-34.9135,0,1
2026-09-01 23:20:00,-34.7194,0,1
2026-09-01 23:20:30,-35.1409,0,1
2026-09-01 23:21:00,-34.8269,0,1
2026-09-01 23:21:30,-34.8814,0,1
2026-09-01 23:22:00,-34.9826,0,1
2026-09-01 23:22:30,-34.9761,0,1
2026-09-01 23:23:00,-34.8225,0,1
2026-09-01 23:23:30,-34.3109,0,1
2026-09-01 23:24:00,-33.5785,0,1
2026-09-01 23:24:30,-33.7162,0,1
2026-09-01 23:25:00,-34.117,0,1
2026-09-01 23:25:30,-34.0387,0,1
2026-09-01 23:26:00,-34.2829,0,1
2026-09-01 23:26:30,-34.2245,0,1
2026-09-01 23:27:00,-34.2878,0,1
2026-09-01 23:27:30,-34.7621,0,1
2026-09-01 23:28:00,-34.3808,0,1
2026-09-01 23:28:30,-34.3992,0,1
2026-09-01 23:29:00,-34.3967,0,1
2026-09-01 23:29:30,-35.6567,0,1
2026-09-01 23:30:00,-34.7511,0,1
2026-09-01 23:30:30,-35.2187,0,1
2026-09-01 23:31:00,-34.9562,0,1
2026-09-01 23:31:30,-34.7605,0,1
2026-09-01 23:32:00,-34.6481,0,1
2026-09-01 23:32:30,-34.6861,0,1
2026-09-01 23:33:00,-34.8762,0,1
2026-09-01 23:33:30,-34.8463,0,1
2026-09-01 23:34:00,-33.6372,0,1
2026-09-01 23:34:30,-35.013,0,1
2026-09-01 23:35:00,-34.8462,0,1
2026-09-01 23:35:30,-34.6147,0,1
2026-09-01 23:36:00,-35.6157,0,1
2026-09-01 23:36:30,-34.869,0,1
2026-09-01 23:37:00,-34.8292,0,1
2026-09-01 23:37:30,-34.4032,0,1
2026-09-01 23:38:00,-34.1898,0,1
2026-09-01 23:38:30,-33.9793,0,1
2026-09-01 23:39:00,-33.9494,0,1
2026-09-01 23:39:30,-34.1912,0,1
2026-09-01 23:40:00,-34.4902,0,1
2026-09-01 23:40:30,-35.2441,0,1
2026-09-01 23:41:00,-35.453,0,1
2026-09-01 23:41:30,-35.1113,0,1
2026-09-01 23:42:00,-34.5007,0,1
2026-09-01 23:42:30,-34.2666,0,1
2026-09-01 23:43:00,-34.5928,0,1
2026-09-01 23:43:30,-34.6648,0,1
2026-09-01 23:44:00,-34.4524,0,1
2026-09-01 23:44:30,-34.9347,0,1
2026-09-01 23:45:00,-34.5894,0,1
2026-09-01 23:45:30,-34.916,0,1
2026-09-01 23:46:00,-34.9315,0,1
2026-09-01 23:46:30,-34.7185,0,1
2026-09-01 23:47:00,-35.5942,0,1
2026-09-01 23:47:30,-34.7441,0,1
2026-09-01 23:48:00,-34.881,0,1
2026-09-01 23:48:30,-35.1382,0,1
2026-09-01 23:49:00,-34.6124,0,1
2026-09-01 23:49:30,-34.981,0,1
2026-09-01 23:50:00,-34.3563,0,1
2026-09-01 23:50:30,-34.0802,0,1
2026-09-01 23:51:00,-34.1854,0,1
2026-09-01 23:51:30,-34.2521,0,1
2026-09-01 23:52:00,-33.9121,0,1
2026-09-01 23:52:30,-33.8146,0,1
2026-09-01 23:53:00,-34.6184,0,1
2026-09-01 23:53:30,-33.8724,0,1
2026-09-01 23:54:00,-33.6294,0,1
2026-09-01 23:54:30,-33.9273,0,1
2026-09-01 23:55:00,-34.5173,0,1
2026-09-01 23:55:30,-34.1672,0,1
2026-09-01 23:56:00,-34.1242,0,1
2026-09-01 23:56:30,-34.1312,0,1
2026-09-01 23:57:00,-35.4324,0,1
2026-09-01 23:57:30,-35.7507,0,1
2026-09-01 23:58:00,-35.0889,0,1
2026-09-01 23:58:30,-35.4161,0,1
2026-09-01 23:59:00,-35.3097,0,1
2026-09-01 23:59:30,-35.8276,0,1
2026-09-02 00:00:00,-35.7164,0,1
2026-09-02 00:00:30,-35.4994,0,1
2026-09-02 00:01:00,-35.7472,0,1
2026-09-02 00:01:30,-35.4176,0,1
2026-09-02 00:02:00,-35.2584,0,1
2026-09-02 00:02:30,-35.5364,0,1
2026-09-02 00:03:00,-35.6718,0,1
2026-09-02 00:03:30,-35.2168,0,1
2026-09-02 00:04:00,-35.1178,0,1
2026-09-02 00:04:30,-34.8271,0,1
2026-09-02 00:05:00,-35.088,0,1
2026-09-02 00:05:30,-34.9864,0,1
2026-09-02 00:06:00,-35.1256,0,1
2026-09-02 00:06:30,-35.4092,0,1
2026-09-02 00:07:00,-35.0672,0,1
2026-09-02 00:07:30,-35.4781,0,1
2026-09-02 00:08:00,-35.1914,0,1
2026-09-02 00:08:30,-34.8588,0,1
2026-09-02 00:09:00,-34.8991,0,1
2026-09-02 00:09:30,-35.025,0,1
2026-09-02 00:10:00,-35.0381,0,1
2026-09-02 00:10:30,-34.7064,0,1
2026-09-02 00:11:00,-35.2089,0,1
2026-09-02 00:11:30,-34.3696,0,1
2026-09-02 00:12:00,-34.4337,0,1
2026-09-02 00:12:30,-35.0179,0,1
2026-09-02 00:13:00,-35.2125,0,1
2026-09-02 00:13:30,-35.3872,0,1
2026-09-02 00:14:00,-35.1144,0,1
2026-09-02 00:14:30,-35.4488,0,1
2026-09-02 00:15:00,-35.0008,0,1
2026-09-02 00:15:30,-34.5604,0,1
2026-09-02 00:16:00,-33.7016,0,1
2026-09-02 00:16:30,-33.0643,0,1
2026-09-02 00:17:00,-33.3677,0,1
2026-09-02 00:17:30,-34.2751,0,1
2026-09-02 00:18:00,-34.2972,0,1
2026-09-02 00:18:30,-33.8566,0,1
2026-09-02 00:19:00,-33.7813,0,1
2026-09-02 00:19:30,-34.6165,0,1
2026-09-02 00:20:00,-34.0688,0,1
2026-09-02 00:20:30,-33.4415,0,1
2026-09-02 00:21:00,-33.4383,0,1
2026-09-02 00:21:30,-34.138,0,1
2026-09-02 00:22:00,-33.7081,0,1
2026-09-02 00:22:30,-35.3585,0,1
2026-09-02 00:23:00,-33.859,0,1
2026-09-02 00:23:30,-33.6742,0,1
2026-09-02 00:24:00,-34.6355,0,1
2026-09-02 00:24:30,-34.6553,0,1
2026-09-02 00:25:00,-34.0885,0,1
2026-09-02 00:25:30,-33.9978,0,1
2026-09-02 00:26:00,-35.0062,0,1
2026-09-02 00:26:30,-34.3609,0,1
2026-09-02 00:27:00,-34.2614,0,1
2026-09-02 00:27:30,-33.8602,0,1
2026-09-02 00:28:00,-33.3836,0,1
2026-09-02 00:28:30,-34.0502,0,1
2026-09-02 00:29:00,-34.293,0,1
2026-09-02 00:29:30,-34.1439,0,1
2026-09-02 00:30:00,-35.1398,0,1
2026-09-02 00:30:30,-34.3633,0,1
2026-09-02 00:31:00,-34.2634,0,1
2026-09-02 00:31:30,-33.702,0,1
2026-09-02 00:32:00,-33.3659,0,1
2026-09-02 00:32:30,-33.9777,0,1
2026-09-02 00:33:00,-34.6298,0,1
2026-09-02 00:33:30,-35.6798,0,1
2026-09-02 00:34:00,-35.8075,0,1
2026-09-02 00:34:30,-35.4089,0,1
2026-09-02 00:35:00,-35.5487,0,1
2026-09-02 00:35:30,-35.8035,0,1
2026-09-02 00:36:00,-35.5546,0,1
2026-09-02 00:36:30,-34.9007,0,1
2026-09-02 00:37:00,-35.186,0,1
2026-09-02 00:37:30,-35.2067,0,1
2026-09-02 00:38:00,-35.9807,0,1
2026-09-02 00:38:30,-36.1453,0,1
2026-09-02 00:39:00,-35.3041,0,1
2026-09-02 00:39:30,-35.9651,0,1
2026-09-02 00:40:00,-34.3632,0,0
2026-09-02 00:40:30,-33.2301,0,0
2026-09-02 00:41:00,-33.2014,0,0
2026-09-02 00:41:30,-33.6018,0,0
2026-09-02 00:42:00,-33.3397,0,0
2026-09-02 00:42:30,-32.9824,0,0
2026-09-02 00:43:00,-30.4682,0,0
2026-09-02 00:43:30,-10.3733,0,0
2026-09-02 00:44:00,3.7169,1,0
2026-09-02 00:44:30,9.9283,1,0
2026-09-02 00:45:00,13.4416,1,0
2026-09-02 00:45:30,6.4629,1,0
2026-09-02 00:46:00,10.1582,1,0
2026-09-02 00:46:30,13.6871,1,0
2026-09-02 00:47:00,12.7251,1,0
2026-09-02 00:47:30,13.4154,1,0
2026-09-02 00:48:00,14.6582,1,0
2026-09-02 00:48:30,12.7202,1,0
2026-09-02 00:49:00,14.1126,1,0
2026-09-02 00:49:30,8.5962,1,0
2026-09-02 00:50:00,11.5712,1,0
2026-09-02 00:50:30,15.3828,1,0
2026-09-02 00:51:00,20.2765,1,0
2026-09-02 00:51:30,21.3096,1,0
2026-09-02 00:52:00,20.2969,1,0
2026-09-02 00:52:30,20.6821,1,0
2026-09-02 00:53:00,13.9798,1,0
2026-09-02 00:53:30,5.3576,1,0
2026-09-02 00:54:00,13.3329,1,0
2026-09-02 00:54:30,13.7776,1,0
2026-09-02 00:55:00,14.2448,1,0
2026-09-02 00:55:30,13.5246,1,0
2026-09-02 00:56:00,15.7033,1,0
2026-09-02 00:56:30,17.3111,1,0
2026-09-02 00:57:00,17.0257,1,0
2026-09-02 00:57:30,18.1695,1,0
2026-09-02 00:58:00,18.8372,1,0
2026-09-02 00:58:30,11.0846,1,0
2026-09-02 00:59:00,21.8023,1,0
2026-09-02 00:59:30,20.9356,1,0
2026-09-02 01:00:00,19.3784,1,0
2026-09-02 01:00:30,16.846,1,0
2026-09-02 01:01:00,16.9527,1,0
2026-09-02 01:01:30,9.7655,1,0
2026-09-02 01:02:00,22.1877,1,0
2026-09-02 01:02:30,11.4035,1,0
2026-09-02 01:03:00,16.8475,1,0
2026-09-02 01:03:30,12.0587,1,0
2026-09-02 01:04:00,15.0992,1,0
2026-09-02 01:04:30,14.8849,1,0
2026-09-02 01:05:00,10.5525,1,0
2026-09-02 01:05:30,11.7959,1,0
2026-09-02 01:06:00,10.7813,1,0
2026-09-02 01:06:30,14.1061,1,0
2026-09-02 01:07:00,16.4979,1,0
2026-09-02 01:07:30,14.1695,1,0
2026-09-02 01:08:00,17.1484,1,0
2026-09-02 01:08:30,16.0519,1,0
2026-09-02 01:09:00,16.2928,1,0
2026-09-02 01:09:30,8.7036,1,0
2026-09-02 01:10:00,8.0805,1,0
2026-09-02 01:10:30,9.4955,1,0
2026-09-02 01:11:00,10.0816,1,0
2026-09-02 01:11:30,10.6897,1,0
2026-09-02 01:12:00,8.52,1,0
2026-09-02 01:12:30,10.305,1,0
2026-09-02 01:13:00,10.4241,1,0
2026-09-02 01:13:30,9.8478,1,0
2026-09-02 01:14:00,10.7166,1,0
2026-09-02 01:14:30,15.7358,1,0
2026-09-02 01:15:00,16.3951,1,0
2026-09-02 01:15:30,8.8856,1,0
2026-09-02 01:16:00,17.9059,1,0
2026-09-02 01:16:30,10.1732,1,0
2026-09-02 01:17:00,14.8725,1,0
2026-09-02 01:17:30,13.1733,1,0
2026-09-02 01:18:00,16.4557,1,0
2026-09-02 01:18:30,18.3555,1,0
2026-09-02 01:19:00,13.9484,1,0
2026-09-02 01:19:30,11.2042,1,0
2026-09-02 01:20:00,0.0002,1,0
2026-09-02 01:20:30,9.1846,1,0
2026-09-02 01:21:00,16.7559,1,0
2026-09-02 01:21:30,10.3873,1,0
2026-09-02 01:22:00,4.8161,1,0
2026-09-02 01:22:30,7.2063,1,0
2026-09-02 01:23:00,8.1681,1,0
2026-09-02 01:23:30,7.472,1,0
2026-09-02 01:24:00,8.2225,1,0
2026-09-02 01:24:30,11.9067,1,0
2026-09-02 01:25:00,13.6326,1,0
2026-09-02 01:25:30,16.169,1,0
2026-09-02 01:26:00,12.9514,1,0
2026-09-02 01:26:30,16.8449,1,0
2026-09-02 01:27:00,17.392,1,0
2026-09-02 01:27:30,18.2565,1,0
2026-09-02 01:28:00,19.5107,1,0
2026-09-02 01:28:30,16.1865,1,0
2026-09-02 01:29:00,11.8288,1,0
2026-09-02 01:29:30,13.0175,1,0
2026-09-02 01:30:00,12.9406,1,0
2026-09-02 01:30:30,8.4032,1,0
2026-09-02 01:31:00,6.0353,1,0
2026-09-02 01:31:30,13.2641,1,0
2026-09-02 01:32:00,11.159,1,0
2026-09-02 01:32:30,13.6567,1,0
2026-09-02 01:33:00,11.4048,1,0
2026-09-02 01:33:30,10.7461,1,0
2026-09-02 01:34:00,5.6093,1,0
2026-09-02 01:34:30,15.7362,1,0
2026-09-02 01:35:00,11.02,1,0
2026-09-02 01:35:30,8.7852,1,0
2026-09-02 01:36:00,3.1044,1,0
2026-09-02 01:36:30,7.2598,1,0
2026-09-02 01:37:00,3.3492,1,0
2026-09-02 01:37:30,5.201,1,0
2026-09-02 01:38:00,15.5484,1,0
2026-09-02 01:38:30,14.5097,1,0
2026-09-02 01:39:00,7.7686,1,0
2026-09-02 01:39:30,10.6859,1,0
2026-09-02 01:40:00,3.1871,1,0
2026-09-02 01:40:30,14.4358,1,0
2026-09-02 01:41:00,15.2022,1,0
2026-09-02 01:41:30,17.2164,1,0
2026-09-02 01:42:00,16.3522,1,0
2026-09-02 01:42:30,17.2568,1,0
2026-09-02 01:43:00,11.1244,1,0
2026-09-02 01:43:30,14.6854,1,0
2026-09-02 01:44:00,12.0878,1,0
2026-09-02 01:44:30,5.6696,1,0
2026-09-02 01:45:00,6.9198,1,0
2026-09-02 01:45:30,9.6662,1,0
2026-09-02 01:46:00,12.3121,1,0
2026-09-02 01:46:30,10.5079,1,0
2026-09-02 01:47:00,8.4792,1,0
2026-09-02 01:47:30,10.1486,1,0
2026-09-02 01:48:00,10.6918,1,0
2026-09-02 01:48:30,16.4221,1,0
2026-09-02 01:49:00,7.1363,1,0
2026-09-02 01:49:30,15.3753,1,0
2026-09-02 01:50:00,19.2003,1,0
2026-09-02 01:50:30,13.5876,1,0
2026-09-02 01:51:00,17.7266,1,0
2026-09-02 01:51:30,14.3875,1,0
2026-09-02 01:52:00,14.6402,1,0
2026-09-02 01:52:30,17.8414,1,0
2026-09-02 01:53:00,17.882,1,0
2026-09-02 01:53:30,14.162,1,0
2026-09-02 01:54:00,11.6763,1,0
2026-09-02 01:54:30,21.8274,1,0
2026-09-02 01:55:00,15.9792,1,0
2026-09-02 01:55:30,19.3375,1,0
2026-09-02 01:56:00,13.5811,1,0
2026-09-02 01:56:30,19.2342,1,0
2026-09-02 01:57:00,19.5991,1,0
2026-09-02 01:57:30,20.4402,1,0
2026-09-02 01:58:00,22.2923,1,0
2026-09-02 01:58:30,16.9279,1,0
2026-09-02 01:59:00,16.0496,1,0
2026-09-02 01:59:30,12.4882,1,0
2026-09-02 02:00:00,7.9594,1,0
2026-09-02 02:00:30,17.51,1,0
2026-09-02 02:01:00,19.9571,1,0
2026-09-02 02:01:30,17.5091,1,0
2026-09-02 02:02:00,10.9489,1,0
2026-09-02 02:02:30,15.1038,1,0
2026-09-02 02:03:00,13.9926,1,0
2026-09-02 02:03:30,9.9311,1,0
2026-09-02 02:04:00,11.0821,1,0
2026-09-02 02:04:30,11.7378,1,0
2026-09-02 02:05:00,9.883,1,0
2026-09-02 02:05:30,1.2022,1,0
2026-09-02 02:06:00,4.9302,1,0
2026-09-02 02:06:30,-0.2698,0,0
2026-09-02 02:07:00,-1.1159,0,0
2026-09-02 02:07:30,2.2368,1,0
2026-09-02 02:08:00,9.318,1,0
2026-09-02 02:08:30,9.4342,1,0
2026-09-02 02:09:00,8.7637,1,0
2026-09-02 02:09:30,12.3998,1,0
2026-09-02 02:10:00,15.9949,1,0
2026-09-02 02:10:30,9.1445,1,0
2026-09-02 02:11:00,17.912,1,0
2026-09-02 02:11:30,15.8216,1,0
2026-09-02 02:12:00,17.1481,1,0
2026-09-02 02:12:30,11.0004,1,0
2026-09-02 02:13:00,18.3789,1,0
2026-09-02 02:13:30,24.966,1,0
2026-09-02 02:14:00,24.916,1,0
2026-09-02 02:14:30,24.1764,1,0
2026-09-02 02:15:00,25.9412,1,0
2026-09-02 02:15:30,18.0085,1,0
2026-09-02 02:16:00,22.6681,1,0
2026-09-02 02:16:30,6.9156,1,0
2026-09-02 02:17:00,14.5523,1,0
2026-09-02 02:17:30,14.0272,1,0
2026-09-02 02:18:00,3.6585,1,0
2026-09-02 02:18:30,9.7011,1,0
2026-09-02 02:19:00,9.1763,1,0
2026-09-02 02:19:30,16.2405,1,0
2026-09-02 02:20:00,5.6158,1,0
2026-09-02 02:20:30,6.5901,1,0
2026-09-02 02:21:00,10.8439,1,0
2026-09-02 02:21:30,9.7335,1,0
2026-09-02 02:22:00,15.2244,1,0
2026-09-02 02:22:30,13.8408,1,0
2026-09-02 02:23:00,24.2538,1,0
2026-09-02 02:23:30,19.4368,1,0
2026-09-02 02:24:00,5.3675,1,0
2026-09-02 02:24:30,9.2398,1,0
2026-09-02 02:25:00,9.4101,1,0
2026-09-02 02:25:30,13.3659,1,0
2026-09-02 02:26:00,17.1838,1,0
2026-09-02 02:26:30,17.8602,1,0
2026-09-02 02:27:00,15.4923,1,0
2026-09-02 02:27:30,10.5791,1,0
2026-09-02 02:28:00,8.6818,1,0
2026-09-02 02:28:30,12.7015,1,0
2026-09-02 02:29:00,11.1994,1,0
2026-09-02 02:29:30,-3.7614,0,0
2026-09-02 02:30:00,15.3868,1,0
2026-09-02 02:30:30,8.974,1,0
2026-09-02 02:31:00,14.2949,1,0
2026-09-02 02:31:30,13.9926,1,0
2026-09-02 02:32:00,15.5666,1,0
2026-09-02 02:32:30,13.5087,1,0
2026-09-02 02:33:00,10.7603,1,0
2026-09-02 02:33:30,9.4362,1,0
2026-09-02 02:34:00,7.8471,1,0
2026-09-02 02:34:30,10.5753,1,0
2026-09-02 02:35:00,0.5987,1,0
2026-09-02 02:35:30,4.7341,1,0
2026-09-02 02:36:00,10.2346,1,0
2026-09-02 02:36:30,5.9609,1,0
2026-09-02 02:37:00,10.1771,1,0
2026-09-02 02:37:30,9.0612,1,0
2026-09-02 02:38:00,6.1365,1,0
2026-09-02 02:38:30,9.8259,1,0
2026-09-02 02:39:00,9.2497,1,0
2026-09-02 02:39:30,12.4435,1,0
2026-09-02 02:40:00,13.4683,1,0
2026-09-02 02:40:30,6.8609,1,0
2026-09-02 02:41:00,8.0218,1,0
2026-09-02 02:41:30,10.8119,1,0
2026-09-02 02:42:00,19.9634,1,0
2026-09-02 02:42:30,19.112,1,0
2026-09-02 02:43:00,17.2103,1,0
2026-09-02 02:43:30,13.671,1,0
2026-09-02 02:44:00,8.1273,1,0
2026-09-02 02:44:30,14.6134,1,0
2026-09-02 02:45:00,14.8223,1,0
2026-09-02 02:45:30,9.3784,1,0
2026-09-02 02:46:00,13.9819,1,0
2026-09-02 02:46:30,11.7653,1,0
2026-09-02 02:47:00,14.8631,1,0
2026-09-02 02:47:30,17.1592,1,0
2026-09-02 02:48:00,14.757,1,0
2026-09-02 02:48:30,15.5785,1,0
2026-09-02 02:49:00,19.0386,1,0
2026-09-02 02:49:30,25.923,1,0
2026-09-02 02:50:00,28.7007,1,0
2026-09-02 02:50:30,25.6384,1,0
2026-09-02 02:51:00,22.078,1,0
2026-09-02 02:51:30,12.4915,1,0
2026-09-02 02:52:00,22.1811,1,0
2026-09-02 02:52:30,15.8871,1,0
2026-09-02 02:53:00,10.4323,1,0
2026-09-02 02:53:30,13.6791,1,0
2026-09-02 02:54:00,10.3973,1,0
2026-09-02 02:54:30,9.5117,1,0
2026-09-02 02:55:00,8.0517,1,0
2026-09-02 02:55:30,19.9893,1,0
2026-09-02 02:56:00,16.2802,1,0
2026-09-02 02:56:30,18.2829,1,0
2026-09-02 02:57:00,20.3718,1,0
2026-09-02 02:57:30,10.4811,1,0
2026-09-02 02:58:00,23.8331,1,0
2026-09-02 02:58:30,22.1463,1,0
2026-09-02 02:59:00,23.8984,1,0
2026-09-02 02:59:30,27.4864,1,0
2026-09-02 03:00:00,28.2685,1,0
2026-09-02 03:00:30,25.6296,1,0
2026-09-02 03:01:00,21.2928,1,0
2026-09-02 03:01:30,11.6515,1,0
2026-09-02 03:02:00,7.2903,1,0
2026-09-02 03:02:30,8.9743,1,0
2026-09-02 03:03:00,13.4994,1,0
2026-09-02 03:03:30,9.3134,1,0
2026-09-02 03:04:00,16.4844,1,0
2026-09-02 03:04:30,17.1185,1,0
2026-09-02 03:05:00,15.7418,1,0
2026-09-02 03:05:30,16.8996,1,0
2026-09-02 03:06:00,10.5675,1,0
2026-09-02 03:06:30,6.3325,1,0
2026-09-02 03:07:00,10.6308,1,0
2026-09-02 03:07:30,11.2253,1,0
2026-09-02 03:08:00,8.8714,1,0
2026-09-02 03:08:30,11.1382,1,0
2026-09-02 03:09:00,19.0089,1,0
2026-09-02 03:09:30,17.4916,1,0
2026-09-02 03:10:00,19.6963,1,0
2026-09-02 03:10:30,18.6979,1,0
2026-09-02 03:11:00,24.4557,1,0
2026-09-02 03:11:30,17.2715,1,0
2026-09-02 03:12:00,12.5458,1,0
2026-09-02 03:12:30,7.1823,1,0
2026-09-02 03:13:00,-1.6474,0,0
2026-09-02 03:13:30,2.1207,1,0
2026-09-02 03:14:00,3.3163,1,0
2026-09-02 03:14:30,2.6091,1,0
2026-09-02 03:15:00,8.1378,1,0
2026-09-02 03:15:30,13.742,1,0
2026-09-02 03:16:00,10.1162,1,0
2026-09-02 03:16:30,11.3454,1,0
2026-09-02 03:17:00,0.9975,1,0
2026-09-02 03:17:30,3.871,1,0
2026-09-02 03:18:00,10.3754,1,0
2026-09-02 03:18:30,4.4177,1,0
2026-09-02 03:19:00,6.8738,1,0
2026-09-02 03:19:30,13.043,1,0
2026-09-02 03:20:00,7.7403,1,0
2026-09-02 03:20:30,9.3652,1,0
2026-09-02 03:21:00,12.0806,1,0
2026-09-02 03:21:30,12.5195,1,0
2026-09-02 03:22:00,15.5759,1,0
2026-09-02 03:22:30,14.0786,1,0
2026-09-02 03:23:00,15.7298,1,0
2026-09-02 03:23:30,16.4871,1,0
2026-09-02 03:24:00,18.0879,1,0
2026-09-02 03:24:30,19.4927,1,0
2026-09-02 03:25:00,21.4162,1,0
2026-09-02 03:25:30,23.3828,1,0
2026-09-02 03:26:00,18.2827,1,0
2026-09-02 03:26:30,23.9726,1,0
2026-09-02 03:27:00,22.6325,1,0
2026-09-02 03:27:30,17.4469,1,0
2026-09-02 03:28:00,14.0787,1,0
2026-09-02 03:28:30,13.5104,1,0
2026-09-02 03:29:00,8.3752,1,0
2026-09-02 03:29:30,2.9446,1,0
2026-09-02 03:30:00,5.6307,1,0
2026-09-02 03:30:30,2.3802,1,0
2026-09-02 03:31:00,15.679,1,0
2026-09-02 03:31:30,16.3876,1,0
2026-09-02 03:32:00,4.3903,1,0
2026-09-02 03:32:30,20.8135,1,0
2026-09-02 03:33:00,20.186,1,0
2026-09-02 03:33:30,24.6076,1,0
2026-09-02 03:34:00,23.708,1,0
2026-09-02 03:34:30,25.7787,1,0
2026-09-02 03:35:00,30.624,1,0
2026-09-02 03:35:30,23.6972,1,0
2026-09-02 03:36:00,21.5565,1,0
2026-09-02 03:36:30,16.6424,1,0
2026-09-02 03:37:00,26.3903,1,0
2026-09-02 03:37:30,21.0584,1,0
2026-09-02 03:38:00,8.086,1,0
2026-09-02 03:38:30,18.3337,1,0
2026-09-02 03:39:00,22.0827,1,0
2026-09-02 03:39:30,22.6408,1,0
2026-09-02 03:40:00,25.0772,1,0
2026-09-02 03:40:30,24.1297,1,0
2026-09-02 03:41:00,24.7716,1,0
2026-09-02 03:41:30,23.7335,1,0
2026-09-02 03:42:00,23.0354,1,0
2026-09-02 03:42:30,23.5368,1,0
2026-09-02 03:43:00,22.5125,1,0
2026-09-02 03:43:30,20.9695,1,0
2026-09-02 03:44:00,23.6676,1,0
2026-09-02 03:44:30,24.817,1,0
2026-09-02 03:45:00,12.8246,1,0
2026-09-02 03:45:30,15.7411,1,0
2026-09-02 03:46:00,17.5003,1,0
2026-09-02 03:46:30,18.5798,1,0
2026-09-02 03:47:00,16.6168,1,0
2026-09-02 03:47:30,15.8596,1,0
2026-09-02 03:48:00,4.8489,1,0
2026-09-02 03:48:30,13.9494,1,0
2026-09-02 03:49:00,9.0934,1,0
2026-09-02 03:49:30,11.7937,1,0
2026-09-02 03:50:00,13.6199,1,0
2026-09-02 03:50:30,16.8793,1,0
2026-09-02 03:51:00,10.971,1,0
2026-09-02 03:51:30,22.7875,1,0
2026-09-02 03:52:00,17.8534,1,0
2026-09-02 03:52:30,21.2953,1,0
2026-09-02 03:53:00,18.1217,1,0
2026-09-02 03:53:30,16.9349,1,0
2026-09-02 03:54:00,13.8633,1,0
2026-09-02 03:54:30,6.5801,1,0
2026-09-02 03:55:00,11.2877,1,0
2026-09-02 03:55:30,14.0347,1,0
2026-09-02 03:56:00,18.5994,1,0
2026-09-02 03:56:30,17.2515,1,0
2026-09-02 03:57:00,9.0959,1,0
2026-09-02 03:57:30,8.3036,1,0
2026-09-02 03:58:00,20.7773,1,0
2026-09-02 03:58:30,16.5302,1,0
2026-09-02 03:59:00,14.4098,1,0
2026-09-02 03:59:30,9.9572,1,0
2026-09-02 04:00:00,10.3844,1,0
2026-09-02 04:00:30,6.6417,1,0
2026-09-02 04:01:00,7.821,1,0
2026-09-02 04:01:30,4.3438,1,0
2026-09-02 04:02:00,15.2597,1,0
2026-09-02 04:02:30,13.356,1,0
2026-09-02 04:03:00,16.0529,1,0
2026-09-02 04:03:30,5.6415,1,0
2026-09-02 04:04:00,12.9498,1,0
2026-09-02 04:04:30,13.4382,1,0
2026-09-02 04:05:00,11.8114,1,0
2026-09-02 04:05:30,13.8097,1,0
2026-09-02 04:06:00,13.2787,1,0
2026-09-02 04:06:30,9.3598,1,0
2026-09-02 04:07:00,13.1306,1,0
2026-09-02 04:07:30,9.695,1,0
2026-09-02 04:08:00,13.714,1,0
2026-09-02 04:08:30,11.4938,1,0
2026-09-02 04:09:00,-5.1027,0,0
2026-09-02 04:09:30,6.5293,1,0
2026-09-02 04:10:00,7.7462,1,0
2026-09-02 04:10:30,10.1462,1,0
2026-09-02 04:11:00,0.4608,1,0
2026-09-02 04:11:30,12.6925,1,0
2026-09-02 04:12:00,7.6993,1,0
2026-09-02 04:12:30,11.0995,1,0
2026-09-02 04:13:00,11.9388,1,0
2026-09-02 04:13:30,12.6504,1,0
2026-09-02 04:14:00,12.2412,1,0
2026-09-02 04:14:30,16.4206,1,0
2026-09-02 04:15:00,13.4075,1,0
2026-09-02 04:15:30,18.0274,1,0
2026-09-02 04:16:00,20.3866,1,0
2026-09-02 04:16:30,18.3165,1,0
2026-09-02 04:17:00,5.3815,1,0
2026-09-02 04:17:30,13.5495,1,0
2026-09-02 04:18:00,11.4341,1,0
2026-09-02 04:18:30,5.6284,1,0
2026-09-02 04:19:00,5.9741,1,0
2026-09-02 04:19:30,6.0355,1,0
2026-09-02 04:20:00,7.9839,1,0
2026-09-02 04:20:30,11.808,1,0
2026-09-02 04:21:00,15.3108,1,0
2026-09-02 04:21:30,7.9952,1,0
2026-09-02 04:22:00,16.1798,1,0
2026-09-02 04:22:30,15.7439,1,0
2026-09-02 04:23:00,18.6504,1,0
2026-09-02 04:23:30,15.4892,1,0
2026-09-02 04:24:00,15.7527,1,0
2026-09-02 04:24:30,19.6273,1,0
2026-09-02 04:25:00,18.5921,1,0
2026-09-02 04:25:30,16.0335,1,0
2026-09-02 04:26:00,18.5766,1,0
2026-09-02 04:26:30,14.3151,1,0
2026-09-02 04:27:00,16.5906,1,0
2026-09-02 04:27:30,14.4414,1,0
2026-09-02 04:28:00,11.369,1,0
2026-09-02 04:28:30,11.2271,1,0
2026-09-02 04:29:00,10.911,1,0
2026-09-02 04:29:30,20.6793,1,0
2026-09-02 04:30:00,21.6196,1,0
2026-09-02 04:30:30,22.19,1,0
2026-09-02 04:31:00,14.3867,1,0
2026-09-02 04:31:30,17.0105,1,0
2026-09-02 04:32:00,18.3357,1,0
2026-09-02 04:32:30,20.8971,1,0
2026-09-02 04:33:00,26.134,1,0
2026-09-02 04:33:30,30.928,1,0
2026-09-02 04:34:00,27.5877,1,0
2026-09-02 04:34:30,27.8138,1,0
2026-09-02 04:35:00,26.05,1,0
2026-09-02 04:35:30,27.7781,1,0
2026-09-02 04:36:00,28.8604,1,0
2026-09-02 04:36:30,23.5886,1,0
2026-09-02 04:37:00,14.9834,1,0
2026-09-02 04:37:30,25.0439,1,0
2026-09-02 04:38:00,15.1425,1,0
2026-09-02 04:38:30,25.209,1,0
2026-09-02 04:39:00,29.2779,1,0
2026-09-02 04:39:30,20.1099,1,0
2026-09-02 04:40:00,18.3496,1,0
2026-09-02 04:40:30,13.0057,1,0
2026-09-02 04:41:00,19.5062,1,0
2026-09-02 04:41:30,16.2046,1,0
2026-09-02 04:42:00,14.5143,1,0
2026-09-02 04:42:30,20.4281,1,0
2026-09-02 04:43:00,6.5881,1,0
2026-09-02 04:43:30,11.5309,1,0
2026-09-02 04:44:00,16.4718,1,0
2026-09-02 04:44:30,22.695,1,0
2026-09-02 04:45:00,24.7749,1,0
2026-09-02 04:45:30,27.0776,1,0
2026-09-02 04:46:00,19.7862,1,0
2026-09-02 04:46:30,22.3306,1,0
2026-09-02 04:47:00,12.4427,1,0
2026-09-02 04:47:30,23.3986,1,0
2026-09-02 04:48:00,21.9429,1,0
2026-09-02 04:48:30,24.6132,1,0
2026-09-02 04:49:00,14.8557,1,0
2026-09-02 04:49:30,18.744,1,0
2026-09-02 04:50:00,20.0717,1,0
2026-09-02 04:50:30,18.1494,1,0
2026-09-02 04:51:00,17.4254,1,0
2026-09-02 04:51:30,18.2943,1,0
2026-09-02 04:52:00,18.8864,1,0
2026-09-02 04:52:30,21.3463,1,0
2026-09-02 04:53:00,28.0446,1,0
2026-09-02 04:53:30,26.1918,1,0
2026-09-02 04:54:00,25.0731,1,0
2026-09-02 04:54:30,22.9465,1,0
2026-09-02 04:55:00,22.0291,1,0
2026-09-02 04:55:30,24.1481,1,0
2026-09-02 04:56:00,20.9125,1,0
2026-09-02 04:56:30,20.1445,1,0
2026-09-02 04:57:00,21.8971,1,0
2026-09-02 04:57:30,20.5505,1,0
2026-09-02 04:58:00,15.6891,1,0
2026-09-02 04:58:30,18.7315,1,0
2026-09-02 04:59:00,23.9106,1,0
2026-09-02 04:59:30,21.2786,1,0
2026-09-02 05:00:00,20.0007,1,0
2026-09-02 05:00:30,25.1426,1,0
2026-09-02 05:01:00,18.5133,1,0
2026-09-02 05:01:30,22.4576,1,0
2026-09-02 05:02:00,28.1191,1,0
2026-09-02 05:02:30,23.8849,1,0
2026-09-02 05:03:00,20.8104,1,0
2026-09-02 05:03:30,25.0002,1,0
2026-09-02 05:04:00,12.0708,1,0
2026-09-02 05:04:30,18.5717,1,0
2026-09-02 05:05:00,19.4651,1,0
2026-09-02 05:05:30,28.5514,1,0
2026-09-02 05:06:00,22.3187,1,0
2026-09-02 05:06:30,27.0802,1,0
2026-09-02 05:07:00,28.5569,1,0
2026-09-02 05:07:30,25.8811,1,0
2026-09-02 05:08:00,28.2513,1,0
2026-09-02 05:08:30,20.5616,1,0
2026-09-02 05:09:00,25.878,1,0
2026-09-02 05:09:30,15.4984,1,0
2026-09-02 05:10:00,14.6994,1,0
2026-09-02 05:10:30,14.2074,1,0
2026-09-02 05:11:00,14.664,1,0
2026-09-02 05:11:30,17.4899,1,0
2026-09-02 05:12:00,19.3377,1,0
2026-09-02 05:12:30,20.0793,1,0
2026-09-02 05:13:00,19.5464,1,0
2026-09-02 05:13:30,21.8737,1,0
2026-09-02 05:14:00,22.9603,1,0
2026-09-02 05:14:30,9.9226,1,0
2026-09-02 05:15:00,25.5021,1,0
2026-09-02 05:15:30,20.8904,1,0
2026-09-02 05:16:00,18.9373,1,0
2026-09-02 05:16:30,25.0012,1,0
2026-09-02 05:17:00,24.3412,1,0
2026-09-02 05:17:30,18.3094,1,0
2026-09-02 05:18:00,25.7526,1,0
2026-09-02 05:18:30,17.6181,1,0
2026-09-02 05:19:00,12.5976,1,0
2026-09-02 05:19:30,10.5489,1,0
2026-09-02 05:20:00,14.1717,1,0
2026-09-02 05:20:30,4.864,1,0
2026-09-02 05:21:00,14.469,1,0
2026-09-02 05:21:30,12.0641,1,0
2026-09-02 05:22:00,17.279,1,0
2026-09-02 05:22:30,20.569,1,0
2026-09-02 05:23:00,19.1965,1,0
2026-09-02 05:23:30,15.7481,1,0
2026-09-02 05:24:00,18.2498,1,0
2026-09-02 05:24:30,24.2848,1,0
2026-09-02 05:25:00,26.2464,1,0
2026-09-02 05:25:30,14.935,1,0
2026-09-02 05:26:00,4.5273,1,0
2026-09-02 05:26:30,10.9855,1,0
2026-09-02 05:27:00,19.269,1,0
2026-09-02 05:27:30,6.771,1,0
2026-09-02 05:28:00,15.4074,1,0
2026-09-02 05:28:30,16.9674,1,0
2026-09-02 05:29:00,18.8704,1,0
2026-09-02 05:29:30,15.0932,1,0
2026-09-02 05:30:00,15.6256,1,0
2026-09-02 05:30:30,20.8882,1,0
2026-09-02 05:31:00,17.0392,1,0
2026-09-02 05:31:30,21.7425,1,0
2026-09-02 05:32:00,19.1731,1,0
2026-09-02 05:32:30,20.14,1,0
2026-09-02 05:33:00,21.0726,1,0
2026-09-02 05:33:30,11.9064,1,0
2026-09-02 05:34:00,10.7536,1,0
2026-09-02 05:34:30,22.1334,1,0
2026-09-02 05:35:00,13.4934,1,0
2026-09-02 05:35:30,24.6494,1,0
2026-09-02 05:36:00,23.3401,1,0
2026-09-02 05:36:30,23.6772,1,0
2026-09-02 05:37:00,24.7808,1,0
2026-09-02 05:37:30,27.7368,1,0
2026-09-02 05:38:00,29.2878,1,0
2026-09-02 05:38:30,25.2661,1,0
2026-09-02 05:39:00,27.3714,1,0
2026-09-02 05:39:30,23.7681,1,0
2026-09-02 05:40:00,20.3501,1,0
2026-09-02 05:40:30,22.5978,1,0
2026-09-02 05:41:00,28.7099,1,0
2026-09-02 05:41:30,24.4769,1,0
2026-09-02 05:42:00,27.8975,1,0
2026-09-02 05:42:30,11.5899,1,0
2026-09-02 05:43:00,18.9117,1,0
2026-09-02 05:43:30,17.2798,1,0
2026-09-02 05:44:00,23.1689,1,0
2026-09-02 05:44:30,26.2424,1,0
2026-09-02 05:45:00,27.6506,1,0
2026-09-02 05:45:30,23.8092,1,0
2026-09-02 05:46:00,17.7934,1,0
2026-09-02 05:46:30,20.6107,1,0
2026-09-02 05:47:00,23.4788,1,0
2026-09-02 05:47:30,12.9493,1,0
2026-09-02 05:48:00,16.6301,1,0
2026-09-02 05:48:30,23.0977,1,0
2026-09-02 05:49:00,24.5362,1,0
2026-09-02 05:49:30,26.3454,1,0
2026-09-02 05:50:00,30.5122,1,0
2026-09-02 05:50:30,24.9159,1,0
2026-09-02 05:51:00,19.2522,1,0
2026-09-02 05:51:30,19.7116,1,0
2026-09-02 05:52:00,10.267,1,0
2026-09-02 05:52:30,14.3687,1,0
2026-09-02 05:53:00,23.6751,1,0
2026-09-02 05:53:30,16.6214,1,0
2026-09-02 05:54:00,22.5396,1,0
2026-09-02 05:54:30,27.3942,1,0
2026-09-02 05:55:00,27.4318,1,0
2026-09-02 05:55:30,20.1426,1,0
2026-09-02 05:56:00,23.7462,1,0
2026-09-02 05:56:30,25.6818,1,0
2026-09-02 05:57:00,30.7466,1,0
2026-09-02 05:57:30,23.6182,1,0
2026-09-02 05:58:00,29.5855,1,0
2026-09-02 05:58:30,15.6752,1,0
2026-09-02 05:59:00,18.9318,1,0
2026-09-02 05:59:30,16.2812,1,0
2026-09-02 06:00:00,17.7841,1,0
2026-09-02 06:00:30,2.9853,1,0
2026-09-02 06:01:00,9.2821,1,0
2026-09-02 06:01:30,13.3569,1,0
2026-09-02 06:02:00,8.113,1,0
2026-09-02 06:02:30,13.1681,1,0
2026-09-02 06:03:00,9.2155,1,0
2026-09-02 06:03:30,11.0975,1,0
2026-09-02 06:04:00,15.007,1,0
2026-09-02 06:04:30,14.3882,1,0
2026-09-02 06:05:00,14.852,1,0
2026-09-02 06:05:30,16.3273,1,0
2026-09-02 06:06:00,17.5546,1,0
2026-09-02 06:06:30,12.6866,1,0
2026-09-02 06:07:00,33.293,1,0
2026-09-02 06:07:30,33.7903,1,0
2026-09-02 06:08:00,32.1474,1,0
2026-09-02 06:08:30,17.9864,1,0
2026-09-02 06:09:00,21.1005,1,0
2026-09-02 06:09:30,22.9643,1,0
2026-09-02 06:10:00,23.9112,1,0
2026-09-02 06:10:30,23.1061,1,0
2026-09-02 06:11:00,23.0403,1,0
2026-09-02 06:11:30,15.773,1,0
2026-09-02 06:12:00,22.0316,1,0
2026-09-02 06:12:30,17.906,1,0
2026-09-02 06:13:00,25.8761,1,0
2026-09-02 06:13:30,27.8805,1,0
2026-09-02 06:14:00,26.9309,1,0
2026-09-02 06:14:30,19.2497,1,0
2026-09-02 06:15:00,18.9563,1,0
2026-09-02 06:15:30,26.8745,1,0
2026-09-02 06:16:00,21.4884,1,0
2026-09-02 06:16:30,24.5235,1,0
2026-09-02 06:17:00,28.2159,1,0
2026-09-02 06:17:30,22.0541,1,0
2026-09-02 06:18:00,26.8948,1,0
2026-09-02 06:18:30,28.5429,1,0
2026-09-02 06:19:00,25.571,1,0
2026-09-02 06:19:30,25.0151,1,0
2026-09-02 06:20:00,15.5938,1,0
2026-09-02 06:20:30,24.4071,1,0
2026-09-02 06:21:00,27.0883,1,0
2026-09-02 06:21:30,25.7299,1,0
2026-09-02 06:22:00,13.6656,1,0
2026-09-02 06:22:30,16.247,1,0
2026-09-02 06:23:00,17.2553,1,0
2026-09-02 06:23:30,21.5384,1,0
2026-09-02 06:24:00,18.0557,1,0
2026-09-02 06:24:30,25.09,1,0
2026-09-02 06:25:00,25.7992,1,0
2026-09-02 06:25:30,27.1988,1,0
2026-09-02 06:26:00,22.2024,1,0
2026-09-02 06:26:30,26.0593,1,0
2026-09-02 06:27:00,26.8121,1,0
2026-09-02 06:27:30,21.6875,1,0
2026-09-02 06:28:00,17.0632,1,0
2026-09-02 06:28:30,5.8656,1,0
2026-09-02 06:29:00,13.9343,1,0
2026-09-02 06:29:30,21.8065,1,0
2026-09-02 06:30:00,22.0027,1,0
2026-09-02 06:30:30,21.3201,1,0
2026-09-02 06:31:00,10.1503,1,0
2026-09-02 06:31:30,13.9667,1,0
2026-09-02 06:32:00,25.8777,1,0
2026-09-02 06:32:30,21.9377,1,0
2026-09-02 06:33:00,23.6227,1,0
2026-09-02 06:33:30,24.5051,1,0
2026-09-02 06:34:00,25.3956,1,0
2026-09-02 06:34:30,14.4533,1,0
2026-09-02 06:35:00,17.2066,1,0
2026-09-02 06:35:30,21.6422,1,0
2026-09-02 06:36:00,21.5224,1,0
2026-09-02 06:36:30,21.195,1,0
2026-09-02 06:37:00,19.2904,1,0
2026-09-02 06:37:30,12.369,1,0
2026-09-02 06:38:00,18.1181,1,0
2026-09-02 06:38:30,18.3004,1,0
2026-09-02 06:39:00,23.9343,1,0
2026-09-02 06:39:30,28.7441,1,0
2026-09-02 06:40:00,11.4332,1,0
2026-09-02 06:40:30,21.7165,1,0
2026-09-02 06:41:00,23.7038,1,0
2026-09-02 06:41:30,22.4796,1,0
2026-09-02 06:42:00,21.6079,1,0
2026-09-02 06:42:30,19.3034,1,0
2026-09-02 06:43:00,19.5268,1,0
2026-09-02 06:43:30,4.4954,1,0
2026-09-02 06:44:00,11.1642,1,0
2026-09-02 06:44:30,22.8161,1,0
2026-09-02 06:45:00,24.3845,1,0
2026-09-02 06:45:30,24.6213,1,0
2026-09-02 06:46:00,20.801,1,0
2026-09-02 06:46:30,21.114,1,0
2026-09-02 06:47:00,22.8611,1,0
2026-09-02 06:47:30,23.821,1,0
2026-09-02 06:48:00,17.1879,1,0
2026-09-02 06:48:30,19.6142,1,0
2026-09-02 06:49:00,14.202,1,0
2026-09-02 06:49:30,16.0384,1,0
2026-09-02 06:50:00,18.876,1,0
2026-09-02 06:50:30,21.9861,1,0
2026-09-02 06:51:00,26.5845,1,0
2026-09-02 06:51:30,25.6654,1,0
2026-09-02 06:52:00,4.8258,1,0
2026-09-02 06:52:30,6.2679,1,0
2026-09-02 06:53:00,4.6701,1,0
2026-09-02 06:53:30,10.0082,1,0
2026-09-02 06:54:00,11.0495,1,0
2026-09-02 06:54:30,16.3562,1,0
2026-09-02 06:55:00,7.7033,1,0
2026-09-02 06:55:30,12.5906,1,0
2026-09-02 06:56:00,9.6139,1,0
2026-09-02 06:56:30,12.4848,1,0
2026-09-02 06:57:00,15.2071,1,0
2026-09-02 06:57:30,16.8436,1,0
2026-09-02 06:58:00,19.5221,1,0
2026-09-02 06:58:30,18.8116,1,0
2026-09-02 06:59:00,21.0462,1,0
2026-09-02 06:59:30,18.6049,1,0
2026-09-02 07:00:00,18.2413,1,0
2026-09-02 07:00:30,7.8121,1,0
2026-09-02 07:01:00,15.3257,1,0
2026-09-02 07:01:30,16.353,1,0
2026-09-02 07:02:00,17.1704,1,0
2026-09-02 07:02:30,19.539,1,0
2026-09-02 07:03:00,21.2375,1,0
2026-09-02 07:03:30,9.5,1,0
2026-09-02 07:04:00,7.6586,1,0
2026-09-02 07:04:30,11.8604,1,0
2026-09-02 07:05:00,12.375,1,0
2026-09-02 07:05:30,8.8782,1,0
2026-09-02 07:06:00,11.5707,1,0
2026-09-02 07:06:30,19.6433,1,0
2026-09-02 07:07:00,24.3629,1,0
2026-09-02 07:07:30,23.1349,1,0
2026-09-02 07:08:00,28.8036,1,0
2026-09-02 07:08:30,26.936,1,0
2026-09-02 07:09:00,24.0,1,0
2026-09-02 07:09:30,19.7719,1,0
2026-09-02 07:10:00,22.2611,1,0
2026-09-02 07:10:30,27.273,1,0
2026-09-02 07:11:00,24.603,1,0
2026-09-02 07:11:30,25.6809,1,0
2026-09-02 07:12:00,27.5037,1,0
2026-09-02 07:12:30,19.9796,1,0
2026-09-02 07:13:00,23.0489,1,0
2026-09-02 07:13:30,17.705,1,0
2026-09-02 07:14:00,24.5133,1,0
2026-09-02 07:14:30,12.3954,1,0
2026-09-02 07:15:00,17.6735,1,0
2026-09-02 07:15:30,19.1438,1,0
2026-09-02 07:16:00,15.3206,1,0
2026-09-02 07:16:30,17.9061,1,0
2026-09-02 07:17:00,25.3505,1,0
2026-09-02 07:17:30,27.25,1,0
2026-09-02 07:18:00,19.2372,1,0
2026-09-02 07:18:30,23.9973,1,0
2026-09-02 07:19:00,18.6658,1,0
2026-09-02 07:19:30,23.0156,1,0
2026-09-02 07:20:00,25.5152,1,0
2026-09-02 07:20:30,14.9604,1,0
2026-09-02 07:21:00,20.4006,1,0
2026-09-02 07:21:30,18.2206,1,0
2026-09-02 07:22:00,19.5072,1,0
2026-09-02 07:22:30,24.7783,1,0
2026-09-02 07:23:00,11.3712,1,0
2026-09-02 07:23:30,22.1239,1,0
2026-09-02 07:24:00,20.3011,1,0
2026-09-02 07:24:30,17.0956,1,0
2026-09-02 07:25:00,22.4171,1,0
2026-09-02 07:25:30,21.2133,1,0
2026-09-02 07:26:00,18.6968,1,0
2026-09-02 07:26:30,17.0685,1,0
2026-09-02 07:27:00,13.4855,1,0
2026-09-02 07:27:30,11.815,1,0
2026-09-02 07:28:00,14.1545,1,0
2026-09-02 07:28:30,3.6699,1,0
2026-09-02 07:29:00,8.9616,1,0
2026-09-02 07:29:30,8.39,1,0
2026-09-02 07:30:00,13.0795,1,0
2026-09-02 07:30:30,9.9136,1,0
2026-09-02 07:31:00,13.8451,1,0
2026-09-02 07:31:30,13.3957,1,0
2026-09-02 07:32:00,23.2255,1,0
2026-09-02 07:32:30,17.5906,1,0
2026-09-02 07:33:00,6.7221,1,0
2026-09-02 07:33:30,16.9758,1,0
2026-09-02 07:34:00,13.9644,1,0
2026-09-02 07:34:30,19.8052,1,0
2026-09-02 07:35:00,22.6581,1,0
2026-09-02 07:35:30,11.8725,1,0
2026-09-02 07:36:00,28.3021,1,0
2026-09-02 07:36:30,16.7055,1,0
2026-09-02 07:37:00,24.1725,1,0
2026-09-02 07:37:30,19.8974,1,0
2026-09-02 07:38:00,7.8413,1,0
2026-09-02 07:38:30,18.0571,1,0
2026-09-02 07:39:00,10.2451,1,0
2026-09-02 07:39:30,19.0537,1,0
2026-09-02 07:40:00,6.2008,1,0
2026-09-02 07:40:30,12.4186,1,0
2026-09-02 07:41:00,14.8522,1,0
2026-09-02 07:41:30,14.9758,1,0
2026-09-02 07:42:00,10.8136,1,0
2026-09-02 07:42:30,7.4917,1,0
2026-09-02 07:43:00,21.812,1,0
2026-09-02 07:43:30,15.5335,1,0
2026-09-02 07:44:00,12.2932,1,0
2026-09-02 07:44:30,12.8797,1,0
2026-09-02 07:45:00,14.1491,1,0
2026-09-02 07:45:30,12.8235,1,0
2026-09-02 07:46:00,13.428,1,0
2026-09-02 07:46:30,14.9164,1,0
2026-09-02 07:47:00,17.1826,1,0
2026-09-02 07:47:30,20.1584,1,0
2026-09-02 07:48:00,22.2196,1,0
2026-09-02 07:48:30,2.6497,1,0
2026-09-02 07:49:00,10.1127,1,0
2026-09-02 07:49:30,17.4527,1,0
2026-09-02 07:50:00,13.1014,1,0
2026-09-02 07:50:30,15.0077,1,0
2026-09-02 07:51:00,17.3273,1,0
2026-09-02 07:51:30,17.864,1,0
2026-09-02 07:52:00,7.0837,1,0
2026-09-02 07:52:30,7.5826,1,0
2026-09-02 07:53:00,8.3991,1,0
2026-09-02 07:53:30,6.864,1,0
2026-09-02 07:54:00,2.9917,1,0
2026-09-02 07:54:30,2.8417,1,0
2026-09-02 07:55:00,6.2805,1,0
2026-09-02 07:55:30,14.9196,1,0
2026-09-02 07:56:00,18.5237,1,0
2026-09-02 07:56:30,3.6597,1,0
2026-09-02 07:57:00,2.8396,1,0
2026-09-02 07:57:30,10.5132,1,0
2026-09-02 07:58:00,12.7076,1,0
2026-09-02 07:58:30,17.157,1,0
2026-09-02 07:59:00,20.5518,1,0
2026-09-02 07:59:30,24.4192,1,0
2026-09-02 08:00:00,25.93,1,0
2026-09-02 08:00:30,28.727,1,0
2026-09-02 08:01:00,18.7737,1,0
2026-09-02 08:01:30,15.2768,1,0
2026-09-02 08:02:00,8.9099,1,0
2026-09-02 08:02:30,14.8598,1,0
2026-09-02 08:03:00,12.6283,1,0
2026-09-02 08:03:30,3.1108,1,0
2026-09-02 08:04:00,12.7292,1,0
2026-09-02 08:04:30,12.8922,1,0
2026-09-02 08:05:00,13.3829,1,0
2026-09-02 08:05:30,12.9829,1,0
2026-09-02 08:06:00,11.4367,1,0
2026-09-02 08:06:30,7.0709,1,0
2026-09-02 08:07:00,12.1012,1,0
2026-09-02 08:07:30,4.0368,1,0
2026-09-02 08:08:00,8.4424,1,0
2026-09-02 08:08:30,10.0721,1,0
2026-09-02 08:09:00,18.9477,1,0
2026-09-02 08:09:30,11.1005,1,0
2026-09-02 08:10:00,12.9651,1,0
2026-09-02 08:10:30,16.9739,1,0
2026-09-02 08:11:00,13.5786,1,0
2026-09-02 08:11:30,8.2784,1,0
2026-09-02 08:12:00,25.1333,1,0
2026-09-02 08:12:30,24.8515,1,0
2026-09-02 08:13:00,26.964,1,0
2026-09-02 08:13:30,15.1086,1,0
2026-09-02 08:14:00,25.9947,1,0
2026-09-02 08:14:30,27.1161,1,0
2026-09-02 08:15:00,27.0021,1,0
2026-09-02 08:15:30,20.6196,1,0
2026-09-02 08:16:00,22.9973,1,0
2026-09-02 08:16:30,16.6781,1,0
2026-09-02 08:17:00,26.6072,1,0
2026-09-02 08:17:30,29.0491,1,0
2026-09-02 08:18:00,22.5564,1,0
2026-09-02 08:18:30,23.8503,1,0
2026-09-02 08:19:00,5.4646,1,0
2026-09-02 08:19:30,5.9169,1,0
2026-09-02 08:20:00,10.8503,1,0
2026-09-02 08:20:30,17.7004,1,0
2026-09-02 08:21:00,19.7778,1,0
2026-09-02 08:21:30,18.5831,1,0
2026-09-02 08:22:00,24.4622,1,0
2026-09-02 08:22:30,13.9539,1,0
2026-09-02 08:23:00,22.8452,1,0
2026-09-02 08:23:30,15.3476,1,0
2026-09-02 08:24:00,19.3113,1,0
2026-09-02 08:24:30,20.7611,1,0
2026-09-02 08:25:00,17.522,1,0
2026-09-02 08:25:30,14.0366,1,0
2026-09-02 08:26:00,19.0085,1,0
2026-09-02 08:26:30,17.4737,1,0
2026-09-02 08:27:00,13.1948,1,0
2026-09-02 08:27:30,15.6539,1,0
2026-09-02 08:28:00,25.4984,1,0
2026-09-02 08:28:30,23.9459,1,0
2026-09-02 08:29:00,28.6593,1,0
2026-09-02 08:29:30,28.3084,1,0
2026-09-02 08:30:00,24.8883,1,0
2026-09-02 08:30:30,20.7594,1,0
2026-09-02 08:31:00,13.6745,1,0
2026-09-02 08:31:30,17.336,1,0
2026-09-02 08:32:00,16.7193,1,0
2026-09-02 08:32:30,-0.7592,0,0
2026-09-02 08:33:00,0.6941,1,0
2026-09-02 08:33:30,10.8871,1,0
2026-09-02 08:34:00,12.7489,1,0
2026-09-02 08:34:30,6.5327,1,0
2026-09-02 08:35:00,11.9131,1,0
2026-09-02 08:35:30,6.204,1,0
2026-09-02 08:36:00,14.9529,1,0
2026-09-02 08:36:30,11.5266,1,0
2026-09-02 08:37:00,13.3118,1,0
2026-09-02 08:37:30,13.0991,1,0
2026-09-02 08:38:00,17.3632,1,0
2026-09-02 08:38:30,14.637,1,0
2026-09-02 08:39:00,16.0895,1,0
2026-09-02 08:39:30,19.9759,1,0
2026-09-02 08:40:00,21.5787,1,0
2026-09-02 08:40:30,22.5201,1,0
2026-09-02 08:41:00,16.9604,1,0
2026-09-02 08:41:30,11.0336,1,0
2026-09-02 08:42:00,17.1937,1,0
2026-09-02 08:42:30,13.4316,1,0
2026-09-02 08:43:00,4.7757,1,0
2026-09-02 08:43:30,13.6401,1,0
2026-09-02 08:44:00,15.9045,1,0
2026-09-02 08:44:30,13.435,1,0
2026-09-02 08:45:00,10.7992,1,0
2026-09-02 08:45:30,23.543,1,0
2026-09-02 08:46:00,20.6824,1,0
2026-09-02 08:46:30,16.0961,1,0
2026-09-02 08:47:00,19.2176,1,0
2026-09-02 08:47:30,14.9606,1,0
2026-09-02 08:48:00,15.0917,1,0
2026-09-02 08:48:30,17.9364,1,0
2026-09-02 08:49:00,22.0585,1,0
2026-09-02 08:49:30,11.4031,1,0
2026-09-02 08:50:00,16.6608,1,0
2026-09-02 08:50:30,16.8911,1,0
2026-09-02 08:51:00,16.3001,1,0
2026-09-02 08:51:30,19.6832,1,0
2026-09-02 08:52:00,20.8848,1,0
2026-09-02 08:52:30,17.088,1,0
2026-09-02 08:53:00,16.5606,1,0
2026-09-02 08:53:30,17.5308,1,0
2026-09-02 08:54:00,26.1241,1,0
2026-09-02 08:54:30,28.3494,1,0
2026-09-02 08:55:00,28.6155,1,0
2026-09-02 08:55:30,26.4714,1,0
2026-09-02 08:56:00,19.9024,1,0
2026-09-02 08:56:30,19.1643,1,0
2026-09-02 08:57:00,18.8242,1,0
2026-09-02 08:57:30,11.7895,1,0
2026-09-02 08:58:00,17.3406,1,0
2026-09-02 08:58:30,14.4969,1,0
2026-09-02 08:59:00,15.1016,1,0
2026-09-02 08:59:30,20.3339,1,0
2026-09-02 09:00:00,20.0631,1,0
2026-09-02 09:00:30,20.8128,1,0
2026-09-02 09:01:00,18.5103,1,0
2026-09-02 09:01:30,12.2384,1,0
2026-09-02 09:02:00,23.8935,1,0
2026-09-02 09:02:30,22.9039,1,0
2026-09-02 09:03:00,24.2316,1,0
2026-09-02 09:03:30,20.3105,1,0
2026-09-02 09:04:00,22.993,1,0
2026-09-02 09:04:30,14.1625,1,0
2026-09-02 09:05:00,22.125,1,0
2026-09-02 09:05:30,18.1579,1,0
2026-09-02 09:06:00,9.8432,1,0
2026-09-02 09:06:30,17.9042,1,0
2026-09-02 09:07:00,16.1832,1,0
2026-09-02 09:07:30,15.0241,1,0
2026-09-02 09:08:00,21.4801,1,0
2026-09-02 09:08:30,15.0861,1,0
2026-09-02 09:09:00,16.1533,1,0
2026-09-02 09:09:30,15.0661,1,0
2026-09-02 09:10:00,18.2407,1,0
2026-09-02 09:10:30,14.5576,1,0
2026-09-02 09:11:00,10.5608,1,0
2026-09-02 09:11:30,13.2025,1,0
2026-09-02 09:12:00,15.4872,1,0
2026-09-02 09:12:30,-0.4665,0,0
2026-09-02 09:13:00,7.0844,1,0
2026-09-02 09:13:30,11.8326,1,0
2026-09-02 09:14:00,17.2085,1,0
2026-09-02 09:14:30,15.9669,1,0
2026-09-02 09:15:00,21.662,1,0
2026-09-02 09:15:30,18.3644,1,0
2026-09-02 09:16:00,20.2992,1,0
2026-09-02 09:16:30,20.2936,1,0
2026-09-02 09:17:00,17.3383,1,0
2026-09-02 09:17:30,20.18,1,0
2026-09-02 09:18:00,16.2023,1,0
2026-09-02 09:18:30,10.8816,1,0
2026-09-02 09:19:00,17.8556,1,0
2026-09-02 09:19:30,18.907,1,0
2026-09-02 09:20:00,19.3711,1,0
2026-09-02 09:20:30,9.7382,1,0
2026-09-02 09:21:00,20.7922,1,0
2026-09-02 09:21:30,5.1831,1,0
2026-09-02 09:22:00,18.3618,1,0
2026-09-02 09:22:30,18.3437,1,0
2026-09-02 09:23:00,16.7143,1,0
2026-09-02 09:23:30,17.127,1,0
2026-09-02 09:24:00,15.4874,1,0
2026-09-02 09:24:30,20.0175,1,0
2026-09-02 09:25:00,17.3942,1,0
2026-09-02 09:25:30,16.9275,1,0
2026-09-02 09:26:00,20.0862,1,0
2026-09-02 09:26:30,13.2208,1,0
2026-09-02 09:27:00,17.1346,1,0
2026-09-02 09:27:30,3.8081,1,0
2026-09-02 09:28:00,14.087,1,0
2026-09-02 09:28:30,14.4288,1,0
2026-09-02 09:29:00,12.7976,1,0
2026-09-02 09:29:30,19.0735,1,0
2026-09-02 09:30:00,12.3819,1,0
2026-09-02 09:30:30,14.0754,1,0
2026-09-02 09:31:00,15.5892,1,0
2026-09-02 09:31:30,18.9341,1,0
2026-09-02 09:32:00,21.7393,1,0
2026-09-02 09:32:30,19.5752,1,0
2026-09-02 09:33:00,27.1499,1,0
2026-09-02 09:33:30,25.1452,1,0
2026-09-02 09:34:00,13.5124,1,0
2026-09-02 09:34:30,15.2607,1,0
2026-09-02 09:35:00,13.787,1,0
2026-09-02 09:35:30,13.5779,1,0
2026-09-02 09:36:00,10.3323,1,0
2026-09-02 09:36:30,21.0572,1,0
2026-09-02 09:37:00,18.6556,1,0
2026-09-02 09:37:30,16.0601,1,0
2026-09-02 09:38:00,10.7877,1,0
2026-09-02 09:38:30,18.6584,1,0
2026-09-02 09:39:00,12.3144,1,0
2026-09-02 09:39:30,10.8903,1,0
2026-09-02 09:40:00,11.5568,1,0
2026-09-02 09:40:30,5.2397,1,0
2026-09-02 09:41:00,10.4003,1,0
2026-09-02 09:41:30,14.9599,1,0
2026-09-02 09:42:00,12.5903,1,0
2026-09-02 09:42:30,14.7597,1,0
2026-09-02 09:43:00,16.9707,1,0
2026-09-02 09:43:30,15.9606,1,0
2026-09-02 09:44:00,2.6363,1,0
2026-09-02 09:44:30,6.2253,1,0
2026-09-02 09:45:00,11.6067,1,0
2026-09-02 09:45:30,17.0622,1,0
2026-09-02 09:46:00,15.4135,1,0
2026-09-02 09:46:30,13.7329,1,0
2026-09-02 09:47:00,18.8622,1,0
2026-09-02 09:47:30,9.0777,1,0
2026-09-02 09:48:00,7.6026,1,0
2026-09-02 09:48:30,10.136,1,0
2026-09-02 09:49:00,9.0849,1,0
2026-09-02 09:49:30,8.1673,1,0
2026-09-02 09:50:00,8.7795,1,0
2026-09-02 09:50:30,6.8109,1,0
2026-09-02 09:51:00,5.0072,1,0
2026-09-02 09:51:30,8.2158,1,0
2026-09-02 09:52:00,9.8137,1,0
2026-09-02 09:52:30,4.5362,1,0
2026-09-02 09:53:00,10.8351,1,0
2026-09-02 09:53:30,12.6577,1,0
2026-09-02 09:54:00,13.6024,1,0
2026-09-02 09:54:30,18.9475,1,0
2026-09-02 09:55:00,25.495,1,0
2026-09-02 09:55:30,23.0082,1,0
2026-09-02 09:56:00,24.6383,1,0
2026-09-02 09:56:30,23.3827,1,0
2026-09-02 09:57:00,23.7962,1,0
2026-09-02 09:57:30,22.1484,1,0
2026-09-02 09:58:00,16.5054,1,0
2026-09-02 09:58:30,19.7146,1,0
2026-09-02 09:59:00,26.8395,1,0
2026-09-02 09:59:30,22.4469,1,0
2026-09-02 10:00:00,17.4794,1,0
2026-09-02 10:00:30,8.7225,1,0
2026-09-02 10:01:00,19.8261,1,0
2026-09-02 10:01:30,25.4409,1,0
2026-09-02 10:02:00,19.9986,1,0
2026-09-02 10:02:30,24.5257,1,0
2026-09-02 10:03:00,17.6221,1,0
2026-09-02 10:03:30,19.7194,1,0
2026-09-02 10:04:00,14.8901,1,0
2026-09-02 10:04:30,20.2603,1,0
2026-09-02 10:05:00,12.1873,1,0
2026-09-02 10:05:30,20.4273,1,0
2026-09-02 10:06:00,20.111,1,0
2026-09-02 10:06:30,13.9912,1,0
2026-09-02 10:07:00,4.5685,1,0
2026-09-02 10:07:30,10.1208,1,0
2026-09-02 10:08:00,10.8965,1,0
2026-09-02 10:08:30,10.6503,1,0
2026-09-02 10:09:00,11.3768,1,0
2026-09-02 10:09:30,14.5524,1,0
2026-09-02 10:10:00,14.9432,1,0
2026-09-02 10:10:30,8.4803,1,0
2026-09-02 10:11:00,2.5863,1,0
2026-09-02 10:11:30,13.3006,1,0
2026-09-02 10:12:00,15.073,1,0
2026-09-02 10:12:30,9.3358,1,0
2026-09-02 10:13:00,2.9956,1,0
2026-09-02 10:13:30,7.6731,1,0
2026-09-02 10:14:00,20.2367,1,0
2026-09-02 10:14:30,18.2705,1,0
2026-09-02 10:15:00,22.4976,1,0
2026-09-02 10:15:30,22.0243,1,0
2026-09-02 10:16:00,18.0197,1,0
2026-09-02 10:16:30,17.9406,1,0
2026-09-02 10:17:00,10.2181,1,0
2026-09-02 10:17:30,8.0781,1,0
2026-09-02 10:18:00,13.7232,1,0
2026-09-02 10:18:30,15.364,1,0
2026-09-02 10:19:00,8.2671,1,0
2026-09-02 10:19:30,16.6427,1,0
2026-09-02 10:20:00,11.9694,1,0
2026-09-02 10:20:30,11.0546,1,0
2026-09-02 10:21:00,13.1704,1,0
2026-09-02 10:21:30,21.4125,1,0
2026-09-02 10:22:00,18.3013,1,0
2026-09-02 10:22:30,23.9942,1,0
2026-09-02 10:23:00,10.3804,1,0
2026-09-02 10:23:30,17.6578,1,0
2026-09-02 10:24:00,16.4995,1,0
2026-09-02 10:24:30,1.399,1,0
2026-09-02 10:25:00,10.6506,1,0
2026-09-02 10:25:30,11.1544,1,0
2026-09-02 10:26:00,10.5484,1,0
2026-09-02 10:26:30,5.1518,1,0
2026-09-02 10:27:00,6.692,1,0
2026-09-02 10:27:30,9.0494,1,0
2026-09-02 10:28:00,14.0671,1,0
2026-09-02 10:28:30,13.3763,1,0
2026-09-02 10:29:00,8.9585,1,0
2026-09-02 10:29:30,15.9369,1,0
2026-09-02 10:30:00,19.0426,1,0
2026-09-02 10:30:30,-4.5114,0,0
2026-09-02 10:31:00,15.6383,1,0
2026-09-02 10:31:30,15.6046,1,0
2026-09-02 10:32:00,13.9409,1,0
2026-09-02 10:32:30,9.6245,1,0
2026-09-02 10:33:00,7.6076,1,0
2026-09-02 10:33:30,3.2194,1,0
2026-09-02 10:34:00,6.477,1,0
2026-09-02 10:34:30,4.741,1,0
2026-09-02 10:35:00,8.3014,1,0
2026-09-02 10:35:30,7.4247,1,0
2026-09-02 10:36:00,6.5531,1,0
2026-09-02 10:36:30,2.8486,1,0
2026-09-02 10:37:00,13.2144,1,0
2026-09-02 10:37:30,15.1017,1,0
2026-09-02 10:38:00,18.5955,1,0
2026-09-02 10:38:30,4.9461,1,0
2026-09-02 10:39:00,15.6034,1,0
2026-09-02 10:39:30,17.0023,1,0
2026-09-02 10:40:00,18.9508,1,0
2026-09-02 10:40:30,16.6918,1,0
2026-09-02 10:41:00,16.2362,1,0
2026-09-02 10:41:30,11.2525,1,0
2026-09-02 10:42:00,19.1936,1,0
2026-09-02 10:42:30,16.966,1,0
2026-09-02 10:43:00,15.6044,1,0
2026-09-02 10:43:30,14.632,1,0
2026-09-02 10:44:00,11.872,1,0
2026-09-02 10:44:30,11.5714,1,0
2026-09-02 10:45:00,14.8125,1,0
2026-09-02 10:45:30,16.0106,1,0
2026-09-02 10:46:00,8.7337,1,0
2026-09-02 10:46:30,8.6288,1,0
2026-09-02 10:47:00,9.4116,1,0
2026-09-02 10:47:30,2.7857,1,0
2026-09-02 10:48:00,6.9639,1,0
2026-09-02 10:48:30,11.7059,1,0
2026-09-02 10:49:00,15.9277,1,0
2026-09-02 10:49:30,23.4636,1,0
2026-09-02 10:50:00,23.3122,1,0
2026-09-02 10:50:30,22.0741,1,0
2026-09-02 10:51:00,18.154,1,0
2026-09-02 10:51:30,21.4455,1,0
2026-09-02 10:52:00,24.9521,1,0
2026-09-02 10:52:30,17.5192,1,0
2026-09-02 10:53:00,18.6233,1,0
2026-09-02 10:53:30,18.5989,1,0
2026-09-02 10:54:00,17.3289,1,0
2026-09-02 10:54:30,13.4644,1,0
2026-09-02 10:55:00,2.7799,1,0
2026-09-02 10:55:30,11.9269,1,0
2026-09-02 10:56:00,17.9895,1,0
2026-09-02 10:56:30,15.1943,1,0
2026-09-02 10:57:00,6.8761,1,0
2026-09-02 10:57:30,5.248,1,0
2026-09-02 10:58:00,13.9985,1,0
2026-09-02 10:58:30,8.3703,1,0
2026-09-02 10:59:00,10.1293,1,0
2026-09-02 10:59:30,13.3004,1,0
2026-09-02 11:00:00,13.5592,1,0
2026-09-02 11:00:30,3.9619,1,0
2026-09-02 11:01:00,15.2136,1,0
2026-09-02 11:01:30,11.3064,1,0
2026-09-02 11:02:00,11.0623,1,0
2026-09-02 11:02:30,6.3448,1,0
2026-09-02 11:03:00,5.3191,1,0
2026-09-02 11:03:30,5.1213,1,0
2026-09-02 11:04:00,6.9189,1,0
2026-09-02 11:04:30,11.0771,1,0
2026-09-02 11:05:00,15.3297,1,0
2026-09-02 11:05:30,20.0362,1,0
2026-09-02 11:06:00,15.9177,1,0
2026-09-02 11:06:30,12.4375,1,0
2026-09-02 11:07:00,13.4875,1,0
2026-09-02 11:07:30,10.2092,1,0
2026-09-02 11:08:00,6.7588,1,0
2026-09-02 11:08:30,2.7333,1,0
2026-09-02 11:09:00,6.8121,1,0
2026-09-02 11:09:30,10.9625,1,0
2026-09-02 11:10:00,14.0074,1,0
2026-09-02 11:10:30,-6.4458,0,0
2026-09-02 11:11:00,-7.1863,0,0
2026-09-02 11:11:30,1.2695,1,0
2026-09-02 11:12:00,-5.9088,0,0
2026-09-02 11:12:30,-0.5134,0,0
2026-09-02 11:13:00,-0.5646,0,0
2026-09-02 11:13:30,0.0001,1,0
2026-09-02 11:14:00,-1.7567,0,0
2026-09-02 11:14:30,-1.0771,0,0
2026-09-02 11:15:00,-0.9765,0,0
2026-09-02 11:15:30,-1.4896,0,0
2026-09-02 11:16:00,-3.0818,0,0
2026-09-02 11:16:30,-1.1446,0,0
2026-09-02 11:17:00,2.5992,1,0
2026-09-02 11:17:30,-0.0001,0,0
2026-09-02 11:18:00,7.4983,1,0
2026-09-02 11:18:30,11.1764,1,0
2026-09-02 11:19:00,10.9067,1,0
2026-09-02 11:19:30,6.2871,1,0
2026-09-02 11:20:00,9.9389,1,0
2026-09-02 11:20:30,10.5074,1,0
2026-09-02 11:21:00,12.3615,1,0
2026-09-02 11:21:30,17.9331,1,0
2026-09-02 11:22:00,16.9166,1,0
2026-09-02 11:22:30,12.2979,1,0
2026-09-02 11:23:00,0.1174,1,0
2026-09-02 11:23:30,4.8383,1,0
2026-09-02 11:24:00,9.5763,1,0
2026-09-02 11:24:30,14.975,1,0
2026-09-02 11:25:00,15.9134,1,0
2026-09-02 11:25:30,11.764,1,0
2026-09-02 11:26:00,6.3369,1,0
2026-09-02 11:26:30,13.8476,1,0
2026-09-02 11:27:00,18.0602,1,0
2026-09-02 11:27:30,17.4723,1,0
2026-09-02 11:28:00,17.6841,1,0
2026-09-02 11:28:30,21.9909,1,0
2026-09-02 11:29:00,19.5527,1,0
2026-09-02 11:29:30,19.465,1,0
2026-09-02 11:30:00,15.2236,1,0
2026-09-02 11:30:30,20.3437,1,0
2026-09-02 11:31:00,19.281,1,0
2026-09-02 11:31:30,15.8813,1,0
2026-09-02 11:32:00,21.832,1,0
2026-09-02 11:32:30,21.6541,1,0
2026-09-02 11:33:00,19.7634,1,0
2026-09-02 11:33:30,5.3604,1,0
2026-09-02 11:34:00,-10.4502,0,0
2026-09-02 11:34:30,-14.7493,0,0
2026-09-02 11:35:00,-15.5483,0,0
2026-09-02 11:35:30,-6.1769,0,0
2026-09-02 11:36:00,-3.6175,0,0
2026-09-02 11:36:30,-1.2337,0,0
2026-09-02 11:37:00,3.8744,1,0
2026-09-02 11:37:30,9.7406,1,0
2026-09-02 11:38:00,15.3584,1,0
2026-09-02 11:38:30,10.6742,1,0
2026-09-02 11:39:00,16.5602,1,0
2026-09-02 11:39:30,20.8418,1,0
2026-09-02 11:40:00,21.8775,1,0
2026-09-02 11:40:30,14.1345,1,0
2026-09-02 11:41:00,11.4571,1,0
2026-09-02 11:41:30,16.7025,1,0
2026-09-02 11:42:00,15.4292,1,0
2026-09-02 11:42:30,22.7487,1,0
2026-09-02 11:43:00,22.787,1,0
2026-09-02 11:43:30,23.4305,1,0
2026-09-02 11:44:00,23.0765,1,0
2026-09-02 11:44:30,13.3992,1,0
2026-09-02 11:45:00,19.5035,1,0
2026-09-02 11:45:30,21.2849,1,0
2026-09-02 11:46:00,18.3162,1,0
2026-09-02 11:46:30,4.8467,1,0
2026-09-02 11:47:00,18.4792,1,0
2026-09-02 11:47:30,10.2896,1,0
2026-09-02 11:48:00,20.7696,1,0
2026-09-02 11:48:30,12.7914,1,0
2026-09-02 11:49:00,14.0841,1,0
2026-09-02 11:49:30,20.8891,1,0
2026-09-02 11:50:00,21.8631,1,1
2026-09-02 11:50:30,-23.6313,0,1
2026-09-02 11:51:00,-35.4324,0,1
2026-09-02 11:51:30,-36.9642,0,1
2026-09-02 11:52:00,-36.9642,0,1
2026-09-02 11:52:30,-36.9642,0,1
2026-09-02 11:53:00,-36.9642,0,1
2026-09-02 11:53:30,-36.9642,0,1
2026-09-02 11:54:00,-36.9642,0,1
2026-09-02 11:54:30,-36.9642,0,1
2026-09-02 11:55:00,-36.9642,0,1
2026-09-02 11:55:30,-36.9642,0,1
2026-09-02 11:56:00,-36.9642,0,1
2026-09-02 11:56:30,-36.9642,0,1
2026-09-02 11:57:00,-36.9642,0,1
2026-09-02 11:57:30,-36.9642,0,1
2026-09-02 11:58:00,-36.9642,0,1
2026-09-02 11:58:30,-36.9642,0,1
2026-09-02 11:59:00,-36.9642,0,1
2026-09-02 11:59:30,-36.9642,0,1
2026-09-02 12:00:00,-36.9642,0,1
2026-09-02 12:00:30,-36.9642,0,1
2026-09-02 12:01:00,-36.9642,0,1
2026-09-02 12:01:30,-36.9642,0,1
2026-09-02 12:02:00,-36.9642,0,1
2026-09-02 12:02:30,-36.9642,0,1
2026-09-02 12:03:00,-36.9642,0,1
2026-09-02 12:03:30,-36.9642,0,1
2026-09-02 12:04:00,-36.9642,0,1
2026-09-02 12:04:30,-36.9642,0,1
2026-09-02 12:05:00,-36.9642,0,1
2026-09-02 12:05:30,-36.9642,0,1
2026-09-02 12:06:00,-36.9642,0,1
2026-09-02 12:06:30,-36.9642,0,1
2026-09-02 12:07:00,-36.9642,0,1
2026-09-02 12:07:30,-36.9642,0,1
2026-09-02 12:08:00,-36.9642,0,1
2026-09-02 12:08:30,-36.9642,0,1
2026-09-02 12:09:00,-36.9642,0,1
2026-09-02 12:09:30,-36.9642,0,1
2026-09-02 12:10:00,-36.9642,0,1
2026-09-02 12:10:30,-36.9642,0,1
2026-09-02 12:11:00,-36.9642,0,1
2026-09-02 12:11:30,-36.9642,0,1
2026-09-02 12:12:00,-36.9642,0,1
2026-09-02 12:12:30,-36.9642,0,1
2026-09-02 12:13:00,-36.9642,0,1
2026-09-02 12:13:30,-36.9642,0,1
2026-09-02 12:14:00,-36.9641,0,1
2026-09-02 12:14:30,-36.9611,0,1
2026-09-02 12:15:00,-35.9454,0,0
2026-09-02 12:15:30,-35.7129,0,0
2026-09-02 12:16:00,-35.7353,0,0
2026-09-02 12:16:30,-35.9395,0,0
2026-09-02 12:17:00,-35.937,0,0
2026-09-02 12:17:30,-35.8887,0,0
2026-09-02 12:18:00,-35.9063,0,0
2026-09-02 12:18:30,-35.7847,0,0
2026-09-02 12:19:00,-35.8047,0,0
2026-09-02 12:19:30,-30.8093,0,0
2026-09-02 12:20:00,5.3156,1,0
2026-09-02 12:20:30,14.6265,1,0
2026-09-02 12:21:00,15.7331,1,0
2026-09-02 12:21:30,16.1526,1,0
2026-09-02 12:22:00,10.2356,1,0
2026-09-02 12:22:30,3.549,1,0
2026-09-02 12:23:00,11.4018,1,0
2026-09-02 12:23:30,12.8824,1,0
2026-09-02 12:24:00,13.3095,1,0
2026-09-02 12:24:30,13.4278,1,0
2026-09-02 12:25:00,9.1082,1,0
2026-09-02 12:25:30,3.8134,1,0
2026-09-02 12:26:00,15.2436,1,0
2026-09-02 12:26:30,13.6692,1,0
2026-09-02 12:27:00,9.6461,1,0
2026-09-02 12:27:30,17.7902,1,0
2026-09-02 12:28:00,18.5101,1,0
2026-09-02 12:28:30,18.087,1,0
2026-09-02 12:29:00,7.6585,1,0
2026-09-02 12:29:30,13.9516,1,0
2026-09-02 12:30:00,10.1544,1,0
2026-09-02 12:30:30,7.4418,1,0
2026-09-02 12:31:00,8.3965,1,0
2026-09-02 12:31:30,13.6878,1,0
2026-09-02 12:32:00,6.1435,1,0
2026-09-02 12:32:30,5.5591,1,0
2026-09-02 12:33:00,2.6775,1,0
2026-09-02 12:33:30,11.5561,1,0
2026-09-02 12:34:00,17.3352,1,0
2026-09-02 12:34:30,16.2322,1,0
2026-09-02 12:35:00,10.1544,1,0
2026-09-02 12:35:30,6.6314,1,0
2026-09-02 12:36:00,1.6095,1,0
2026-09-02 12:36:30,2.9009,1,0
2026-09-02 12:37:00,4.8098,1,0
2026-09-02 12:37:30,8.8988,1,0
2026-09-02 12:38:00,15.0902,1,0
2026-09-02 12:38:30,17.7569,1,0
2026-09-02 12:39:00,15.4875,1,0
2026-09-02 12:39:30,16.6654,1,0
2026-09-02 12:40:00,19.9915,1,0
2026-09-02 12:40:30,3.0609,1,0
2026-09-02 12:41:00,11.7333,1,0
2026-09-02 12:41:30,17.3464,1,0
2026-09-02 12:42:00,6.4915,1,0
2026-09-02 12:42:30,3.9203,1,0
2026-09-02 12:43:00,14.6361,1,0
2026-09-02 12:43:30,13.9848,1,0
2026-09-02 12:44:00,20.6847,1,0
2026-09-02 12:44:30,24.1831,1,0
2026-09-02 12:45:00,14.6649,1,0
2026-09-02 12:45:30,18.1348,1,0
2026-09-02 12:46:00,21.8577,1,0
2026-09-02 12:46:30,21.3553,1,0
2026-09-02 12:47:00,22.8529,1,0
2026-09-02 12:47:30,14.9967,1,0
2026-09-02 12:48:00,14.4536,1,0
2026-09-02 12:48:30,17.9332,1,0
2026-09-02 12:49:00,19.2818,1,0
2026-09-02 12:49:30,8.8093,1,0
2026-09-02 12:50:00,13.0914,1,0
2026-09-02 12:50:30,10.201,1,0
2026-09-02 12:51:00,10.396,1,0
2026-09-02 12:51:30,12.8785,1,0
2026-09-02 12:52:00,13.5713,1,0
2026-09-02 12:52:30,10.7193,1,0
2026-09-02 12:53:00,8.8677,1,0
2026-09-02 12:53:30,13.3796,1,0
2026-09-02 12:54:00,14.0292,1,0
2026-09-02 12:54:30,17.0258,1,0
2026-09-02 12:55:00,8.5929,1,0
2026-09-02 12:55:30,5.8601,1,0
2026-09-02 12:56:00,13.6977,1,0
2026-09-02 12:56:30,9.4733,1,0
2026-09-02 12:57:00,8.1695,1,0
2026-09-02 12:57:30,15.1886,1,0
2026-09-02 12:58:00,16.221,1,0
2026-09-02 12:58:30,17.787,1,0
2026-09-02 12:59:00,14.4013,1,0
2026-09-02 12:59:30,17.4883,1,0
2026-09-02 13:00:00,17.2552,1,0
2026-09-02 13:00:30,17.9155,1,0
2026-09-02 13:01:00,16.2349,1,0
2026-09-02 13:01:30,22.837,1,0
2026-09-02 13:02:00,25.2791,1,0
2026-09-02 13:02:30,13.167,1,0
2026-09-02 13:03:00,21.7387,1,0
2026-09-02 13:03:30,19.4586,1,0
2026-09-02 13:04:00,13.846,1,0
2026-09-02 13:04:30,19.8153,1,0
2026-09-02 13:05:00,10.4036,1,0
2026-09-02 13:05:30,10.8204,1,0
2026-09-02 13:06:00,-2.0761,0,0
2026-09-02 13:06:30,-5.783,0,0
2026-09-02 13:07:00,6.7857,1,0
2026-09-02 13:07:30,3.0196,1,0
2026-09-02 13:08:00,15.3533,1,0
2026-09-02 13:08:30,16.9644,1,0
2026-09-02 13:09:00,17.307,1,0
2026-09-02 13:09:30,16.4229,1,0
2026-09-02 13:10:00,17.1729,1,0
2026-09-02 13:10:30,13.6336,1,0
2026-09-02 13:11:00,14.601,1,0
2026-09-02 13:11:30,19.0642,1,0
2026-09-02 13:12:00,2.3344,1,0
2026-09-02 13:12:30,9.9506,1,0
2026-09-02 13:13:00,16.493,1,0
2026-09-02 13:13:30,4.522,1,0
2026-09-02 13:14:00,7.46,1,0
2026-09-02 13:14:30,18.3847,1,0
2026-09-02 13:15:00,17.045,1,0
2026-09-02 13:15:30,14.5413,1,0
2026-09-02 13:16:00,16.1191,1,0
2026-09-02 13:16:30,19.1686,1,0
2026-09-02 13:17:00,18.0766,1,0
2026-09-02 13:17:30,19.2216,1,0
2026-09-02 13:18:00,19.3322,1,0
2026-09-02 13:18:30,18.4587,1,0
2026-09-02 13:19:00,21.1759,1,0
2026-09-02 13:19:30,19.0214,1,0
2026-09-02 13:20:00,12.3567,1,0
2026-09-02 13:20:30,12.3303,1,0
2026-09-02 13:21:00,11.8623,1,0
2026-09-02 13:21:30,3.7188,1,0
2026-09-02 13:22:00,-0.0003,0,0
2026-09-02 13:22:30,0.6524,1,0
2026-09-02 13:23:00,8.0641,1,0
2026-09-02 13:23:30,9.3328,1,0
2026-09-02 13:24:00,17.4106,1,0
2026-09-02 13:24:30,20.6613,1,0
2026-09-02 13:25:00,17.774,1,0
2026-09-02 13:25:30,15.5533,1,0
2026-09-02 13:26:00,19.6623,1,0
2026-09-02 13:26:30,14.3889,1,0
2026-09-02 13:27:00,14.3718,1,0
2026-09-02 13:27:30,12.1138,1,0
2026-09-02 13:28:00,16.4963,1,0
2026-09-02 13:28:30,14.0291,1,0
2026-09-02 13:29:00,12.0672,1,0
2026-09-02 13:29:30,20.5005,1,0
2026-09-02 13:30:00,20.8328,1,0
2026-09-02 13:30:30,9.8221,1,0
2026-09-02 13:31:00,9.6013,1,0
2026-09-02 13:31:30,8.8476,1,0
2026-09-02 13:32:00,14.919,1,0
2026-09-02 13:32:30,5.9293,1,0
2026-09-02 13:33:00,16.6301,1,0
2026-09-02 13:33:30,16.2972,1,0
2026-09-02 13:34:00,14.0715,1,0
2026-09-02 13:34:30,11.4283,1,0
2026-09-02 13:35:00,15.5512,1,0
2026-09-02 13:35:30,19.9895,1,0
2026-09-02 13:36:00,15.241,1,0
2026-09-02 13:36:30,13.4567,1,0
2026-09-02 13:37:00,18.7057,1,0
2026-09-02 13:37:30,20.0662,1,0
2026-09-02 13:38:00,12.2707,1,0
2026-09-02 13:38:30,11.4908,1,0
2026-09-02 13:39:00,13.3412,1,0
2026-09-02 13:39:30,21.857,1,0
2026-09-02 13:40:00,23.1764,1,0
2026-09-02 13:40:30,25.0097,1,0
2026-09-02 13:41:00,20.1727,1,0
2026-09-02 13:41:30,27.1125,1,0
2026-09-02 13:42:00,24.9767,1,0
2026-09-02 13:42:30,18.2108,1,0
2026-09-02 13:43:00,14.2192,1,0
2026-09-02 13:43:30,12.9418,1,0
2026-09-02 13:44:00,2.543,1,0
2026-09-02 13:44:30,10.9052,1,0
2026-09-02 13:45:00,9.2992,1,0
2026-09-02 13:45:30,6.502,1,0
2026-09-02 13:46:00,4.5885,1,0
2026-09-02 13:46:30,16.1954,1,0
2026-09-02 13:47:00,20.625,1,0
2026-09-02 13:47:30,24.176,1,0
2026-09-02 13:48:00,20.8411,1,0
2026-09-02 13:48:30,16.0966,1,0
2026-09-02 13:49:00,15.8366,1,0
2026-09-02 13:49:30,13.0134,1,0
2026-09-02 13:50:00,2.1519,1,0
2026-09-02 13:50:30,-0.1834,0,0
2026-09-02 13:51:00,-2.7452,0,0
2026-09-02 13:51:30,0.6622,1,0
2026-09-02 13:52:00,5.9234,1,0
2026-09-02 13:52:30,8.4377,1,0
2026-09-02 13:53:00,13.6717,1,0
2026-09-02 13:53:30,28.4938,1,0
2026-09-02 13:54:00,26.9203,1,0
2026-09-02 13:54:30,27.9454,1,0
2026-09-02 13:55:00,19.1253,1,0
2026-09-02 13:55:30,16.0942,1,0
2026-09-02 13:56:00,15.6521,1,0
2026-09-02 13:56:30,19.4812,1,0
2026-09-02 13:57:00,1.9739,1,0
2026-09-02 13:57:30,8.8268,1,0
2026-09-02 13:58:00,18.9848,1,0
2026-09-02 13:58:30,11.9876,1,0
2026-09-02 13:59:00,3.3128,1,0
2026-09-02 13:59:30,12.2112,1,0
2026-09-02 14:00:00,14.4701,1,0
2026-09-02 14:00:30,16.2259,1,0
2026-09-02 14:01:00,16.3748,1,0
2026-09-02 14:01:30,13.6121,1,0
2026-09-02 14:02:00,13.5817,1,0
2026-09-02 14:02:30,10.6522,1,0
2026-09-02 14:03:00,-9.5858,0,0
2026-09-02 14:03:30,22.8177,1,0
2026-09-02 14:04:00,25.6268,1,0
2026-09-02 14:04:30,26.5479,1,0
2026-09-02 14:05:00,22.9335,1,0
2026-09-02 14:05:30,5.8948,1,0
2026-09-02 14:06:00,17.099,1,0
2026-09-02 14:06:30,14.0791,1,0
2026-09-02 14:07:00,14.6253,1,0
2026-09-02 14:07:30,11.649,1,0
2026-09-02 14:08:00,12.9214,1,0
2026-09-02 14:08:30,9.0505,1,0
2026-09-02 14:09:00,17.7868,1,0
2026-09-02 14:09:30,20.5267,1,0
2026-09-02 14:10:00,23.7498,1,0
2026-09-02 14:10:30,23.6611,1,0
2026-09-02 14:11:00,20.6934,1,0
2026-09-02 14:11:30,13.9708,1,0
2026-09-02 14:12:00,23.2088,1,0
2026-09-02 14:12:30,19.6388,1,0
2026-09-02 14:13:00,22.9053,1,0
2026-09-02 14:13:30,14.908,1,0
2026-09-02 14:14:00,18.2688,1,0
2026-09-02 14:14:30,8.6981,1,0
2026-09-02 14:15:00,10.0896,1,0
2026-09-02 14:15:30,10.7584,1,0
2026-09-02 14:16:00,-3.5889,0,0
2026-09-02 14:16:30,3.3389,1,0
2026-09-02 14:17:00,2.5904,1,0
2026-09-02 14:17:30,3.8204,1,0
2026-09-02 14:18:00,4.5647,1,0
2026-09-02 14:18:30,3.5107,1,0
2026-09-02 14:19:00,-0.0001,0,0
2026-09-02 14:19:30,5.2449,1,0
2026-09-02 14:20:00,-3.2177,0,0
2026-09-02 14:20:30,0.7298,1,0
2026-09-02 14:21:00,-2.9629,0,0
2026-09-02 14:21:30,-6.2742,0,0
2026-09-02 14:22:00,6.8441,1,0
2026-09-02 14:22:30,8.552,1,0
2026-09-02 14:23:00,10.2692,1,0
2026-09-02 14:23:30,13.48,1,0
2026-09-02 14:24:00,16.3228,1,0
2026-09-02 14:24:30,16.7346,1,0
2026-09-02 14:25:00,14.0112,1,0
2026-09-02 14:25:30,18.4562,1,0
2026-09-02 14:26:00,19.2141,1,0
2026-09-02 14:26:30,23.1599,1,0
2026-09-02 14:27:00,16.7504,1,0
2026-09-02 14:27:30,20.3578,1,0
2026-09-02 14:28:00,-7.893,0,0
2026-09-02 14:28:30,2.039,1,0
2026-09-02 14:29:00,-13.1724,0,0
2026-09-02 14:29:30,-6.2531,0,0
2026-09-02 14:30:00,-3.2198,0,0
2026-09-02 14:30:30,-2.9264,0,0
2026-09-02 14:31:00,-0.5927,0,0
2026-09-02 14:31:30,0.6828,1,0
2026-09-02 14:32:00,0.5588,1,0
2026-09-02 14:32:30,1.9581,1,0
2026-09-02 14:33:00,0.5545,1,0
2026-09-02 14:33:30,-3.267,0,0
2026-09-02 14:34:00,11.9498,1,0
2026-09-02 14:34:30,17.4004,1,0
2026-09-02 14:35:00,-4.9703,0,0
2026-09-02 14:35:30,14.3286,1,0
2026-09-02 14:36:00,19.8601,1,0
2026-09-02 14:36:30,17.5878,1,0
2026-09-02 14:37:00,20.1699,1,0
2026-09-02 14:37:30,15.2394,1,0
2026-09-02 14:38:00,0.594,1,0
2026-09-02 14:38:30,19.898,1,0
2026-09-02 14:39:00,24.002,1,0
2026-09-02 14:39:30,13.4826,1,0
2026-09-02 14:40:00,11.3585,1,0
2026-09-02 14:40:30,20.6798,1,0
2026-09-02 14:41:00,8.8095,1,0
2026-09-02 14:41:30,14.9829,1,0
2026-09-02 14:42:00,20.662,1,0
2026-09-02 14:42:30,19.1312,1,0
2026-09-02 14:43:00,21.1625,1,0
2026-09-02 14:43:30,17.9632,1,0
2026-09-02 14:44:00,5.4665,1,0
2026-09-02 14:44:30,16.3764,1,0
2026-09-02 14:45:00,19.6817,1,0
2026-09-02 14:45:30,15.8948,1,0
2026-09-02 14:46:00,11.9106,1,0
2026-09-02 14:46:30,15.2683,1,0
2026-09-02 14:47:00,16.5509,1,0
2026-09-02 14:47:30,16.2265,1,0
2026-09-02 14:48:00,13.7239,1,0
2026-09-02 14:48:30,6.1657,1,0
2026-09-02 14:49:00,5.4785,1,0
2026-09-02 14:49:30,7.4226,1,0
2026-09-02 14:50:00,11.0193,1,0
2026-09-02 14:50:30,17.3535,1,0
2026-09-02 14:51:00,13.3345,1,0
2026-09-02 14:51:30,11.9326,1,0
2026-09-02 14:52:00,16.7271,1,0
2026-09-02 14:52:30,19.9001,1,0
2026-09-02 14:53:00,19.885,1,0
2026-09-02 14:53:30,20.4261,1,0
2026-09-02 14:54:00,14.8795,1,0
2026-09-02 14:54:30,18.4577,1,0
2026-09-02 14:55:00,10.4696,1,0
2026-09-02 14:55:30,13.6303,1,0
2026-09-02 14:56:00,9.0264,1,0
2026-09-02 14:56:30,7.3904,1,0
2026-09-02 14:57:00,11.9421,1,0
2026-09-02 14:57:30,0.6668,1,0
2026-09-02 14:58:00,16.4211,1,0
2026-09-02 14:58:30,21.8677,1,0
2026-09-02 14:59:00,16.5921,1,0
2026-09-02 14:59:30,18.7583,1,0
2026-09-02 15:00:00,29.0741,1,0
2026-09-02 15:00:30,27.8065,1,0
2026-09-02 15:01:00,23.0764,1,0
2026-09-02 15:01:30,19.0707,1,0
2026-09-02 15:02:00,19.981,1,0
2026-09-02 15:02:30,21.0868,1,0
2026-09-02 15:03:00,26.0339,1,0
2026-09-02 15:03:30,17.3602,1,0
2026-09-02 15:04:00,28.9966,1,0
2026-09-02 15:04:30,18.387,1,0
2026-09-02 15:05:00,17.8791,1,0
2026-09-02 15:05:30,17.843,1,0
2026-09-02 15:06:00,8.6136,1,0
2026-09-02 15:06:30,9.7351,1,0
2026-09-02 15:07:00,12.3384,1,0
2026-09-02 15:07:30,11.8651,1,0
2026-09-02 15:08:00,15.1574,1,0
2026-09-02 15:08:30,18.4703,1,0
2026-09-02 15:09:00,13.3987,1,0
2026-09-02 15:09:30,12.4221,1,0
2026-09-02 15:10:00,6.3676,1,0
2026-09-02 15:10:30,11.0831,1,0
2026-09-02 15:11:00,13.2205,1,0
2026-09-02 15:11:30,21.2891,1,0
2026-09-02 15:12:00,24.8684,1,0
2026-09-02 15:12:30,20.908,1,0
2026-09-02 15:13:00,21.4991,1,0
2026-09-02 15:13:30,26.7019,1,0
2026-09-02 15:14:00,24.8966,1,0
2026-09-02 15:14:30,19.8278,1,0
2026-09-02 15:15:00,26.186,1,0
2026-09-02 15:15:30,24.447,1,0
2026-09-02 15:16:00,21.8586,1,0
2026-09-02 15:16:30,21.9026,1,0
2026-09-02 15:17:00,6.8159,1,0
2026-09-02 15:17:30,9.7306,1,0
2026-09-02 15:18:00,9.0307,1,0
2026-09-02 15:18:30,8.252,1,0
2026-09-02 15:19:00,11.1059,1,0
2026-09-02 15:19:30,15.2628,1,0
2026-09-02 15:20:00,15.7287,1,0
2026-09-02 15:20:30,14.0323,1,0
2026-09-02 15:21:00,19.3584,1,0
2026-09-02 15:21:30,20.0289,1,0
2026-09-02 15:22:00,20.5095,1,0
2026-09-02 15:22:30,15.6756,1,0
2026-09-02 15:23:00,17.8307,1,0
2026-09-02 15:23:30,13.8643,1,0
2026-09-02 15:24:00,18.8638,1,0
2026-09-02 15:24:30,20.2021,1,0
2026-09-02 15:25:00,18.5956,1,0
2026-09-02 15:25:30,20.0988,1,0
2026-09-02 15:26:00,-0.4442,0,0
2026-09-02 15:26:30,18.8283,1,0
2026-09-02 15:27:00,26.9356,1,0
2026-09-02 15:27:30,20.8266,1,0
2026-09-02 15:28:00,18.0173,1,0
2026-09-02 15:28:30,20.1316,1,0
2026-09-02 15:29:00,16.0757,1,0
2026-09-02 15:29:30,22.1867,1,0
2026-09-02 15:30:00,24.9067,1,0
2026-09-02 15:30:30,27.2743,1,0
2026-09-02 15:31:00,25.5914,1,0
2026-09-02 15:31:30,25.1263,1,0
2026-09-02 15:32:00,24.0501,1,0
2026-09-02 15:32:30,9.2443,1,0
2026-09-02 15:33:00,8.6169,1,0
2026-09-02 15:33:30,14.5399,1,0
2026-09-02 15:34:00,18.9028,1,0
2026-09-02 15:34:30,2.855,1,0
2026-09-02 15:35:00,17.2356,1,0
2026-09-02 15:35:30,15.671,1,0
2026-09-02 15:36:00,7.2914,1,0
2026-09-02 15:36:30,7.4376,1,0
2026-09-02 15:37:00,7.4116,1,0
2026-09-02 15:37:30,11.4961,1,0
2026-09-02 15:38:00,12.1151,1,0
2026-09-02 15:38:30,13.0548,1,0
2026-09-02 15:39:00,3.8811,1,0
2026-09-02 15:39:30,15.2601,1,0
2026-09-02 15:40:00,16.5925,1,0
2026-09-02 15:40:30,1.4259,1,0
2026-09-02 15:41:00,21.2097,1,0
2026-09-02 15:41:30,19.1162,1,0
2026-09-02 15:42:00,19.8637,1,0
2026-09-02 15:42:30,19.3892,1,0
2026-09-02 15:43:00,13.7865,1,0
2026-09-02 15:43:30,14.1416,1,0
2026-09-02 15:44:00,15.4164,1,0
2026-09-02 15:44:30,14.7541,1,0
2026-09-02 15:45:00,11.8833,1,0
2026-09-02 15:45:30,-0.9641,0,0
2026-09-02 15:46:00,4.0469,1,0
2026-09-02 15:46:30,0.2759,1,0
2026-09-02 15:47:00,13.9543,1,0
2026-09-02 15:47:30,20.7687,1,0
2026-09-02 15:48:00,12.9921,1,0
2026-09-02 15:48:30,18.8965,1,0
2026-09-02 15:49:00,15.6097,1,0
2026-09-02 15:49:30,25.474,1,0
2026-09-02 15:50:00,26.6295,1,0
2026-09-02 15:50:30,28.3483,1,0
2026-09-02 15:51:00,26.484,1,0
2026-09-02 15:51:30,19.039,1,0
2026-09-02 15:52:00,28.0965,1,0
2026-09-02 15:52:30,24.5845,1,0
2026-09-02 15:53:00,25.8251,1,0
2026-09-02 15:53:30,27.6433,1,0
2026-09-02 15:54:00,15.6745,1,0
2026-09-02 15:54:30,18.2303,1,0
2026-09-02 15:55:00,16.4608,1,0
2026-09-02 15:55:30,7.4305,1,0
2026-09-02 15:56:00,14.9515,1,0
2026-09-02 15:56:30,13.0206,1,0
2026-09-02 15:57:00,8.14,1,0
2026-09-02 15:57:30,16.3068,1,0
2026-09-02 15:58:00,18.0978,1,0
2026-09-02 15:58:30,10.2369,1,0
2026-09-02 15:59:00,15.0429,1,0
2026-09-02 15:59:30,14.5313,1,0
2026-09-02 16:00:00,15.8913,1,0
2026-09-02 16:00:30,23.1654,1,0
2026-09-02 16:01:00,23.6218,1,0
2026-09-02 16:01:30,2.4831,1,0
2026-09-02 16:02:00,14.7494,1,0
2026-09-02 16:02:30,15.6512,1,0
2026-09-02 16:03:00,14.4126,1,0
2026-09-02 16:03:30,16.2733,1,0
2026-09-02 16:04:00,15.3357,1,0
2026-09-02 16:04:30,19.6026,1,0
2026-09-02 16:05:00,25.4073,1,0
2026-09-02 16:05:30,26.9777,1,0
2026-09-02 16:06:00,28.5281,1,0
2026-09-02 16:06:30,15.0509,1,0
2026-09-02 16:07:00,21.559,1,0
2026-09-02 16:07:30,2.0364,1,0
2026-09-02 16:08:00,15.7381,1,0
2026-09-02 16:08:30,15.2076,1,0
2026-09-02 16:09:00,18.6786,1,0
2026-09-02 16:09:30,14.7816,1,0
2026-09-02 16:10:00,15.595,1,0
2026-09-02 16:10:30,13.8695,1,0
2026-09-02 16:11:00,11.6668,1,0
2026-09-02 16:11:30,17.7299,1,0
2026-09-02 16:12:00,20.6661,1,0
2026-09-02 16:12:30,22.6252,1,0
2026-09-02 16:13:00,24.5255,1,0
2026-09-02 16:13:30,7.5795,1,0
2026-09-02 16:14:00,19.0696,1,0
2026-09-02 16:14:30,19.9029,1,0
2026-09-02 16:15:00,24.2537,1,0
2026-09-02 16:15:30,29.3037,1,0
2026-09-02 16:16:00,30.1811,1,0
2026-09-02 16:16:30,26.8758,1,0
2026-09-02 16:17:00,15.3794,1,0
2026-09-02 16:17:30,28.8579,1,0
2026-09-02 16:18:00,16.7811,1,0
2026-09-02 16:18:30,26.4794,1,0
2026-09-02 16:19:00,19.9943,1,0
2026-09-02 16:19:30,22.5631,1,0
2026-09-02 16:20:00,23.7902,1,0
2026-09-02 16:20:30,23.3173,1,0
2026-09-02 16:21:00,15.5331,1,0
2026-09-02 16:21:30,23.8883,1,0
2026-09-02 16:22:00,22.5574,1,0
2026-09-02 16:22:30,21.2212,1,0
2026-09-02 16:23:00,15.6002,1,0
2026-09-02 16:23:30,22.5675,1,0
2026-09-02 16:24:00,23.7815,1,0
2026-09-02 16:24:30,16.8341,1,0
2026-09-02 16:25:00,15.864,1,0
2026-09-02 16:25:30,18.17,1,0
2026-09-02 16:26:00,20.8378,1,0
2026-09-02 16:26:30,27.752,1,0
2026-09-02 16:27:00,23.6015,1,0
2026-09-02 16:27:30,24.8967,1,0
2026-09-02 16:28:00,25.246,1,0
2026-09-02 16:28:30,18.4817,1,0
2026-09-02 16:29:00,24.0439,1,0
2026-09-02 16:29:30,26.7473,1,0
2026-09-02 16:30:00,28.3878,1,0
2026-09-02 16:30:30,27.9235,1,0
2026-09-02 16:31:00,25.1514,1,0
2026-09-02 16:31:30,26.1504,1,0
2026-09-02 16:32:00,10.5928,1,0
2026-09-02 16:32:30,7.1485,1,0
2026-09-02 16:33:00,10.4621,1,0
2026-09-02 16:33:30,13.9106,1,0
2026-09-02 16:34:00,8.0083,1,0
2026-09-02 16:34:30,15.8422,1,0
2026-09-02 16:35:00,22.3348,1,0
2026-09-02 16:35:30,20.9043,1,0
2026-09-02 16:36:00,24.0821,1,0
2026-09-02 16:36:30,24.8006,1,0
2026-09-02 16:37:00,19.9681,1,0
2026-09-02 16:37:30,27.0643,1,0
2026-09-02 16:38:00,23.6228,1,0
2026-09-02 16:38:30,26.3596,1,0
2026-09-02 16:39:00,17.0528,1,0
2026-09-02 16:39:30,16.9124,1,0
2026-09-02 16:40:00,6.9631,1,0
2026-09-02 16:40:30,15.4176,1,0
2026-09-02 16:41:00,26.9139,1,0
2026-09-02 16:41:30,27.9766,1,0
2026-09-02 16:42:00,22.0298,1,0
2026-09-02 16:42:30,26.3122,1,0
2026-09-02 16:43:00,21.4111,1,0
2026-09-02 16:43:30,23.5519,1,0
2026-09-02 16:44:00,24.741,1,0
2026-09-02 16:44:30,14.4214,1,0
2026-09-02 16:45:00,13.5979,1,0
2026-09-02 16:45:30,13.4257,1,0
2026-09-02 16:46:00,9.0047,1,0
2026-09-02 16:46:30,11.1763,1,0
2026-09-02 16:47:00,14.0781,1,0
2026-09-02 16:47:30,24.0836,1,0
2026-09-02 16:48:00,23.4497,1,0
2026-09-02 16:48:30,20.8523,1,0
2026-09-02 16:49:00,21.1868,1,0
2026-09-02 16:49:30,11.8718,1,0
2026-09-02 16:50:00,7.0194,1,0
2026-09-02 16:50:30,14.2749,1,0
2026-09-02 16:51:00,19.6815,1,0
2026-09-02 16:51:30,17.8264,1,0
2026-09-02 16:52:00,6.8419,1,0
2026-09-02 16:52:30,19.0205,1,0
2026-09-02 16:53:00,21.9481,1,0
2026-09-02 16:53:30,18.6196,1,0
2026-09-02 16:54:00,22.5158,1,0
2026-09-02 16:54:30,22.2547,1,0
2026-09-02 16:55:00,18.9328,1,0
2026-09-02 16:55:30,26.4824,1,0
2026-09-02 16:56:00,17.4538,1,0
2026-09-02 16:56:30,25.7639,1,0
2026-09-02 16:57:00,22.3574,1,0
2026-09-02 16:57:30,28.3171,1,0
2026-09-02 16:58:00,12.915,1,0
2026-09-02 16:58:30,23.94,1,0
2026-09-02 16:59:00,26.0145,1,0
2026-09-02 16:59:30,21.5442,1,0
2026-09-02 17:00:00,26.5365,1,0
2026-09-02 17:00:30,21.5045,1,0
2026-09-02 17:01:00,16.8326,1,0
2026-09-02 17:01:30,16.8385,1,0
2026-09-02 17:02:00,16.2757,1,0
2026-09-02 17:02:30,16.9954,1,0
2026-09-02 17:03:00,23.8091,1,0
2026-09-02 17:03:30,24.8159,1,0
2026-09-02 17:04:00,13.2334,1,0
2026-09-02 17:04:30,20.0305,1,0
2026-09-02 17:05:00,21.6888,1,0
2026-09-02 17:05:30,17.4665,1,0
2026-09-02 17:06:00,13.8682,1,0
2026-09-02 17:06:30,20.5825,1,0
2026-09-02 17:07:00,20.268,1,0
2026-09-02 17:07:30,22.3566,1,0
2026-09-02 17:08:00,15.7498,1,0
2026-09-02 17:08:30,10.1078,1,0
2026-09-02 17:09:00,15.1732,1,0
2026-09-02 17:09:30,21.0918,1,0
2026-09-02 17:10:00,18.007,1,0
2026-09-02 17:10:30,23.3905,1,0
2026-09-02 17:11:00,21.4853,1,0
2026-09-02 17:11:30,28.0031,1,0
2026-09-02 17:12:00,12.3519,1,0
2026-09-02 17:12:30,21.2359,1,0
2026-09-02 17:13:00,13.1107,1,0
2026-09-02 17:13:30,23.4991,1,0
2026-09-02 17:14:00,25.0,1,0
2026-09-02 17:14:30,17.8471,1,0
2026-09-02 17:15:00,23.446,1,0
2026-09-02 17:15:30,26.6279,1,0
2026-09-02 17:16:00,18.519,1,0
2026-09-02 17:16:30,18.6793,1,0
2026-09-02 17:17:00,9.1555,1,0
2026-09-02 17:17:30,3.2031,1,0
2026-09-02 17:18:00,9.9361,1,0
2026-09-02 17:18:30,-4.976,0,0
2026-09-02 17:19:00,3.9611,1,0
2026-09-02 17:19:30,13.3633,1,0
2026-09-02 17:20:00,9.4023,1,0
2026-09-02 17:20:30,13.4519,1,0
2026-09-02 17:21:00,14.4444,1,0
2026-09-02 17:21:30,13.3108,1,0
2026-09-02 17:22:00,11.675,1,0
2026-09-02 17:22:30,6.2608,1,0
2026-09-02 17:23:00,10.1646,1,0
2026-09-02 17:23:30,-0.6471,0,0
2026-09-02 17:24:00,13.3817,1,0
2026-09-02 17:24:30,4.8747,1,0
2026-09-02 17:25:00,16.8024,1,0
2026-09-02 17:25:30,14.9311,1,0
2026-09-02 17:26:00,18.9207,1,0
2026-09-02 17:26:30,4.5743,1,0
2026-09-02 17:27:00,18.1042,1,0
2026-09-02 17:27:30,20.8354,1,0
2026-09-02 17:28:00,22.5461,1,0
2026-09-02 17:28:30,11.3212,1,0
2026-09-02 17:29:00,14.8274,1,0
2026-09-02 17:29:30,16.8402,1,0
2026-09-02 17:30:00,14.1379,1,0
2026-09-02 17:30:30,12.1811,1,0
2026-09-02 17:31:00,11.2935,1,0
2026-09-02 17:31:30,1.7073,1,0
2026-09-02 17:32:00,5.7031,1,0
2026-09-02 17:32:30,10.6403,1,0
2026-09-02 17:33:00,22.6522,1,0
2026-09-02 17:33:30,21.15,1,0
2026-09-02 17:34:00,24.1571,1,0
2026-09-02 17:34:30,27.1829,1,0
2026-09-02 17:35:00,13.8669,1,0
2026-09-02 17:35:30,19.5834,1,0
2026-09-02 17:36:00,20.4711,1,0
2026-09-02 17:36:30,20.0768,1,0
2026-09-02 17:37:00,16.7143,1,0
2026-09-02 17:37:30,20.7736,1,0
2026-09-02 17:38:00,21.6427,1,0
2026-09-02 17:38:30,24.4011,1,0
2026-09-02 17:39:00,24.209,1,0
2026-09-02 17:39:30,21.7121,1,0
2026-09-02 17:40:00,25.0972,1,0
2026-09-02 17:40:30,12.8805,1,0
2026-09-02 17:41:00,3.1439,1,0
2026-09-02 17:41:30,2.8351,1,0
2026-09-02 17:42:00,-4.6555,0,0
2026-09-02 17:42:30,2.4826,1,0
2026-09-02 17:43:00,-2.3794,0,0
2026-09-02 17:43:30,16.6443,1,0
2026-09-02 17:44:00,16.9576,1,0
2026-09-02 17:44:30,14.836,1,0
2026-09-02 17:45:00,11.7295,1,0
2026-09-02 17:45:30,15.6282,1,0
2026-09-02 17:46:00,9.6571,1,0
2026-09-02 17:46:30,6.5077,1,0
2026-09-02 17:47:00,4.2266,1,0
2026-09-02 17:47:30,7.2568,1,0
2026-09-02 17:48:00,3.3071,1,0
2026-09-02 17:48:30,2.5717,1,0
2026-09-02 17:49:00,-8.0803,0,0
2026-09-02 17:49:30,1.897,1,0
2026-09-02 17:50:00,7.167,1,0
2026-09-02 17:50:30,12.1493,1,0
2026-09-02 17:51:00,15.1496,1,0
2026-09-02 17:51:30,16.6048,1,0
2026-09-02 17:52:00,16.7557,1,0
2026-09-02 17:52:30,0.3379,1,0
2026-09-02 17:53:00,18.4562,1,0
2026-09-02 17:53:30,20.3456,1,0
2026-09-02 17:54:00,17.2446,1,0
2026-09-02 17:54:30,16.985,1,0
2026-09-02 17:55:00,6.0476,1,0
2026-09-02 17:55:30,15.9836,1,0
2026-09-02 17:56:00,13.1535,1,0
2026-09-02 17:56:30,17.7192,1,0
2026-09-02 17:57:00,17.1852,1,0
2026-09-02 17:57:30,18.0431,1,0
2026-09-02 17:58:00,15.9723,1,0
2026-09-02 17:58:30,19.1773,1,0
2026-09-02 17:59:00,15.9325,1,0
2026-09-02 17:59:30,14.3731,1,0
2026-09-02 18:00:00,15.178,1,0
2026-09-02 18:00:30,11.8168,1,0
2026-09-02 18:01:00,19.6317,1,0
2026-09-02 18:01:30,14.1856,1,0
2026-09-02 18:02:00,2.7175,1,0
2026-09-02 18:02:30,11.6053,1,0
2026-09-02 18:03:00,14.9264,1,0
2026-09-02 18:03:30,12.7194,1,0
2026-09-02 18:04:00,13.6583,1,0
2026-09-02 18:04:30,11.3896,1,0
2026-09-02 18:05:00,13.4587,1,0
2026-09-02 18:05:30,17.3651,1,0
2026-09-02 18:06:00,21.2563,1,0
2026-09-02 18:06:30,21.2633,1,0
2026-09-02 18:07:00,21.3088,1,0
2026-09-02 18:07:30,16.7786,1,0
2026-09-02 18:08:00,16.6246,1,0
2026-09-02 18:08:30,17.3996,1,0
2026-09-02 18:09:00,15.6962,1,0
2026-09-02 18:09:30,9.2256,1,0
2026-09-02 18:10:00,17.0076,1,0
2026-09-02 18:10:30,16.6343,1,0
2026-09-02 18:11:00,15.0787,1,0
2026-09-02 18:11:30,17.3385,1,0
2026-09-02 18:12:00,12.6854,1,0
2026-09-02 18:12:30,13.4792,1,0
2026-09-02 18:13:00,17.4017,1,0
2026-09-02 18:13:30,23.7915,1,0
2026-09-02 18:14:00,24.3007,1,0
2026-09-02 18:14:30,18.6211,1,0
2026-09-02 18:15:00,12.6742,1,0
2026-09-02 18:15:30,23.1359,1,0
2026-09-02 18:16:00,11.6646,1,0
2026-09-02 18:16:30,23.3727,1,0
2026-09-02 18:17:00,19.5001,1,0
2026-09-02 18:17:30,22.0505,1,0
2026-09-02 18:18:00,20.5097,1,0
2026-09-02 18:18:30,24.9942,1,0
2026-09-02 18:19:00,15.3721,1,0
2026-09-02 18:19:30,24.4163,1,0
2026-09-02 18:20:00,28.6028,1,0
2026-09-02 18:20:30,16.8057,1,0
2026-09-02 18:21:00,21.9193,1,0
2026-09-02 18:21:30,28.8474,1,0
2026-09-02 18:22:00,14.3604,1,0
2026-09-02 18:22:30,22.3596,1,0
2026-09-02 18:23:00,20.3902,1,0
2026-09-02 18:23:30,26.5082,1,0
2026-09-02 18:24:00,26.6551,1,0
2026-09-02 18:24:30,26.1314,1,0
2026-09-02 18:25:00,31.0356,1,0
2026-09-02 18:25:30,30.8897,1,0
2026-09-02 18:26:00,34.0714,1,0
2026-09-02 18:26:30,33.2037,1,0
2026-09-02 18:27:00,33.3587,1,0
2026-09-02 18:27:30,26.7527,1,0
2026-09-02 18:28:00,29.9231,1,0
2026-09-02 18:28:30,24.9982,1,0
2026-09-02 18:29:00,26.6764,1,0
2026-09-02 18:29:30,27.4657,1,0
2026-09-02 18:30:00,22.2905,1,0
2026-09-02 18:30:30,28.8103,1,0
2026-09-02 18:31:00,27.8365,1,0
2026-09-02 18:31:30,28.7582,1,0
2026-09-02 18:32:00,27.1262,1,0
2026-09-02 18:32:30,30.9858,1,0
2026-09-02 18:33:00,32.4518,1,0
2026-09-02 18:33:30,26.0335,1,0
2026-09-02 18:34:00,29.2674,1,0
2026-09-02 18:34:30,19.7219,1,0
2026-09-02 18:35:00,21.6077,1,0
2026-09-02 18:35:30,23.5664,1,0
2026-09-02 18:36:00,12.5776,1,0
2026-09-02 18:36:30,16.4751,1,0
2026-09-02 18:37:00,18.6498,1,0
2026-09-02 18:37:30,19.6967,1,0
2026-09-02 18:38:00,7.8037,1,0
2026-09-02 18:38:30,16.1068,1,0
2026-09-02 18:39:00,20.3569,1,0
2026-09-02 18:39:30,22.4455,1,0
2026-09-02 18:40:00,23.699,1,0
2026-09-02 18:40:30,20.1108,1,0
2026-09-02 18:41:00,26.3186,1,0
2026-09-02 18:41:30,25.8172,1,0
2026-09-02 18:42:00,22.3427,1,0
2026-09-02 18:42:30,24.3875,1,0
2026-09-02 18:43:00,19.2294,1,0
2026-09-02 18:43:30,23.606,1,0
2026-09-02 18:44:00,25.3753,1,0
2026-09-02 18:44:30,26.7082,1,0
2026-09-02 18:45:00,21.2185,1,0
2026-09-02 18:45:30,18.9365,1,0
2026-09-02 18:46:00,20.7277,1,0
2026-09-02 18:46:30,21.4352,1,0
2026-09-02 18:47:00,23.1529,1,0
2026-09-02 18:47:30,27.0232,1,0
2026-09-02 18:48:00,23.5667,1,0
2026-09-02 18:48:30,24.5731,1,0
2026-09-02 18:49:00,17.3654,1,0
2026-09-02 18:49:30,7.3205,1,0
2026-09-02 18:50:00,1.3705,1,0
2026-09-02 18:50:30,12.2855,1,0
2026-09-02 18:51:00,20.7028,1,0
2026-09-02 18:51:30,21.9081,1,0
2026-09-02 18:52:00,14.7181,1,0
2026-09-02 18:52:30,9.4401,1,0
2026-09-02 18:53:00,12.3833,1,0
2026-09-02 18:53:30,20.6324,1,0
2026-09-02 18:54:00,18.3343,1,0
2026-09-02 18:54:30,14.936,1,0
2026-09-02 18:55:00,5.2378,1,0
2026-09-02 18:55:30,13.403,1,0
2026-09-02 18:56:00,8.2488,1,0
2026-09-02 18:56:30,0.5443,1,0
2026-09-02 18:57:00,19.5899,1,0
2026-09-02 18:57:30,15.3618,1,0
2026-09-02 18:58:00,25.2288,1,0
2026-09-02 18:58:30,24.4721,1,0
2026-09-02 18:59:00,19.1651,1,0
2026-09-02 18:59:30,16.3794,1,0
2026-09-02 19:00:00,20.1388,1,0
2026-09-02 19:00:30,15.2267,1,0
2026-09-02 19:01:00,19.4503,1,0
2026-09-02 19:01:30,16.8765,1,0
2026-09-02 19:02:00,19.1192,1,0
2026-09-02 19:02:30,8.9599,1,0
2026-09-02 19:03:00,16.1656,1,0
2026-09-02 19:03:30,21.9216,1,0
2026-09-02 19:04:00,19.5321,1,0
2026-09-02 19:04:30,15.3748,1,0
2026-09-02 19:05:00,11.6032,1,0
2026-09-02 19:05:30,11.8317,1,0
2026-09-02 19:06:00,22.354,1,0
2026-09-02 19:06:30,22.4654,1,0
2026-09-02 19:07:00,22.8297,1,0
2026-09-02 19:07:30,22.4727,1,0
2026-09-02 19:08:00,12.2151,1,0
2026-09-02 19:08:30,15.5407,1,0
2026-09-02 19:09:00,26.1325,1,0
2026-09-02 19:09:30,24.9619,1,0
2026-09-02 19:10:00,20.985,1,0
2026-09-02 19:10:30,19.6447,1,0
2026-09-02 19:11:00,21.3335,1,0
2026-09-02 19:11:30,4.7088,1,0
2026-09-02 19:12:00,17.1687,1,0
2026-09-02 19:12:30,17.4207,1,0
2026-09-02 19:13:00,12.335,1,0
2026-09-02 19:13:30,15.0087,1,0
2026-09-02 19:14:00,18.2562,1,0
2026-09-02 19:14:30,13.6463,1,0
2026-09-02 19:15:00,22.043,1,0
2026-09-02 19:15:30,24.7978,1,0
2026-09-02 19:16:00,26.4836,1,0
2026-09-02 19:16:30,24.0859,1,0
2026-09-02 19:17:00,14.9187,1,0
2026-09-02 19:17:30,3.4352,1,0
2026-09-02 19:18:00,6.8362,1,0
2026-09-02 19:18:30,2.369,1,0
2026-09-02 19:19:00,2.7698,1,0
2026-09-02 19:19:30,3.0527,1,0
2026-09-02 19:20:00,4.429,1,0
2026-09-02 19:20:30,14.4134,1,0
2026-09-02 19:21:00,15.9002,1,0
2026-09-02 19:21:30,4.4567,1,0
2026-09-02 19:22:00,13.517,1,0
2026-09-02 19:22:30,13.5686,1,0
2026-09-02 19:23:00,3.262,1,0
2026-09-02 19:23:30,-0.54,0,0
2026-09-02 19:24:00,4.1512,1,0
2026-09-02 19:24:30,2.8059,1,0
2026-09-02 19:25:00,6.3973,1,0
2026-09-02 19:25:30,9.1341,1,0
2026-09-02 19:26:00,9.2009,1,0
2026-09-02 19:26:30,10.7521,1,0
2026-09-02 19:27:00,11.3248,1,0
2026-09-02 19:27:30,12.5619,1,0
2026-09-02 19:28:00,10.5888,1,0
2026-09-02 19:28:30,15.9675,1,0
2026-09-02 19:29:00,12.9885,1,0
2026-09-02 19:29:30,14.2802,1,0
2026-09-02 19:30:00,13.3295,1,0
2026-09-02 19:30:30,21.4987,1,0
2026-09-02 19:31:00,19.7634,1,0
2026-09-02 19:31:30,17.7934,1,0
2026-09-02 19:32:00,17.1721,1,0
2026-09-02 19:32:30,18.7971,1,0
2026-09-02 19:33:00,12.3127,1,0
2026-09-02 19:33:30,25.3836,1,0
2026-09-02 19:34:00,24.4657,1,0
2026-09-02 19:34:30,22.7117,1,0
2026-09-02 19:35:00,24.5915,1,0
2026-09-02 19:35:30,11.8356,1,0
2026-09-02 19:36:00,16.3051,1,0
2026-09-02 19:36:30,3.9428,1,0
2026-09-02 19:37:00,16.748,1,0
2026-09-02 19:37:30,22.0948,1,0
2026-09-02 19:38:00,18.7712,1,0
2026-09-02 19:38:30,20.7712,1,0
2026-09-02 19:39:00,21.6405,1,0
2026-09-02 19:39:30,23.2038,1,0
2026-09-02 19:40:00,17.251,1,0
2026-09-02 19:40:30,23.0214,1,0
2026-09-02 19:41:00,23.7232,1,0
2026-09-02 19:41:30,15.803,1,0
2026-09-02 19:42:00,15.7385,1,0
2026-09-02 19:42:30,13.2595,1,0
2026-09-02 19:43:00,8.487,1,0
2026-09-02 19:43:30,25.3132,1,0
2026-09-02 19:44:00,24.0237,1,0
2026-09-02 19:44:30,25.7068,1,0
2026-09-02 19:45:00,22.8209,1,0
2026-09-02 19:45:30,15.1842,1,0
2026-09-02 19:46:00,17.3384,1,0
2026-09-02 19:46:30,15.671,1,0
2026-09-02 19:47:00,21.8054,1,0
2026-09-02 19:47:30,14.8578,1,0
2026-09-02 19:48:00,16.9558,1,0
2026-09-02 19:48:30,20.8049,1,0
2026-09-02 19:49:00,7.0801,1,0
2026-09-02 19:49:30,23.5632,1,0
2026-09-02 19:50:00,21.0845,1,0
2026-09-02 19:50:30,13.6613,1,0
2026-09-02 19:51:00,18.7956,1,0
2026-09-02 19:51:30,20.9138,1,0
2026-09-02 19:52:00,14.4152,1,0
2026-09-02 19:52:30,2.7217,1,0
2026-09-02 19:53:00,5.1402,1,0
2026-09-02 19:53:30,15.7372,1,0
2026-09-02 19:54:00,7.1913,1,0
2026-09-02 19:54:30,17.4315,1,0
2026-09-02 19:55:00,12.9699,1,0
2026-09-02 19:55:30,13.0405,1,0
2026-09-02 19:56:00,12.4382,1,0
2026-09-02 19:56:30,18.0764,1,0
2026-09-02 19:57:00,13.3604,1,0
2026-09-02 19:57:30,11.3505,1,0
2026-09-02 19:58:00,14.1198,1,0
2026-09-02 19:58:30,16.9589,1,0
2026-09-02 19:59:00,15.1598,1,0
2026-09-02 19:59:30,4.5073,1,0
2026-09-02 20:00:00,12.6242,1,0
2026-09-02 20:00:30,15.6083,1,0
2026-09-02 20:01:00,14.9276,1,0
2026-09-02 20:01:30,11.9415,1,0
2026-09-02 20:02:00,16.6865,1,0
2026-09-02 20:02:30,9.9197,1,0
2026-09-02 20:03:00,16.7647,1,0
2026-09-02 20:03:30,13.234,1,0
2026-09-02 20:04:00,13.6764,1,0
2026-09-02 20:04:30,14.6813,1,0
2026-09-02 20:05:00,21.3135,1,0
2026-09-02 20:05:30,13.0955,1,0
2026-09-02 20:06:00,10.8028,1,0
2026-09-02 20:06:30,19.0277,1,0
2026-09-02 20:07:00,22.6768,1,0
2026-09-02 20:07:30,16.6076,1,0
2026-09-02 20:08:00,18.7269,1,0
2026-09-02 20:08:30,18.3602,1,0
2026-09-02 20:09:00,17.1355,1,0
2026-09-02 20:09:30,22.2004,1,0
2026-09-02 20:10:00,20.9851,1,0
2026-09-02 20:10:30,21.4396,1,0
2026-09-02 20:11:00,25.5819,1,0
2026-09-02 20:11:30,20.4762,1,0
2026-09-02 20:12:00,22.2067,1,0
2026-09-02 20:12:30,21.1204,1,0
2026-09-02 20:13:00,22.4347,1,0
2026-09-02 20:13:30,13.8841,1,0
2026-09-02 20:14:00,14.2612,1,0
2026-09-02 20:14:30,22.7075,1,0
2026-09-02 20:15:00,10.7218,1,0
2026-09-02 20:15:30,12.9828,1,0
2026-09-02 20:16:00,19.6279,1,0
2026-09-02 20:16:30,19.8824,1,0
2026-09-02 20:17:00,18.9882,1,0
2026-09-02 20:17:30,17.6904,1,0
2026-09-02 20:18:00,13.4653,1,0
2026-09-02 20:18:30,17.3389,1,0
2026-09-02 20:19:00,12.6774,1,0
2026-09-02 20:19:30,19.936,1,0
2026-09-02 20:20:00,22.3392,1,0
2026-09-02 20:20:30,14.3311,1,0
2026-09-02 20:21:00,20.5148,1,0
2026-09-02 20:21:30,8.5779,1,0
2026-09-02 20:22:00,12.6917,1,0
2026-09-02 20:22:30,1.6122,1,0
2026-09-02 20:23:00,12.0334,1,0
2026-09-02 20:23:30,11.1046,1,0
2026-09-02 20:24:00,12.9972,1,0
2026-09-02 20:24:30,12.5907,1,0
2026-09-02 20:25:00,14.669,1,0
2026-09-02 20:25:30,26.0907,1,0
2026-09-02 20:26:00,24.3102,1,0
2026-09-02 20:26:30,14.7012,1,0
2026-09-02 20:27:00,16.0519,1,0
2026-09-02 20:27:30,18.5894,1,0
2026-09-02 20:28:00,20.7228,1,0
2026-09-02 20:28:30,11.0636,1,0
2026-09-02 20:29:00,8.0612,1,0
2026-09-02 20:29:30,7.1466,1,0
2026-09-02 20:30:00,11.5429,1,0
2026-09-02 20:30:30,10.7635,1,0
2026-09-02 20:31:00,12.7635,1,0
2026-09-02 20:31:30,17.1187,1,0
2026-09-02 20:32:00,23.0131,1,0
2026-09-02 20:32:30,17.2263,1,0
2026-09-02 20:33:00,17.4094,1,0
2026-09-02 20:33:30,13.2638,1,0
2026-09-02 20:34:00,22.7789,1,0
2026-09-02 20:34:30,23.6878,1,0
2026-09-02 20:35:00,19.3313,1,0
2026-09-02 20:35:30,6.0413,1,0
2026-09-02 20:36:00,16.9303,1,0
2026-09-02 20:36:30,21.2035,1,0
2026-09-02 20:37:00,22.5258,1,0
2026-09-02 20:37:30,13.5443,1,0
2026-09-02 20:38:00,21.6065,1,0
2026-09-02 20:38:30,24.4387,1,0
2026-09-02 20:39:00,26.581,1,0
2026-09-02 20:39:30,18.48,1,0
2026-09-02 20:40:00,22.5402,1,0
2026-09-02 20:40:30,24.8283,1,0
2026-09-02 20:41:00,19.2274,1,0
2026-09-02 20:41:30,20.593,1,0
2026-09-02 20:42:00,14.8789,1,0
2026-09-02 20:42:30,8.8859,1,0
2026-09-02 20:43:00,19.9129,1,0
2026-09-02 20:43:30,20.7974,1,0
2026-09-02 20:44:00,8.8943,1,0
2026-09-02 20:44:30,17.6809,1,0
2026-09-02 20:45:00,19.904,1,0
2026-09-02 20:45:30,20.001,1,0
2026-09-02 20:46:00,27.2852,1,0
2026-09-02 20:46:30,26.269,1,0
2026-09-02 20:47:00,19.3244,1,0
2026-09-02 20:47:30,15.2842,1,0
2026-09-02 20:48:00,23.1447,1,0
2026-09-02 20:48:30,9.8782,1,0
2026-09-02 20:49:00,18.123,1,0
2026-09-02 20:49:30,16.6787,1,0
2026-09-02 20:50:00,7.1046,1,0
2026-09-02 20:50:30,11.4184,1,0
2026-09-02 20:51:00,8.0481,1,0
2026-09-02 20:51:30,7.4834,1,0
2026-09-02 20:52:00,11.486,1,0
2026-09-02 20:52:30,-0.0031,0,0
2026-09-02 20:53:00,2.3332,1,0
2026-09-02 20:53:30,-0.2265,0,0
2026-09-02 20:54:00,1.4153,1,0
2026-09-02 20:54:30,-3.0719,0,0
2026-09-02 20:55:00,-7.5566,0,0
2026-09-02 20:55:30,-5.2322,0,0
2026-09-02 20:56:00,-9.6207,0,0
2026-09-02 20:56:30,2.7519,1,0
2026-09-02 20:57:00,9.1042,1,0
2026-09-02 20:57:30,12.5438,1,0
2026-09-02 20:58:00,16.4424,1,0
2026-09-02 20:58:30,19.7786,1,0
2026-09-02 20:59:00,16.7748,1,0
2026-09-02 20:59:30,20.1906,1,0
2026-09-02 21:00:00,19.9772,1,0
2026-09-02 21:00:30,22.8969,1,0
2026-09-02 21:01:00,11.9255,1,0
2026-09-02 21:01:30,15.9936,1,0
2026-09-02 21:02:00,13.5658,1,0
2026-09-02 21:02:30,20.5566,1,0
2026-09-02 21:03:00,23.8199,1,0
2026-09-02 21:03:30,26.5676,1,0
2026-09-02 21:04:00,24.184,1,0
2026-09-02 21:04:30,23.2078,1,0
2026-09-02 21:05:00,9.1219,1,0
2026-09-02 21:05:30,21.5443,1,0
2026-09-02 21:06:00,20.7868,1,0
2026-09-02 21:06:30,20.8238,1,0
2026-09-02 21:07:00,14.5248,1,0
2026-09-02 21:07:30,16.8651,1,0
2026-09-02 21:08:00,19.1268,1,0
2026-09-02 21:08:30,20.1135,1,0
2026-09-02 21:09:00,14.966,1,0
2026-09-02 21:09:30,13.5028,1,0
2026-09-02 21:10:00,13.4194,1,0
2026-09-02 21:10:30,13.1705,1,0
2026-09-02 21:11:00,16.8718,1,0
2026-09-02 21:11:30,15.3201,1,0
2026-09-02 21:12:00,14.151,1,0
2026-09-02 21:12:30,12.3362,1,0
2026-09-02 21:13:00,8.0499,1,0
2026-09-02 21:13:30,7.0466,1,0
2026-09-02 21:14:00,13.2003,1,0
2026-09-02 21:14:30,12.7488,1,0
2026-09-02 21:15:00,0.0003,1,0
2026-09-02 21:15:30,8.2899,1,0
2026-09-02 21:16:00,9.9363,1,0
2026-09-02 21:16:30,1.9311,1,0
2026-09-02 21:17:00,10.0585,1,0
2026-09-02 21:17:30,8.8189,1,0
2026-09-02 21:18:00,13.4602,1,0
2026-09-02 21:18:30,14.336,1,0
2026-09-02 21:19:00,12.6142,1,0
2026-09-02 21:19:30,15.6245,1,0
2026-09-02 21:20:00,17.9205,1,0
2026-09-02 21:20:30,-0.7256,0,0
2026-09-02 21:21:00,1.973,1,0
2026-09-02 21:21:30,7.6147,1,0
2026-09-02 21:22:00,3.3774,1,0
2026-09-02 21:22:30,6.154,1,0
2026-09-02 21:23:00,11.8234,1,0
2026-09-02 21:23:30,10.7516,1,0
2026-09-02 21:24:00,8.7023,1,0
2026-09-02 21:24:30,15.9292,1,0
2026-09-02 21:25:00,14.1849,1,0
2026-09-02 21:25:30,15.634,1,0
2026-09-02 21:26:00,14.2266,1,0
2026-09-02 21:26:30,21.3706,1,0
2026-09-02 21:27:00,16.218,1,0
2026-09-02 21:27:30,15.5994,1,0
2026-09-02 21:28:00,4.0671,1,0
2026-09-02 21:28:30,9.394,1,0
2026-09-02 21:29:00,7.9399,1,0
2026-09-02 21:29:30,16.3903,1,0
2026-09-02 21:30:00,16.8612,1,0
2026-09-02 21:30:30,15.1583,1,0
2026-09-02 21:31:00,13.4081,1,0
2026-09-02 21:31:30,8.8598,1,0
2026-09-02 21:32:00,8.612,1,0
2026-09-02 21:32:30,15.5564,1,0
2026-09-02 21:33:00,17.3411,1,0
2026-09-02 21:33:30,20.7235,1,0
2026-09-02 21:34:00,14.5231,1,0
2026-09-02 21:34:30,23.4864,1,0
2026-09-02 21:35:00,19.8826,1,0
2026-09-02 21:35:30,13.886,1,0
2026-09-02 21:36:00,19.9285,1,0
2026-09-02 21:36:30,16.3716,1,0
2026-09-02 21:37:00,17.8188,1,0
2026-09-02 21:37:30,17.9619,1,0
2026-09-02 21:38:00,19.4597,1,0
2026-09-02 21:38:30,19.672,1,0
2026-09-02 21:39:00,14.0388,1,0
2026-09-02 21:39:30,6.843,1,0
2026-09-02 21:40:00,10.7044,1,0
2026-09-02 21:40:30,7.521,1,0
2026-09-02 21:41:00,8.0892,1,0
2026-09-02 21:41:30,13.476,1,0
2026-09-02 21:42:00,18.7729,1,0
2026-09-02 21:42:30,15.1219,1,0
2026-09-02 21:43:00,12.6896,1,0
2026-09-02 21:43:30,21.3688,1,0
2026-09-02 21:44:00,18.423,1,0
2026-09-02 21:44:30,1.1339,1,0
2026-09-02 21:45:00,8.5939,1,0
2026-09-02 21:45:30,7.3961,1,0
2026-09-02 21:46:00,10.6711,1,0
2026-09-02 21:46:30,14.3836,1,0
2026-09-02 21:47:00,11.8316,1,0
2026-09-02 21:47:30,14.9887,1,0
2026-09-02 21:48:00,11.6671,1,0
2026-09-02 21:48:30,14.7172,1,0
2026-09-02 21:49:00,7.4262,1,0
2026-09-02 21:49:30,6.4087,1,0
2026-09-02 21:50:00,9.2042,1,0
2026-09-02 21:50:30,12.411,1,0
2026-09-02 21:51:00,15.5381,1,0
2026-09-02 21:51:30,8.733,1,0
2026-09-02 21:52:00,15.5576,1,0
2026-09-02 21:52:30,9.5993,1,0
2026-09-02 21:53:00,15.6965,1,0
2026-09-02 21:53:30,12.312,1,0
2026-09-02 21:54:00,11.154,1,0
2026-09-02 21:54:30,12.7808,1,0
2026-09-02 21:55:00,11.8243,1,0
2026-09-02 21:55:30,13.8129,1,0
2026-09-02 21:56:00,14.7242,1,0
2026-09-02 21:56:30,6.5678,1,0
2026-09-02 21:57:00,9.5163,1,0
2026-09-02 21:57:30,9.6757,1,0
2026-09-02 21:58:00,10.5032,1,0
2026-09-02 21:58:30,4.2384,1,0
2026-09-02 21:59:00,15.4697,1,0
2026-09-02 21:59:30,16.8877,1,0
2026-09-02 22:00:00,13.0795,1,0
2026-09-02 22:00:30,16.9557,1,0
2026-09-02 22:01:00,15.739,1,0
2026-09-02 22:01:30,13.7465,1,0
2026-09-02 22:02:00,13.5978,1,0
2026-09-02 22:02:30,17.6535,1,0
2026-09-02 22:03:00,16.248,1,0
2026-09-02 22:03:30,16.4344,1,0
2026-09-02 22:04:00,17.2901,1,0
2026-09-02 22:04:30,11.9097,1,0
2026-09-02 22:05:00,5.6063,1,0
2026-09-02 22:05:30,14.7004,1,0
2026-09-02 22:06:00,17.0187,1,0
2026-09-02 22:06:30,17.2048,1,0
2026-09-02 22:07:00,14.6564,1,0
2026-09-02 22:07:30,6.4229,1,0
2026-09-02 22:08:00,10.74,1,0
2026-09-02 22:08:30,14.9084,1,0
2026-09-02 22:09:00,15.0748,1,0
2026-09-02 22:09:30,15.0128,1,0
2026-09-02 22:10:00,14.151,1,0
2026-09-02 22:10:30,12.7118,1,0
2026-09-02 22:11:00,7.6732,1,0
2026-09-02 22:11:30,9.2836,1,0
2026-09-02 22:12:00,14.5762,1,0
2026-09-02 22:12:30,11.4272,1,0
2026-09-02 22:13:00,13.7192,1,0
2026-09-02 22:13:30,-0.4157,0,0
2026-09-02 22:14:00,9.0292,1,0
2026-09-02 22:14:30,18.7498,1,0
2026-09-02 22:15:00,18.5802,1,0
2026-09-02 22:15:30,17.2367,1,0
2026-09-02 22:16:00,23.3148,1,0
2026-09-02 22:16:30,12.1447,1,0
2026-09-02 22:17:00,17.0855,1,0
2026-09-02 22:17:30,13.7267,1,0
2026-09-02 22:18:00,18.7468,1,0
2026-09-02 22:18:30,11.0814,1,0
2026-09-02 22:19:00,8.5776,1,0
2026-09-02 22:19:30,1.2749,1,0
2026-09-02 22:20:00,8.4271,1,0
2026-09-02 22:20:30,-0.0002,0,0
2026-09-02 22:21:00,17.7689,1,0
2026-09-02 22:21:30,10.4823,1,0
2026-09-02 22:22:00,11.9306,1,0
2026-09-02 22:22:30,10.8051,1,0
2026-09-02 22:23:00,6.633,1,0
2026-09-02 22:23:30,12.3902,1,0
2026-09-02 22:24:00,11.4576,1,0
2026-09-02 22:24:30,14.583,1,0
2026-09-02 22:25:00,12.4818,1,0
2026-09-02 22:25:30,16.2437,1,0
2026-09-02 22:26:00,4.2816,1,0
2026-09-02 22:26:30,12.5807,1,0
2026-09-02 22:27:00,14.7854,1,0
2026-09-02 22:27:30,13.8163,1,0
2026-09-02 22:28:00,14.3282,1,0
2026-09-02 22:28:30,21.0667,1,0
2026-09-02 22:29:00,13.052,1,0
2026-09-02 22:29:30,11.8482,1,0
2026-09-02 22:30:00,14.7648,1,0
2026-09-02 22:30:30,17.9768,1,0
2026-09-02 22:31:00,10.0039,1,0
2026-09-02 22:31:30,16.5624,1,0
2026-09-02 22:32:00,11.5064,1,0
2026-09-02 22:32:30,23.415,1,0
2026-09-02 22:33:00,17.3373,1,0
2026-09-02 22:33:30,19.5647,1,0
2026-09-02 22:34:00,18.1466,1,0
2026-09-02 22:34:30,13.9118,1,0
2026-09-02 22:35:00,15.0381,1,0
2026-09-02 22:35:30,14.7193,1,0
2026-09-02 22:36:00,12.5364,1,0
2026-09-02 22:36:30,18.0147,1,0
2026-09-02 22:37:00,6.0787,1,0
2026-09-02 22:37:30,0.6641,1,0
2026-09-02 22:38:00,2.3867,1,0
2026-09-02 22:38:30,5.4137,1,0
2026-09-02 22:39:00,6.6938,1,0
2026-09-02 22:39:30,8.5678,1,0
2026-09-02 22:40:00,10.5151,1,0
2026-09-02 22:40:30,9.4089,1,0
2026-09-02 22:41:00,17.2398,1,0
2026-09-02 22:41:30,17.6047,1,0
2026-09-02 22:42:00,11.9665,1,0
2026-09-02 22:42:30,17.5973,1,0
2026-09-02 22:43:00,20.7495,1,0
2026-09-02 22:43:30,19.8147,1,0
2026-09-02 22:44:00,19.6348,1,0
2026-09-02 22:44:30,12.845,1,0
2026-09-02 22:45:00,15.1187,1,0
2026-09-02 22:45:30,17.2298,1,0
2026-09-02 22:46:00,12.5693,1,0
2026-09-02 22:46:30,14.6484,1,0
2026-09-02 22:47:00,14.5163,1,0
2026-09-02 22:47:30,11.8217,1,0
2026-09-02 22:48:00,12.3512,1,0
2026-09-02 22:48:30,8.0184,1,0
2026-09-02 22:49:00,7.0866,1,0
2026-09-02 22:49:30,6.7056,1,0
2026-09-02 22:50:00,6.9212,1,0
2026-09-02 22:50:30,18.6345,1,0
2026-09-02 22:51:00,19.2047,1,0
2026-09-02 22:51:30,17.5826,1,0
2026-09-02 22:52:00,18.6776,1,0
2026-09-02 22:52:30,17.1219,1,0
2026-09-02 22:53:00,11.9088,1,0
2026-09-02 22:53:30,-19.1901,0,0
2026-09-02 22:54:00,-9.5624,0,0
2026-09-02 22:54:30,-11.1002,0,0
2026-09-02 22:55:00,-12.525,0,0
2026-09-02 22:55:30,-13.7314,0,0
2026-09-02 22:56:00,-24.0478,0,0
2026-09-02 22:56:30,-8.4879,0,0
2026-09-02 22:57:00,-10.3638,0,0
2026-09-02 22:57:30,-9.0164,0,0
2026-09-02 22:58:00,-10.7448,0,0
2026-09-02 22:58:30,-8.8755,0,0
2026-09-02 22:59:00,-7.676,0,0
2026-09-02 22:59:30,-8.3664,0,0
2026-09-02 23:00:00,5.9857,1,0
2026-09-02 23:00:30,-3.1466,0,0
2026-09-02 23:01:00,3.6851,1,0
2026-09-02 23:01:30,9.3378,1,0
2026-09-02 23:02:00,3.7763,1,0
2026-09-02 23:02:30,6.719,1,0
2026-09-02 23:03:00,10.7078,1,0
2026-09-02 23:03:30,13.3962,1,0
2026-09-02 23:04:00,7.4629,1,0
2026-09-02 23:04:30,10.8481,1,0
2026-09-02 23:05:00,10.17,1,0
2026-09-02 23:05:30,8.0027,1,0
2026-09-02 23:06:00,7.3408,1,0
2026-09-02 23:06:30,9.6925,1,0
2026-09-02 23:07:00,15.1238,1,0
2026-09-02 23:07:30,-0.7036,0,0
2026-09-02 23:08:00,-0.1373,0,0
2026-09-02 23:08:30,4.1384,1,0
2026-09-02 23:09:00,7.556,1,0
2026-09-02 23:09:30,11.0671,1,0
2026-09-02 23:10:00,9.3142,1,0
2026-09-02 23:10:30,13.2331,1,0
2026-09-02 23:11:00,14.3509,1,0
2026-09-02 23:11:30,6.9179,1,0
2026-09-02 23:12:00,11.2285,1,0
2026-09-02 23:12:30,9.0441,1,0
2026-09-02 23:13:00,8.7655,1,0
2026-09-02 23:13:30,8.0019,1,0
2026-09-02 23:14:00,-1.4129,0,0
2026-09-02 23:14:30,0.0002,1,0
2026-09-02 23:15:00,2.1587,1,0
2026-09-02 23:15:30,5.4065,1,0
2026-09-02 23:16:00,5.8571,1,0
2026-09-02 23:16:30,5.9568,1,0
2026-09-02 23:17:00,5.367,1,0
2026-09-02 23:17:30,3.9069,1,0
2026-09-02 23:18:00,2.5763,1,0
2026-09-02 23:18:30,7.5554,1,0
2026-09-02 23:19:00,2.5913,1,0
2026-09-02 23:19:30,5.4741,1,0
2026-09-02 23:20:00,7.1948,1,0
2026-09-02 23:20:30,7.229,1,0
2026-09-02 23:21:00,12.1772,1,0
2026-09-02 23:21:30,11.7642,1,0
2026-09-02 23:22:00,17.9605,1,0
2026-09-02 23:22:30,16.5343,1,0
2026-09-02 23:23:00,12.4877,1,0
2026-09-02 23:23:30,13.2236,1,0
2026-09-02 23:24:00,11.5049,1,0
2026-09-02 23:24:30,15.8868,1,0
2026-09-02 23:25:00,14.5935,1,0
2026-09-02 23:25:30,17.5945,1,0
2026-09-02 23:26:00,19.3814,1,0
2026-09-02 23:26:30,20.9981,1,0
2026-09-02 23:27:00,20.1677,1,0
2026-09-02 23:27:30,8.8593,1,0
2026-09-02 23:28:00,19.7371,1,0
2026-09-02 23:28:30,22.3695,1,0
2026-09-02 23:29:00,17.8612,1,0
2026-09-02 23:29:30,0.1153,1,0
2026-09-02 23:30:00,9.1422,1,0
2026-09-02 23:30:30,2.8288,1,0
2026-09-02 23:31:00,9.5987,1,0
2026-09-02 23:31:30,10.6213,1,0
2026-09-02 23:32:00,10.1351,1,0
2026-09-02 23:32:30,9.7924,1,0
2026-09-02 23:33:00,13.2836,1,0
2026-09-02 23:33:30,10.6524,1,0
2026-09-02 23:34:00,12.3123,1,0
2026-09-02 23:34:30,12.0876,1,0
2026-09-02 23:35:00,7.6055,1,0
2026-09-02 23:35:30,10.7843,1,0
2026-09-02 23:36:00,12.0662,1,0
2026-09-02 23:36:30,8.9573,1,0
2026-09-02 23:37:00,5.5776,1,0
2026-09-02 23:37:30,11.6581,1,0
2026-09-02 23:38:00,6.9017,1,0
2026-09-02 23:38:30,10.5673,1,0
2026-09-02 23:39:00,9.3964,1,0
2026-09-02 23:39:30,8.3163,1,0
2026-09-02 23:40:00,7.3401,1,0
2026-09-02 23:40:30,2.6912,1,0
2026-09-02 23:41:00,-2.038,0,0
2026-09-02 23:41:30,-19.1878,0,0
2026-09-02 23:42:00,4.2213,1,0
2026-09-02 23:42:30,1.7254,1,0
2026-09-02 23:43:00,-1.2665,0,0
2026-09-02 23:43:30,-5.8646,0,0
2026-09-02 23:44:00,-5.2393,0,0
2026-09-02 23:44:30,-0.9589,0,0
2026-09-02 23:45:00,-10.1887,0,0
2026-09-02 23:45:30,-1.7132,0,0
2026-09-02 23:46:00,1.1573,1,0
2026-09-02 23:46:30,6.6155,1,0
2026-09-02 23:47:00,0.3527,1,0
2026-09-02 23:47:30,-13.3575,0,0
2026-09-02 23:48:00,5.3167,1,0
2026-09-02 23:48:30,3.3207,1,0
2026-09-02 23:49:00,15.3559,1,0
2026-09-02 23:49:30,10.3803,1,0
2026-09-02 23:50:00,15.1103,1,0
2026-09-02 23:50:30,5.1243,1,0
2026-09-02 23:51:00,8.3132,1,0
2026-09-02 23:51:30,16.2809,1,0
2026-09-02 23:52:00,11.5936,1,0
2026-09-02 23:52:30,16.5435,1,0
2026-09-02 23:53:00,15.1533,1,0
2026-09-02 23:53:30,19.7295,1,0
2026-09-02 23:54:00,14.5367,1,0
2026-09-02 23:54:30,15.9121,1,0
2026-09-02 23:55:00,10.1168,1,0
2026-09-02 23:55:30,11.026,1,0
2026-09-02 23:56:00,13.086,1,0
2026-09-02 23:56:30,16.0731,1,0
2026-09-02 23:57:00,15.7847,1,0
2026-09-02 23:57:30,11.3769,1,0
2026-09-02 23:58:00,9.0267,1,0
2026-09-02 23:58:30,13.3243,1,0
2026-09-02 23:59:00,8.8067,1,0
2026-09-02 23:59:30,4.2744,1,0
2026-09-03 00:00:00,-4.3638,0,0
2026-09-03 00:00:30,3.138,1,0
2026-09-03 00:01:00,0.3461,1,0
2026-09-03 00:01:30,-4.6088,0,0
2026-09-03 00:02:00,-1.3782,0,0
2026-09-03 00:02:30,-1.0436,0,0
2026-09-03 00:03:00,-0.5154,0,0
2026-09-03 00:03:30,1.2718,1,0
2026-09-03 00:04:00,1.897,1,0
2026-09-03 00:04:30,2.0021,1,0
2026-09-03 00:05:00,0.0002,1,0
2026-09-03 00:05:30,-0.7932,0,0
2026-09-03 00:06:00,9.0607,1,0
2026-09-03 00:06:30,15.844,1,0
2026-09-03 00:07:00,8.615,1,0
2026-09-03 00:07:30,19.8951,1,0
2026-09-03 00:08:00,24.1864,1,0
2026-09-03 00:08:30,24.1553,1,0
2026-09-03 00:09:00,14.076,1,0
2026-09-03 00:09:30,10.5815,1,0
2026-09-03 00:10:00,16.6624,1,0
2026-09-03 00:10:30,13.5477,1,0
2026-09-03 00:11:00,9.6387,1,0
2026-09-03 00:11:30,11.8699,1,0
2026-09-03 00:12:00,7.5587,1,0
2026-09-03 00:12:30,7.2427,1,0
2026-09-03 00:13:00,5.9995,1,0
2026-09-03 00:13:30,7.9488,1,0
2026-09-03 00:14:00,6.4541,1,0
2026-09-03 00:14:30,5.9352,1,0
2026-09-03 00:15:00,7.7406,1,0
2026-09-03 00:15:30,8.2625,1,0
2026-09-03 00:16:00,15.5933,1,0
2026-09-03 00:16:30,9.9806,1,0
2026-09-03 00:17:00,20.1124,1,0
2026-09-03 00:17:30,17.3455,1,0
2026-09-03 00:18:00,17.491,1,0
2026-09-03 00:18:30,23.2724,1,0
2026-09-03 00:19:00,22.7799,1,0
2026-09-03 00:19:30,17.9087,1,0
2026-09-03 00:20:00,19.8597,1,0
2026-09-03 00:20:30,9.8276,1,0
2026-09-03 00:21:00,13.2339,1,0
2026-09-03 00:21:30,18.1667,1,0
2026-09-03 00:22:00,18.3094,1,0
2026-09-03 00:22:30,15.0209,1,0
2026-09-03 00:23:00,16.6699,1,0
2026-09-03 00:23:30,17.2783,1,0
2026-09-03 00:24:00,3.2454,1,0
2026-09-03 00:24:30,10.9056,1,0
2026-09-03 00:25:00,7.176,1,0
2026-09-03 00:25:30,14.9321,1,0
2026-09-03 00:26:00,17.1711,1,0
2026-09-03 00:26:30,10.7295,1,0
2026-09-03 00:27:00,15.2792,1,0
2026-09-03 00:27:30,11.6984,1,0
2026-09-03 00:28:00,13.4653,1,0
2026-09-03 00:28:30,14.9171,1,0
2026-09-03 00:29:00,13.9288,1,0
2026-09-03 00:29:30,16.9721,1,0
2026-09-03 00:30:00,10.7441,1,0
2026-09-03 00:30:30,13.5262,1,0
2026-09-03 00:31:00,6.5359,1,0
2026-09-03 00:31:30,10.5534,1,0
2026-09-03 00:32:00,9.106,1,0
2026-09-03 00:32:30,9.839,1,0
2026-09-03 00:33:00,6.9785,1,0
2026-09-03 00:33:30,2.552,1,0
2026-09-03 00:34:00,9.927,1,0
2026-09-03 00:34:30,8.187,1,0
2026-09-03 00:35:00,6.4704,1,0
2026-09-03 00:35:30,8.0443,1,0
2026-09-03 00:36:00,6.9134,1,0
2026-09-03 00:36:30,3.3407,1,0
2026-09-03 00:37:00,2.7056,1,0
2026-09-03 00:37:30,6.563,1,0
2026-09-03 00:38:00,6.8542,1,0
2026-09-03 00:38:30,14.7775,1,0
2026-09-03 00:39:00,12.3215,1,0
2026-09-03 00:39:30,-3.0856,0,0
2026-09-03 00:40:00,6.3634,1,0
2026-09-03 00:40:30,1.0132,1,0
2026-09-03 00:41:00,2.9596,1,0
2026-09-03 00:41:30,5.6893,1,0
2026-09-03 00:42:00,7.2136,1,0
2026-09-03 00:42:30,9.6605,1,0
2026-09-03 00:43:00,11.5759,1,0
2026-09-03 00:43:30,1.312,1,0
2026-09-03 00:44:00,16.3874,1,0
2026-09-03 00:44:30,12.6598,1,0
2026-09-03 00:45:00,12.6835,1,0
2026-09-03 00:45:30,3.1093,1,0
2026-09-03 00:46:00,6.3825,1,0
2026-09-03 00:46:30,10.2671,1,0
2026-09-03 00:47:00,13.1656,1,0
2026-09-03 00:47:30,14.0837,1,0
2026-09-03 00:48:00,15.3339,1,0
2026-09-03 00:48:30,14.495,1,0
2026-09-03 00:49:00,9.6938,1,0
2026-09-03 00:49:30,12.105,1,0
2026-09-03 00:50:00,10.7907,1,0
2026-09-03 00:50:30,6.9726,1,0
2026-09-03 00:51:00,4.895,1,0
2026-09-03 00:51:30,2.4031,1,0
2026-09-03 00:52:00,4.304,1,0
2026-09-03 00:52:30,7.0686,1,0
2026-09-03 00:53:00,10.4919,1,0
2026-09-03 00:53:30,7.1542,1,0
2026-09-03 00:54:00,9.8535,1,0
2026-09-03 00:54:30,7.4259,1,0
2026-09-03 00:55:00,6.8569,1,0
2026-09-03 00:55:30,9.4597,1,0
2026-09-03 00:56:00,11.0021,1,0
2026-09-03 00:56:30,12.3663,1,0
2026-09-03 00:57:00,12.9567,1,0
2026-09-03 00:57:30,8.5592,1,0
2026-09-03 00:58:00,9.8187,1,0
2026-09-03 00:58:30,9.637,1,0
2026-09-03 00:59:00,7.027,1,0
2026-09-03 00:59:30,7.4159,1,0
2026-09-03 01:00:00,13.6759,1,0
2026-09-03 01:00:30,13.8321,1,0
2026-09-03 01:01:00,19.7067,1,0
2026-09-03 01:01:30,8.8877,1,0
2026-09-03 01:02:00,14.5885,1,0
2026-09-03 01:02:30,19.0976,1,0
2026-09-03 01:03:00,16.5021,1,0
2026-09-03 01:03:30,13.4864,1,0
2026-09-03 01:04:00,15.9411,1,0
2026-09-03 01:04:30,19.2663,1,0
2026-09-03 01:05:00,15.9067,1,0
2026-09-03 01:05:30,17.8216,1,0
2026-09-03 01:06:00,21.8463,1,0
2026-09-03 01:06:30,19.0579,1,0
2026-09-03 01:07:00,20.8724,1,0
2026-09-03 01:07:30,16.8594,1,0
2026-09-03 01:08:00,19.3461,1,0
2026-09-03 01:08:30,17.301,1,0
2026-09-03 01:09:00,18.0734,1,0
2026-09-03 01:09:30,17.1571,1,0
2026-09-03 01:10:00,17.8824,1,0
2026-09-03 01:10:30,16.5304,1,0
2026-09-03 01:11:00,16.4372,1,0
2026-09-03 01:11:30,13.567,1,0
2026-09-03 01:12:00,12.9432,1,0
2026-09-03 01:12:30,10.8555,1,0
2026-09-03 01:13:00,15.7918,1,0
2026-09-03 01:13:30,13.944,1,0
2026-09-03 01:14:00,10.3612,1,0
2026-09-03 01:14:30,10.6254,1,0
2026-09-03 01:15:00,12.9494,1,0
2026-09-03 01:15:30,10.5677,1,0
2026-09-03 01:16:00,11.113,1,0
2026-09-03 01:16:30,8.448,1,0
2026-09-03 01:17:00,17.1112,1,0
2026-09-03 01:17:30,16.9348,1,0
2026-09-03 01:18:00,13.2737,1,0
2026-09-03 01:18:30,16.8137,1,0
2026-09-03 01:19:00,17.0798,1,0
2026-09-03 01:19:30,13.656,1,0
2026-09-03 01:20:00,12.0043,1,0
2026-09-03 01:20:30,15.2634,1,0
2026-09-03 01:21:00,23.9532,1,0
2026-09-03 01:21:30,12.7277,1,0
2026-09-03 01:22:00,16.6648,1,0
2026-09-03 01:22:30,19.8541,1,0
2026-09-03 01:23:00,18.0288,1,0
2026-09-03 01:23:30,18.9127,1,0
2026-09-03 01:24:00,14.7487,1,0
2026-09-03 01:24:30,16.8511,1,0
2026-09-03 01:25:00,15.2917,1,0
2026-09-03 01:25:30,16.5062,1,0
2026-09-03 01:26:00,18.7098,1,0
2026-09-03 01:26:30,6.8986,1,0
2026-09-03 01:27:00,-2.9694,0,0
2026-09-03 01:27:30,10.9528,1,0
2026-09-03 01:28:00,5.9184,1,0
2026-09-03 01:28:30,9.2475,1,0
2026-09-03 01:29:00,6.7407,1,0
2026-09-03 01:29:30,11.5613,1,0
2026-09-03 01:30:00,6.53,1,0
2026-09-03 01:30:30,8.6564,1,0
2026-09-03 01:31:00,8.8901,1,0
2026-09-03 01:31:30,5.4673,1,0
2026-09-03 01:32:00,6.0107,1,0
2026-09-03 01:32:30,0.2518,1,0
2026-09-03 01:33:00,3.6604,1,0
2026-09-03 01:33:30,12.6297,1,0
2026-09-03 01:34:00,6.0224,1,0
2026-09-03 01:34:30,-5.7674,0,0
2026-09-03 01:35:00,-16.6005,0,0
2026-09-03 01:35:30,-5.9142,0,0
2026-09-03 01:36:00,-5.8713,0,0
2026-09-03 01:36:30,-4.8699,0,0
2026-09-03 01:37:00,-3.4838,0,0
2026-09-03 01:37:30,-2.2049,0,0
2026-09-03 01:38:00,-2.2935,0,0
2026-09-03 01:38:30,-1.3845,0,0
2026-09-03 01:39:00,-1.7085,0,0
2026-09-03 01:39:30,2.6505,1,0
2026-09-03 01:40:00,3.7095,1,0
2026-09-03 01:40:30,-10.0967,0,0
2026-09-03 01:41:00,-5.7346,0,0
2026-09-03 01:41:30,17.7781,1,0
2026-09-03 01:42:00,1.7094,1,0
2026-09-03 01:42:30,15.5436,1,0
2026-09-03 01:43:00,14.8277,1,0
2026-09-03 01:43:30,10.5732,1,0
2026-09-03 01:44:00,12.3703,1,0
2026-09-03 01:44:30,11.8874,1,0
2026-09-03 01:45:00,10.6399,1,0
2026-09-03 01:45:30,18.3708,1,0
2026-09-03 01:46:00,20.6299,1,0
2026-09-03 01:46:30,18.8839,1,0
2026-09-03 01:47:00,19.2908,1,0
2026-09-03 01:47:30,21.9118,1,0
2026-09-03 01:48:00,12.086,1,0
2026-09-03 01:48:30,12.3116,1,0
2026-09-03 01:49:00,14.8576,1,0
2026-09-03 01:49:30,16.0415,1,0
2026-09-03 01:50:00,14.4434,1,0
2026-09-03 01:50:30,13.5578,1,0
2026-09-03 01:51:00,18.3709,1,0
2026-09-03 01:51:30,16.8621,1,0
2026-09-03 01:52:00,15.9686,1,0
2026-09-03 01:52:30,17.054,1,0
2026-09-03 01:53:00,12.1517,1,0
2026-09-03 01:53:30,16.7201,1,0
2026-09-03 01:54:00,14.4988,1,0
2026-09-03 01:54:30,14.3918,1,0
2026-09-03 01:55:00,10.5868,1,0
2026-09-03 01:55:30,6.7508,1,0
2026-09-03 01:56:00,13.026,1,0
2026-09-03 01:56:30,13.3569,1,0
2026-09-03 01:57:00,5.6208,1,0
2026-09-03 01:57:30,8.879,1,0
2026-09-03 01:58:00,9.4739,1,0
2026-09-03 01:58:30,18.4674,1,0
2026-09-03 01:59:00,19.2672,1,0
2026-09-03 01:59:30,18.1748,1,0
2026-09-03 02:00:00,16.3961,1,0
2026-09-03 02:00:30,2.4344,1,0
2026-09-03 02:01:00,1.2537,1,0
2026-09-03 02:01:30,6.1851,1,0
2026-09-03 02:02:00,-4.1345,0,0
2026-09-03 02:02:30,4.341,1,0
2026-09-03 02:03:00,6.9949,1,0
2026-09-03 02:03:30,13.5268,1,0
2026-09-03 02:04:00,12.6957,1,0
2026-09-03 02:04:30,16.1399,1,0
2026-09-03 02:05:00,10.7603,1,0
2026-09-03 02:05:30,11.7568,1,0
2026-09-03 02:06:00,14.4646,1,0
2026-09-03 02:06:30,13.0337,1,0
2026-09-03 02:07:00,10.6936,1,0
2026-09-03 02:07:30,5.3759,1,0
2026-09-03 02:08:00,-5.681,0,0
2026-09-03 02:08:30,10.3096,1,0
2026-09-03 02:09:00,9.1095,1,0
2026-09-03 02:09:30,15.8636,1,0
2026-09-03 02:10:00,15.2215,1,0
2026-09-03 02:10:30,11.0669,1,0
2026-09-03 02:11:00,8.948,1,0
2026-09-03 02:11:30,9.6028,1,0
2026-09-03 02:12:00,4.1786,1,0
2026-09-03 02:12:30,7.0853,1,0
2026-09-03 02:13:00,8.2779,1,0
2026-09-03 02:13:30,10.1808,1,0
2026-09-03 02:14:00,12.7847,1,0
2026-09-03 02:14:30,13.4295,1,0
2026-09-03 02:15:00,13.515,1,0
2026-09-03 02:15:30,9.2512,1,0
2026-09-03 02:16:00,9.7012,1,0
2026-09-03 02:16:30,11.1056,1,0
2026-09-03 02:17:00,12.1671,1,0
2026-09-03 02:17:30,13.3288,1,0
2026-09-03 02:18:00,12.3383,1,0
2026-09-03 02:18:30,16.8699,1,0
2026-09-03 02:19:00,17.5624,1,0
2026-09-03 02:19:30,14.4007,1,0
2026-09-03 02:20:00,9.3798,1,0
2026-09-03 02:20:30,9.2839,1,0
2026-09-03 02:21:00,12.0344,1,0
2026-09-03 02:21:30,3.2278,1,0
2026-09-03 02:22:00,14.6902,1,0
2026-09-03 02:22:30,19.0531,1,0
2026-09-03 02:23:00,16.8828,1,0
2026-09-03 02:23:30,21.7252,1,0
2026-09-03 02:24:00,19.6961,1,0
2026-09-03 02:24:30,20.8221,1,0
2026-09-03 02:25:00,18.4347,1,0
2026-09-03 02:25:30,13.5209,1,0
2026-09-03 02:26:00,-1.2088,0,0
2026-09-03 02:26:30,10.5785,1,0
2026-09-03 02:27:00,16.6294,1,0
2026-09-03 02:27:30,15.7594,1,0
2026-09-03 02:28:00,14.6789,1,0
2026-09-03 02:28:30,15.2572,1,0
2026-09-03 02:29:00,14.3464,1,0
2026-09-03 02:29:30,8.1061,1,0
2026-09-03 02:30:00,9.8237,1,0
2026-09-03 02:30:30,8.1442,1,0
2026-09-03 02:31:00,9.0189,1,0
2026-09-03 02:31:30,8.1273,1,0
2026-09-03 02:32:00,0.8682,1,0
2026-09-03 02:32:30,13.2441,1,0
2026-09-03 02:33:00,17.2783,1,0
2026-09-03 02:33:30,20.9084,1,0
2026-09-03 02:34:00,17.5542,1,0
2026-09-03 02:34:30,23.7305,1,0
2026-09-03 02:35:00,16.4,1,0
2026-09-03 02:35:30,13.8872,1,0
2026-09-03 02:36:00,10.1032,1,0
2026-09-03 02:36:30,13.8921,1,0
2026-09-03 02:37:00,23.1366,1,0
2026-09-03 02:37:30,5.3968,1,0
2026-09-03 02:38:00,10.957,1,0
2026-09-03 02:38:30,11.3688,1,0
2026-09-03 02:39:00,8.3698,1,0
2026-09-03 02:39:30,5.0621,1,0
2026-09-03 02:40:00,10.7305,1,0
2026-09-03 02:40:30,5.4219,1,0
2026-09-03 02:41:00,6.934,1,0
2026-09-03 02:41:30,9.614,1,0
2026-09-03 02:42:00,2.4714,1,0
2026-09-03 02:42:30,3.6595,1,0
2026-09-03 02:43:00,4.0891,1,0
2026-09-03 02:43:30,-0.6776,0,0
2026-09-03 02:44:00,11.2725,1,0
2026-09-03 02:44:30,11.3635,1,0
2026-09-03 02:45:00,10.8491,1,0
2026-09-03 02:45:30,12.3561,1,0
2026-09-03 02:46:00,13.0467,1,0
2026-09-03 02:46:30,16.0314,1,0
2026-09-03 02:47:00,12.5011,1,0
2026-09-03 02:47:30,11.6356,1,0
2026-09-03 02:48:00,13.0351,1,0
2026-09-03 02:48:30,19.1867,1,0
2026-09-03 02:49:00,21.4263,1,0
2026-09-03 02:49:30,19.5095,1,0
2026-09-03 02:50:00,16.7947,1,1
2026-09-03 02:50:30,14.8952,1,1
2026-09-03 02:51:00,-13.3599,0,1
2026-09-03 02:51:30,-32.2912,0,1
2026-09-03 02:52:00,-33.6041,0,1
2026-09-03 02:52:30,-34.9857,0,1
2026-09-03 02:53:00,-34.6788,0,1
2026-09-03 02:53:30,-34.8245,0,1
2026-09-03 02:54:00,-34.3221,0,1
2026-09-03 02:54:30,-34.0955,0,1
2026-09-03 02:55:00,-35.1152,0,1
2026-09-03 02:55:30,-35.4221,0,1
2026-09-03 02:56:00,-35.2343,0,1
2026-09-03 02:56:30,-34.6418,0,1
2026-09-03 02:57:00,-34.661,0,1
2026-09-03 02:57:30,-34.0552,0,1
2026-09-03 02:58:00,-34.3416,0,1
2026-09-03 02:58:30,-33.8174,0,1
2026-09-03 02:59:00,-33.8028,0,1
2026-09-03 02:59:30,-34.2657,0,1
2026-09-03 03:00:00,-34.2885,0,1
2026-09-03 03:00:30,-35.3645,0,1
2026-09-03 03:01:00,-34.8391,0,1
2026-09-03 03:01:30,-34.4605,0,1
2026-09-03 03:02:00,-34.4399,0,1
2026-09-03 03:02:30,-33.5917,0,1
2026-09-03 03:03:00,-34.2414,0,1
2026-09-03 03:03:30,-33.7931,0,1
2026-09-03 03:04:00,-34.8176,0,1
2026-09-03 03:04:30,-34.0889,0,1
2026-09-03 03:05:00,-34.3802,0,1
2026-09-03 03:05:30,-34.8128,0,1
2026-09-03 03:06:00,-34.5866,0,1
2026-09-03 03:06:30,-34.6735,0,1
2026-09-03 03:07:00,-35.1761,0,1
2026-09-03 03:07:30,-35.0196,0,1
2026-09-03 03:08:00,-34.5138,0,1
2026-09-03 03:08:30,-33.5007,0,1
2026-09-03 03:09:00,-33.5963,0,1
2026-09-03 03:09:30,-33.9819,0,1
2026-09-03 03:10:00,-34.2105,0,1
2026-09-03 03:10:30,-33.9117,0,1
2026-09-03 03:11:00,-34.3453,0,1
2026-09-03 03:11:30,-33.7861,0,1
2026-09-03 03:12:00,-33.6431,0,1
2026-09-03 03:12:30,-33.7569,0,1
2026-09-03 03:13:00,-33.4021,0,1
2026-09-03 03:13:30,-34.2024,0,1
2026-09-03 03:14:00,-33.5561,0,1
2026-09-03 03:14:30,-35.3812,0,1
2026-09-03 03:15:00,-34.1876,0,1
2026-09-03 03:15:30,-34.2448,0,1
2026-09-03 03:16:00,-34.2078,0,1
2026-09-03 03:16:30,-33.7362,0,1
2026-09-03 03:17:00,-33.841,0,1
2026-09-03 03:17:30,-34.4156,0,1
2026-09-03 03:18:00,-33.9831,0,1
2026-09-03 03:18:30,-34.172,0,1
2026-09-03 03:19:00,-33.7218,0,1
2026-09-03 03:19:30,-34.3753,0,1
2026-09-03 03:20:00,-34.9118,0,1
2026-09-03 03:20:30,-33.5872,0,1
2026-09-03 03:21:00,-33.4851,0,1
2026-09-03 03:21:30,-33.1191,0,1
2026-09-03 03:22:00,-34.5101,0,1
2026-09-03 03:22:30,-33.554,0,1
2026-09-03 03:23:00,-33.5014,0,1
2026-09-03 03:23:30,-34.7428,0,1
2026-09-03 03:24:00,-35.0912,0,1
2026-09-03 03:24:30,-34.8714,0,1
2026-09-03 03:25:00,-34.6939,0,1
2026-09-03 03:25:30,-34.4814,0,1
2026-09-03 03:26:00,-34.3441,0,1
2026-09-03 03:26:30,-34.6228,0,1
2026-09-03 03:27:00,-35.5813,0,1
2026-09-03 03:27:30,-34.8913,0,1
2026-09-03 03:28:00,-34.9524,0,1
2026-09-03 03:28:30,-35.0518,0,1
2026-09-03 03:29:00,-35.2456,0,1
2026-09-03 03:29:30,-35.8011,0,1
2026-09-03 03:30:00,-36.0243,0,1
2026-09-03 03:30:30,-35.5238,0,1
2026-09-03 03:31:00,-35.512,0,1
2026-09-03 03:31:30,-35.1465,0,1
2026-09-03 03:32:00,-35.5393,0,1
2026-09-03 03:32:30,-34.5782,0,1
2026-09-03 03:33:00,-34.5493,0,1
2026-09-03 03:33:30,-35.2772,0,1
2026-09-03 03:34:00,-36.1185,0,1
2026-09-03 03:34:30,-35.3793,0,1
2026-09-03 03:35:00,-35.5174,0,1
2026-09-03 03:35:30,-35.0306,0,1
2026-09-03 03:36:00,-34.8636,0,1
2026-09-03 03:36:30,-34.8116,0,1
2026-09-03 03:37:00,-35.5169,0,1
2026-09-03 03:37:30,-34.2425,0,1
2026-09-03 03:38:00,-33.4484,0,1
2026-09-03 03:38:30,-35.1719,0,1
2026-09-03 03:39:00,-33.8409,0,1
2026-09-03 03:39:30,-34.0846,0,1
2026-09-03 03:40:00,-34.0194,0,1
2026-09-03 03:40:30,-34.2261,0,1
2026-09-03 03:41:00,-34.2065,0,1
2026-09-03 03:41:30,-34.2433,0,1
2026-09-03 03:42:00,-34.6292,0,1
2026-09-03 03:42:30,-34.0972,0,1
2026-09-03 03:43:00,-34.7739,0,1
2026-09-03 03:43:30,-34.4364,0,1
2026-09-03 03:44:00,-33.7618,0,1
2026-09-03 03:44:30,-33.4921,0,1
2026-09-03 03:45:00,-33.6081,0,1
2026-09-03 03:45:30,-33.6527,0,1
2026-09-03 03:46:00,-33.3185,0,1
2026-09-03 03:46:30,-33.6749,0,1
2026-09-03 03:47:00,-34.0804,0,1
2026-09-03 03:47:30,-33.7306,0,1
2026-09-03 03:48:00,-33.4077,0,1
2026-09-03 03:48:30,-34.6526,0,1
2026-09-03 03:49:00,-34.5634,0,1
2026-09-03 03:49:30,-34.5933,0,1
2026-09-03 03:50:00,-34.2185,0,1
2026-09-03 03:50:30,-34.1439,0,1
2026-09-03 03:51:00,-34.6375,0,1
2026-09-03 03:51:30,-34.4533,0,1
2026-09-03 03:52:00,-35.1675,0,1
2026-09-03 03:52:30,-35.4692,0,1
2026-09-03 03:53:00,-35.6447,0,1
2026-09-03 03:53:30,-36.0507,0,1
2026-09-03 03:54:00,-36.0543,0,1
2026-09-03 03:54:30,-35.7723,0,1
2026-09-03 03:55:00,-35.3454,0,1
2026-09-03 03:55:30,-35.6119,0,1
2026-09-03 03:56:00,-35.8019,0,1
2026-09-03 03:56:30,-35.7381,0,1
2026-09-03 03:57:00,-35.5382,0,1
2026-09-03 03:57:30,-34.6805,0,1
2026-09-03 03:58:00,-34.5478,0,1
2026-09-03 03:58:30,-34.2418,0,1
2026-09-03 03:59:00,-34.8862,0,1
2026-09-03 03:59:30,-34.5838,0,1
2026-09-03 04:00:00,-35.5423,0,1
2026-09-03 04:00:30,-35.4531,0,1
2026-09-03 04:01:00,-35.3672,0,1
2026-09-03 04:01:30,-35.902,0,1
2026-09-03 04:02:00,-36.3256,0,1
2026-09-03 04:02:30,-36.4952,0,1
2026-09-03 04:03:00,-36.6664,0,1
2026-09-03 04:03:30,-36.7436,0,1
2026-09-03 04:04:00,-36.8029,0,1
2026-09-03 04:04:30,-36.7519,0,1
2026-09-03 04:05:00,-36.8032,0,1
2026-09-03 04:05:30,-36.6007,0,1
2026-09-03 04:06:00,-36.6669,0,1
2026-09-03 04:06:30,-36.4898,0,1
2026-09-03 04:07:00,-36.3935,0,1
2026-09-03 04:07:30,-35.3593,0,1
2026-09-03 04:08:00,-34.9762,0,1
2026-09-03 04:08:30,-34.6465,0,1
2026-09-03 04:09:00,-34.66,0,1
2026-09-03 04:09:30,-33.9367,0,1
2026-09-03 04:10:00,-34.7484,0,1
2026-09-03 04:10:30,-34.6436,0,1
2026-09-03 04:11:00,-35.1528,0,1
2026-09-03 04:11:30,-35.1044,0,1
2026-09-03 04:12:00,-35.1376,0,1
2026-09-03 04:12:30,-35.6141,0,1
2026-09-03 04:13:00,-35.8738,0,1
2026-09-03 04:13:30,-35.9276,0,1
2026-09-03 04:14:00,-35.8662,0,1
2026-09-03 04:14:30,-35.0715,0,1
2026-09-03 04:15:00,-35.7071,0,1
2026-09-03 04:15:30,-34.5384,0,1
2026-09-03 04:16:00,-34.6269,0,1
2026-09-03 04:16:30,-35.2404,0,1
2026-09-03 04:17:00,-34.4053,0,1
2026-09-03 04:17:30,-34.4543,0,1
2026-09-03 04:18:00,-33.8922,0,1
2026-09-03 04:18:30,-34.8549,0,1
2026-09-03 04:19:00,-33.9282,0,1
2026-09-03 04:19:30,-34.82,0,1
2026-09-03 04:20:00,-34.9002,0,1
2026-09-03 04:20:30,-35.7649,0,1
2026-09-03 04:21:00,-34.9156,0,1
2026-09-03 04:21:30,-34.8491,0,1
2026-09-03 04:22:00,-34.6996,0,1
2026-09-03 04:22:30,-35.0241,0,1
2026-09-03 04:23:00,-34.5779,0,1
2026-09-03 04:23:30,-34.2477,0,1
2026-09-03 04:24:00,-34.7622,0,1
2026-09-03 04:24:30,-34.7736,0,1
2026-09-03 04:25:00,-35.1881,0,1
2026-09-03 04:25:30,-36.1205,0,1
2026-09-03 04:26:00,-35.0603,0,1
2026-09-03 04:26:30,-35.5099,0,1
2026-09-03 04:27:00,-35.3255,0,1
2026-09-03 04:27:30,-34.2405,0,1
2026-09-03 04:28:00,-34.1612,0,1
2026-09-03 04:28:30,-34.5807,0,1
2026-09-03 04:29:00,-34.0834,0,1
2026-09-03 04:29:30,-34.5086,0,1
2026-09-03 04:30:00,-34.4692,0,1
2026-09-03 04:30:30,-34.2618,0,1
2026-09-03 04:31:00,-34.0437,0,1
2026-09-03 04:31:30,-34.1973,0,1
2026-09-03 04:32:00,-34.1651,0,1
2026-09-03 04:32:30,-35.3179,0,1
2026-09-03 04:33:00,-34.8668,0,1
2026-09-03 04:33:30,-35.027,0,1
2026-09-03 04:34:00,-34.9103,0,1
2026-09-03 04:34:30,-34.2202,0,1
2026-09-03 04:35:00,-33.9773,0,1
2026-09-03 04:35:30,-35.0468,0,1
2026-09-03 04:36:00,-33.7201,0,1
2026-09-03 04:36:30,-34.0909,0,1
2026-09-03 04:37:00,-34.2551,0,1
2026-09-03 04:37:30,-34.8167,0,1
2026-09-03 04:38:00,-33.6025,0,1
2026-09-03 04:38:30,-33.9313,0,1
2026-09-03 04:39:00,-34.4781,0,1
2026-09-03 04:39:30,-34.7852,0,1
2026-09-03 04:40:00,-34.2395,0,1
2026-09-03 04:40:30,-34.7276,0,1
2026-09-03 04:41:00,-33.892,0,1
2026-09-03 04:41:30,-34.1765,0,1
2026-09-03 04:42:00,-34.6772,0,1
2026-09-03 04:42:30,-34.6499,0,1
2026-09-03 04:43:00,-34.3849,0,1
2026-09-03 04:43:30,-34.7735,0,1
2026-09-03 04:44:00,-35.5823,0,1
2026-09-03 04:44:30,-35.0855,0,1
2026-09-03 04:45:00,-35.3553,0,1
2026-09-03 04:45:30,-34.6163,0,1
2026-09-03 04:46:00,-34.9963,0,1
2026-09-03 04:46:30,-35.6985,0,1
2026-09-03 04:47:00,-35.0591,0,1
2026-09-03 04:47:30,-35.4855,0,1
2026-09-03 04:48:00,-36.3822,0,1
2026-09-03 04:48:30,-36.3172,0,1
2026-09-03 04:49:00,-35.9904,0,1
2026-09-03 04:49:30,-36.065,0,1
2026-09-03 04:50:00,-35.8251,0,1
2026-09-03 04:50:30,-35.7783,0,1
2026-09-03 04:51:00,-35.1467,0,1
2026-09-03 04:51:30,-35.1406,0,1
2026-09-03 04:52:00,-34.6008,0,1
2026-09-03 04:52:30,-35.708,0,1
2026-09-03 04:53:00,-35.2194,0,1
2026-09-03 04:53:30,-35.4259,0,1
2026-09-03 04:54:00,-34.7798,0,1
2026-09-03 04:54:30,-34.96,0,1
2026-09-03 04:55:00,-34.6409,0,1
2026-09-03 04:55:30,-34.8406,0,1
2026-09-03 04:56:00,-35.1377,0,1
2026-09-03 04:56:30,-34.5169,0,1
2026-09-03 04:57:00,-35.2954,0,1
2026-09-03 04:57:30,-35.0394,0,1
2026-09-03 04:58:00,-35.6757,0,1
2026-09-03 04:58:30,-35.6846,0,1
2026-09-03 04:59:00,-35.0618,0,1
2026-09-03 04:59:30,-34.6905,0,1
2026-09-03 05:00:00,-34.5537,0,1
2026-09-03 05:00:30,-35.172,0,1
2026-09-03 05:01:00,-34.436,0,1
2026-09-03 05:01:30,-34.1388,0,1
2026-09-03 05:02:00,-34.524,0,1
2026-09-03 05:02:30,-34.4098,0,1
2026-09-03 05:03:00,-34.7104,0,1
2026-09-03 05:03:30,-33.9238,0,1
2026-09-03 05:04:00,-34.0542,0,1
2026-09-03 05:04:30,-35.0371,0,1
2026-09-03 05:05:00,-35.0031,0,1
2026-09-03 05:05:30,-36.0761,0,1
2026-09-03 05:06:00,-34.5892,0,1
2026-09-03 05:06:30,-33.7739,0,1
2026-09-03 05:07:00,-33.8346,0,1
2026-09-03 05:07:30,-33.6791,0,1
2026-09-03 05:08:00,-33.9962,0,1
2026-09-03 05:08:30,-33.9806,0,1
2026-09-03 05:09:00,-34.0521,0,1
2026-09-03 05:09:30,-34.115,0,1
2026-09-03 05:10:00,-34.6193,0,1
2026-09-03 05:10:30,-33.948,0,1
2026-09-03 05:11:00,-33.4396,0,1
2026-09-03 05:11:30,-34.5734,0,1
2026-09-03 05:12:00,-33.8128,0,1
2026-09-03 05:12:30,-34.4498,0,1
2026-09-03 05:13:00,-34.5512,0,1
2026-09-03 05:13:30,-33.5073,0,1
2026-09-03 05:14:00,-34.0983,0,1
2026-09-03 05:14:30,-33.4317,0,1
2026-09-03 05:15:00,-33.7266,0,1
2026-09-03 05:15:30,-33.5692,0,1
2026-09-03 05:16:00,-34.0536,0,1
2026-09-03 05:16:30,-33.6076,0,1
2026-09-03 05:17:00,-34.1953,0,1
2026-09-03 05:17:30,-33.8828,0,1
2026-09-03 05:18:00,-34.2176,0,1
2026-09-03 05:18:30,-34.3447,0,1
2026-09-03 05:19:00,-34.7121,0,1
2026-09-03 05:19:30,-35.4916,0,1
2026-09-03 05:20:00,-34.1499,0,0
2026-09-03 05:20:30,-33.0458,0,0
2026-09-03 05:21:00,-32.766,0,0
2026-09-03 05:21:30,-32.873,0,0
2026-09-03 05:22:00,-33.4304,0,0
2026-09-03 05:22:30,-33.6576,0,0
2026-09-03 05:23:00,-33.3086,0,0
2026-09-03 05:23:30,-31.503,0,0
2026-09-03 05:24:00,-29.3419,0,0
2026-09-03 05:24:30,-11.4144,0,0
2026-09-03 05:25:00,1.153,1,0
2026-09-03 05:25:30,19.2296,1,0
2026-09-03 05:26:00,11.4646,1,0
2026-09-03 05:26:30,15.2094,1,0
2026-09-03 05:27:00,14.3113,1,0
2026-09-03 05:27:30,16.2964,1,0
2026-09-03 05:28:00,12.8272,1,0
2026-09-03 05:28:30,9.8264,1,0
2026-09-03 05:29:00,8.3865,1,0
2026-09-03 05:29:30,14.4175,1,0
2026-09-03 05:30:00,11.1043,1,0
2026-09-03 05:30:30,13.809,1,0
2026-09-03 05:31:00,-4.3816,0,0
2026-09-03 05:31:30,9.9256,1,0
2026-09-03 05:32:00,12.1523,1,0
2026-09-03 05:32:30,12.6764,1,0
2026-09-03 05:33:00,9.297,1,0
2026-09-03 05:33:30,18.7831,1,0
2026-09-03 05:34:00,17.9049,1,0
2026-09-03 05:34:30,12.2902,1,0
2026-09-03 05:35:00,0.4016,1,0
2026-09-03 05:35:30,11.4022,1,0
2026-09-03 05:36:00,11.9365,1,0
2026-09-03 05:36:30,10.9962,1,0
2026-09-03 05:37:00,1.6798,1,0
2026-09-03 05:37:30,13.2228,1,0
2026-09-03 05:38:00,16.6845,1,0
2026-09-03 05:38:30,19.2778,1,0
2026-09-03 05:39:00,18.6286,1,0
2026-09-03 05:39:30,10.1925,1,0
2026-09-03 05:40:00,16.8014,1,0
2026-09-03 05:40:30,15.9478,1,0
2026-09-03 05:41:00,1.4054,1,0
2026-09-03 05:41:30,6.8365,1,0
2026-09-03 05:42:00,2.6193,1,0
2026-09-03 05:42:30,1.6748,1,0
2026-09-03 05:43:00,1.7633,1,0
2026-09-03 05:43:30,5.1334,1,0
2026-09-03 05:44:00,11.879,1,0
2026-09-03 05:44:30,10.5458,1,0
2026-09-03 05:45:00,10.4064,1,0
2026-09-03 05:45:30,9.6493,1,0
2026-09-03 05:46:00,8.7896,1,0
2026-09-03 05:46:30,12.473,1,0
2026-09-03 05:47:00,6.283,1,0
2026-09-03 05:47:30,8.483,1,0
2026-09-03 05:48:00,5.3701,1,0
2026-09-03 05:48:30,11.377,1,0
2026-09-03 05:49:00,7.3975,1,0
2026-09-03 05:49:30,10.4202,1,0
2026-09-03 05:50:00,10.8286,1,0
2026-09-03 05:50:30,16.6716,1,0
2026-09-03 05:51:00,15.9964,1,0
2026-09-03 05:51:30,17.2059,1,0
2026-09-03 05:52:00,16.3686,1,0
2026-09-03 05:52:30,19.2102,1,0
2026-09-03 05:53:00,20.1825,1,0
2026-09-03 05:53:30,15.335,1,0
2026-09-03 05:54:00,6.2704,1,0
2026-09-03 05:54:30,18.5164,1,0
2026-09-03 05:55:00,16.9968,1,0
2026-09-03 05:55:30,15.9496,1,0
2026-09-03 05:56:00,16.4802,1,0
2026-09-03 05:56:30,11.9309,1,0
2026-09-03 05:57:00,13.5571,1,0
2026-09-03 05:57:30,10.567,1,0
2026-09-03 05:58:00,15.251,1,0
2026-09-03 05:58:30,12.308,1,0
2026-09-03 05:59:00,9.0877,1,0
2026-09-03 05:59:30,9.5541,1,0
2026-09-03 06:00:00,5.5552,1,0
2026-09-03 06:00:30,7.3518,1,0
2026-09-03 06:01:00,12.8898,1,0
2026-09-03 06:01:30,15.5647,1,0
2026-09-03 06:02:00,6.5447,1,0
2026-09-03 06:02:30,14.1809,1,0
2026-09-03 06:03:00,11.3912,1,0
2026-09-03 06:03:30,17.1153,1,0
2026-09-03 06:04:00,16.2957,1,0
2026-09-03 06:04:30,13.1987,1,0
2026-09-03 06:05:00,12.7946,1,0
2026-09-03 06:05:30,14.5754,1,0
2026-09-03 06:06:00,18.1868,1,0
2026-09-03 06:06:30,16.5393,1,0
2026-09-03 06:07:00,16.0086,1,0
2026-09-03 06:07:30,1.269,1,0
2026-09-03 06:08:00,6.666,1,0
2026-09-03 06:08:30,14.0041,1,0
2026-09-03 06:09:00,15.9614,1,0
2026-09-03 06:09:30,10.3797,1,0
2026-09-03 06:10:00,7.9396,1,0
2026-09-03 06:10:30,12.3565,1,0
2026-09-03 06:11:00,12.0826,1,0
2026-09-03 06:11:30,13.3847,1,0
2026-09-03 06:12:00,13.5658,1,0
2026-09-03 06:12:30,15.4774,1,0
2026-09-03 06:13:00,12.9379,1,0
2026-09-03 06:13:30,9.066,1,0
2026-09-03 06:14:00,10.4525,1,0
2026-09-03 06:14:30,12.8241,1,0
2026-09-03 06:15:00,12.3567,1,0
2026-09-03 06:15:30,10.4071,1,0
2026-09-03 06:16:00,17.2286,1,0
2026-09-03 06:16:30,15.3866,1,0
2026-09-03 06:17:00,-3.3139,0,0
2026-09-03 06:17:30,12.4889,1,0
2026-09-03 06:18:00,11.0105,1,0
2026-09-03 06:18:30,10.4949,1,0
2026-09-03 06:19:00,13.7366,1,0
2026-09-03 06:19:30,13.0819,1,0
2026-09-03 06:20:00,15.7921,1,0
2026-09-03 06:20:30,17.6151,1,0
2026-09-03 06:21:00,12.3628,1,0
2026-09-03 06:21:30,6.4427,1,0
2026-09-03 06:22:00,9.9423,1,0
2026-09-03 06:22:30,12.6716,1,0
2026-09-03 06:23:00,8.1362,1,0
2026-09-03 06:23:30,7.6412,1,0
2026-09-03 06:24:00,3.1323,1,0
2026-09-03 06:24:30,16.6097,1,0
2026-09-03 06:25:00,17.199,1,0
2026-09-03 06:25:30,19.2888,1,0
2026-09-03 06:26:00,20.1826,1,0
2026-09-03 06:26:30,16.1993,1,0
2026-09-03 06:27:00,14.4384,1,0
2026-09-03 06:27:30,10.2025,1,0
2026-09-03 06:28:00,12.7211,1,0
2026-09-03 06:28:30,12.1148,1,0
2026-09-03 06:29:00,17.9053,1,0
2026-09-03 06:29:30,16.2107,1,0
2026-09-03 06:30:00,12.4806,1,0
2026-09-03 06:30:30,4.6104,1,0
2026-09-03 06:31:00,13.8187,1,0
2026-09-03 06:31:30,20.4195,1,0
2026-09-03 06:32:00,16.0263,1,0
2026-09-03 06:32:30,10.58,1,0
2026-09-03 06:33:00,17.3243,1,0
2026-09-03 06:33:30,18.7174,1,0
2026-09-03 06:34:00,12.2126,1,0
2026-09-03 06:34:30,8.1563,1,0
2026-09-03 06:35:00,12.0963,1,0
2026-09-03 06:35:30,12.3767,1,0
2026-09-03 06:36:00,8.5366,1,0
2026-09-03 06:36:30,8.1512,1,0
2026-09-03 06:37:00,1.9513,1,0
2026-09-03 06:37:30,13.452,1,0
2026-09-03 06:38:00,14.0658,1,0
2026-09-03 06:38:30,8.2954,1,0
2026-09-03 06:39:00,15.8904,1,0
2026-09-03 06:39:30,15.1566,1,0
2026-09-03 06:40:00,1.2482,1,0
2026-09-03 06:40:30,4.454,1,0
2026-09-03 06:41:00,15.7843,1,0
2026-09-03 06:41:30,9.3101,1,0
2026-09-03 06:42:00,15.091,1,0
2026-09-03 06:42:30,18.3513,1,0
2026-09-03 06:43:00,9.7568,1,0
2026-09-03 06:43:30,12.5098,1,0
2026-09-03 06:44:00,8.2468,1,0
2026-09-03 06:44:30,9.5519,1,0
2026-09-03 06:45:00,1.3787,1,0
2026-09-03 06:45:30,4.5092,1,0
2026-09-03 06:46:00,-1.4664,0,0
2026-09-03 06:46:30,-5.2257,0,0
2026-09-03 06:47:00,1.3787,1,0
2026-09-03 06:47:30,-3.5494,0,0
2026-09-03 06:48:00,1.8533,1,0
2026-09-03 06:48:30,2.2576,1,0
2026-09-03 06:49:00,0.854,1,0
2026-09-03 06:49:30,8.8729,1,0
2026-09-03 06:50:00,10.5202,1,0
2026-09-03 06:50:30,10.9111,1,0
2026-09-03 06:51:00,17.6154,1,0
2026-09-03 06:51:30,15.7394,1,0
2026-09-03 06:52:00,12.271,1,0
2026-09-03 06:52:30,13.3,1,0
2026-09-03 06:53:00,13.7515,1,0
2026-09-03 06:53:30,11.4245,1,0
2026-09-03 06:54:00,13.2142,1,0
2026-09-03 06:54:30,12.6348,1,0
2026-09-03 06:55:00,7.7809,1,0
2026-09-03 06:55:30,13.7357,1,0
2026-09-03 06:56:00,-1.0618,0,0
2026-09-03 06:56:30,7.7719,1,0
2026-09-03 06:57:00,9.134,1,0
2026-09-03 06:57:30,16.6524,1,0
2026-09-03 06:58:00,17.7184,1,0
2026-09-03 06:58:30,10.809,1,0
2026-09-03 06:59:00,-6.3806,0,0
2026-09-03 06:59:30,-7.5311,0,0
2026-09-03 07:00:00,-5.9155,0,0
2026-09-03 07:00:30,-5.3249,0,0
2026-09-03 07:01:00,-3.916,0,0
2026-09-03 07:01:30,-0.2654,0,0
2026-09-03 07:02:00,0.5318,1,0
2026-09-03 07:02:30,-4.3461,0,0
2026-09-03 07:03:00,10.0691,1,0
2026-09-03 07:03:30,5.4022,1,0
2026-09-03 07:04:00,8.2291,1,0
2026-09-03 07:04:30,11.6978,1,0
2026-09-03 07:05:00,6.262,1,0
2026-09-03 07:05:30,0.773,1,0
2026-09-03 07:06:00,7.4174,1,0
2026-09-03 07:06:30,6.895,1,0
2026-09-03 07:07:00,8.5956,1,0
2026-09-03 07:07:30,10.1647,1,0
2026-09-03 07:08:00,9.0012,1,0
2026-09-03 07:08:30,-0.4844,0,0
2026-09-03 07:09:00,9.8223,1,0
2026-09-03 07:09:30,10.0288,1,0
2026-09-03 07:10:00,4.879,1,0
2026-09-03 07:10:30,12.1332,1,0
2026-09-03 07:11:00,0.5242,1,0
2026-09-03 07:11:30,3.7775,1,0
2026-09-03 07:12:00,14.8336,1,0
2026-09-03 07:12:30,16.0438,1,0
2026-09-03 07:13:00,9.8738,1,0
2026-09-03 07:13:30,9.3004,1,0
2026-09-03 07:14:00,11.7877,1,0
2026-09-03 07:14:30,8.2616,1,0
2026-09-03 07:15:00,10.2658,1,0
2026-09-03 07:15:30,4.0185,1,0
2026-09-03 07:16:00,7.6977,1,0
2026-09-03 07:16:30,9.8756,1,0
2026-09-03 07:17:00,4.9029,1,0
2026-09-03 07:17:30,3.4155,1,0
2026-09-03 07:18:00,-0.0419,0,0
2026-09-03 07:18:30,-0.0002,0,0
2026-09-03 07:19:00,3.697,1,0
2026-09-03 07:19:30,7.1464,1,0
2026-09-03 07:20:00,1.8212,1,0
2026-09-03 07:20:30,7.3363,1,0
2026-09-03 07:21:00,7.005,1,0
2026-09-03 07:21:30,4.8956,1,0
2026-09-03 07:22:00,10.859,1,0
2026-09-03 07:22:30,4.5442,1,0
2026-09-03 07:23:00,7.6297,1,0
2026-09-03 07:23:30,8.2611,1,0
2026-09-03 07:24:00,6.8463,1,0
2026-09-03 07:24:30,3.9209,1,0
2026-09-03 07:25:00,14.7687,1,0
2026-09-03 07:25:30,14.0946,1,0
2026-09-03 07:26:00,9.7465,1,0
2026-09-03 07:26:30,9.1046,1,0
2026-09-03 07:27:00,9.9756,1,0
2026-09-03 07:27:30,8.2083,1,0
2026-09-03 07:28:00,14.5532,1,0
2026-09-03 07:28:30,11.3092,1,0
2026-09-03 07:29:00,12.3275,1,0
2026-09-03 07:29:30,14.967,1,0
2026-09-03 07:30:00,11.2996,1,0
2026-09-03 07:30:30,-2.3516,0,0
2026-09-03 07:31:00,-7.2803,0,0
2026-09-03 07:31:30,2.8906,1,0
2026-09-03 07:32:00,4.332,1,0
2026-09-03 07:32:30,9.7836,1,0
2026-09-03 07:33:00,6.8738,1,0
2026-09-03 07:33:30,7.6486,1,0
2026-09-03 07:34:00,12.3473,1,0
2026-09-03 07:34:30,5.6395,1,0
2026-09-03 07:35:00,7.6605,1,0
2026-09-03 07:35:30,3.0538,1,0
2026-09-03 07:36:00,-0.4165,0,0
2026-09-03 07:36:30,-3.1165,0,0
2026-09-03 07:37:00,-8.4708,0,0
2026-09-03 07:37:30,7.0606,1,0
2026-09-03 07:38:00,9.6117,1,0
2026-09-03 07:38:30,12.038,1,0
2026-09-03 07:39:00,11.8183,1,0
2026-09-03 07:39:30,17.5134,1,0
2026-09-03 07:40:00,20.4325,1,0
2026-09-03 07:40:30,12.2392,1,0
2026-09-03 07:41:00,12.9018,1,0
2026-09-03 07:41:30,18.8883,1,0
2026-09-03 07:42:00,16.1492,1,0
2026-09-03 07:42:30,10.5086,1,0
2026-09-03 07:43:00,11.6441,1,0
2026-09-03 07:43:30,16.6686,1,0
2026-09-03 07:44:00,13.2741,1,0
2026-09-03 07:44:30,11.6451,1,0
2026-09-03 07:45:00,14.188,1,0
2026-09-03 07:45:30,15.6525,1,0
2026-09-03 07:46:00,15.1322,1,0
2026-09-03 07:46:30,13.9274,1,0
2026-09-03 07:47:00,20.9633,1,0
2026-09-03 07:47:30,19.7161,1,0
2026-09-03 07:48:00,23.5061,1,0
2026-09-03 07:48:30,20.3046,1,0
2026-09-03 07:49:00,21.3426,1,0
2026-09-03 07:49:30,14.254,1,0
2026-09-03 07:50:00,12.0317,1,0
2026-09-03 07:50:30,17.849,1,0
2026-09-03 07:51:00,16.4882,1,0
2026-09-03 07:51:30,18.4802,1,0
2026-09-03 07:52:00,19.2702,1,0
2026-09-03 07:52:30,21.1238,1,0
2026-09-03 07:53:00,21.0626,1,0
2026-09-03 07:53:30,14.6059,1,0
2026-09-03 07:54:00,17.6222,1,0
2026-09-03 07:54:30,10.8989,1,0
2026-09-03 07:55:00,13.457,1,0
2026-09-03 07:55:30,16.5984,1,0
2026-09-03 07:56:00,19.3511,1,0
2026-09-03 07:56:30,12.8537,1,0
2026-09-03 07:57:00,18.3797,1,0
2026-09-03 07:57:30,9.2851,1,0
2026-09-03 07:58:00,16.7313,1,0
2026-09-03 07:58:30,13.3154,1,0
2026-09-03 07:59:00,12.1933,1,0
2026-09-03 07:59:30,13.1609,1,0
2026-09-03 08:00:00,20.4279,1,0
2026-09-03 08:00:30,18.5923,1,0
2026-09-03 08:01:00,13.7526,1,0
2026-09-03 08:01:30,17.0026,1,0
2026-09-03 08:02:00,18.4867,1,0
2026-09-03 08:02:30,18.8506,1,0
2026-09-03 08:03:00,11.1346,1,0
2026-09-03 08:03:30,17.9244,1,0
2026-09-03 08:04:00,10.2429,1,0
2026-09-03 08:04:30,14.7152,1,0
2026-09-03 08:05:00,3.7968,1,0
2026-09-03 08:05:30,16.1804,1,0
2026-09-03 08:06:00,10.1488,1,0
2026-09-03 08:06:30,5.3213,1,0
2026-09-03 08:07:00,4.6535,1,0
2026-09-03 08:07:30,11.7439,1,0
2026-09-03 08:08:00,4.6919,1,0
2026-09-03 08:08:30,-2.4391,0,0
2026-09-03 08:09:00,-4.3068,0,0
2026-09-03 08:09:30,-0.8516,0,0
2026-09-03 08:10:00,-8.1973,0,0
2026-09-03 08:10:30,-11.0733,0,0
2026-09-03 08:11:00,-5.6964,0,0
2026-09-03 08:11:30,5.3334,1,0
2026-09-03 08:12:00,12.2065,1,0
2026-09-03 08:12:30,13.8516,1,0
2026-09-03 08:13:00,18.3459,1,0
2026-09-03 08:13:30,19.8425,1,0
2026-09-03 08:14:00,13.1161,1,0
2026-09-03 08:14:30,19.8361,1,0
2026-09-03 08:15:00,17.7804,1,0
2026-09-03 08:15:30,18.5527,1,0
2026-09-03 08:16:00,4.1594,1,0
2026-09-03 08:16:30,15.9849,1,0
2026-09-03 08:17:00,10.3473,1,0
2026-09-03 08:17:30,7.7422,1,0
2026-09-03 08:18:00,6.7591,1,0
2026-09-03 08:18:30,10.8546,1,0
2026-09-03 08:19:00,7.9056,1,0
2026-09-03 08:19:30,5.8952,1,0
2026-09-03 08:20:00,9.2281,1,0
2026-09-03 08:20:30,5.6967,1,0
2026-09-03 08:21:00,4.6042,1,0
2026-09-03 08:21:30,8.5368,1,0
2026-09-03 08:22:00,7.7367,1,0
2026-09-03 08:22:30,7.4959,1,0
2026-09-03 08:23:00,13.9152,1,0
2026-09-03 08:23:30,18.915,1,0
2026-09-03 08:24:00,16.0719,1,0
2026-09-03 08:24:30,16.7606,1,0
2026-09-03 08:25:00,18.1207,1,0
2026-09-03 08:25:30,11.1332,1,0
2026-09-03 08:26:00,17.9264,1,0
2026-09-03 08:26:30,15.3189,1,0
2026-09-03 08:27:00,14.9025,1,0
2026-09-03 08:27:30,14.4462,1,0
2026-09-03 08:28:00,16.0264,1,0
2026-09-03 08:28:30,12.8373,1,0
2026-09-03 08:29:00,11.2349,1,0
2026-09-03 08:29:30,12.9209,1,0
2026-09-03 08:30:00,12.3905,1,0
2026-09-03 08:30:30,12.2033,1,0
2026-09-03 08:31:00,12.2053,1,0
2026-09-03 08:31:30,13.9789,1,0
2026-09-03 08:32:00,16.3705,1,0
2026-09-03 08:32:30,0.8216,1,0
2026-09-03 08:33:00,2.5423,1,0
2026-09-03 08:33:30,3.5063,1,0
2026-09-03 08:34:00,6.0489,1,0
2026-09-03 08:34:30,7.9975,1,0
2026-09-03 08:35:00,5.4086,1,0
2026-09-03 08:35:30,3.504,1,0
2026-09-03 08:36:00,2.4412,1,0
2026-09-03 08:36:30,4.1532,1,0
2026-09-03 08:37:00,3.9409,1,0
2026-09-03 08:37:30,7.7857,1,0
2026-09-03 08:38:00,3.1655,1,0
2026-09-03 08:38:30,-1.1301,0,0
2026-09-03 08:39:00,14.5191,1,0
2026-09-03 08:39:30,8.8443,1,0
2026-09-03 08:40:00,11.3527,1,0
2026-09-03 08:40:30,8.3619,1,0
2026-09-03 08:41:00,9.537,1,0
2026-09-03 08:41:30,16.5226,1,0
2026-09-03 08:42:00,6.0651,1,0
2026-09-03 08:42:30,14.8399,1,0
2026-09-03 08:43:00,13.593,1,0
2026-09-03 08:43:30,5.0414,1,0
2026-09-03 08:44:00,13.2441,1,0
2026-09-03 08:44:30,9.9569,1,0
2026-09-03 08:45:00,1.1546,1,0
2026-09-03 08:45:30,6.8351,1,0
2026-09-03 08:46:00,7.6169,1,0
2026-09-03 08:46:30,0.0002,1,0
2026-09-03 08:47:00,6.8763,1,0
2026-09-03 08:47:30,10.0223,1,0
2026-09-03 08:48:00,11.4187,1,0
2026-09-03 08:48:30,12.1052,1,0
2026-09-03 08:49:00,6.1711,1,0
2026-09-03 08:49:30,4.7981,1,0
2026-09-03 08:50:00,2.2928,1,0
2026-09-03 08:50:30,-1.02,0,0
2026-09-03 08:51:00,12.0962,1,0
2026-09-03 08:51:30,8.9435,1,0
2026-09-03 08:52:00,2.7613,1,0
2026-09-03 08:52:30,4.1617,1,0
2026-09-03 08:53:00,7.4787,1,0
2026-09-03 08:53:30,2.9226,1,0
2026-09-03 08:54:00,13.7586,1,0
2026-09-03 08:54:30,9.7982,1,0
2026-09-03 08:55:00,12.4147,1,0
2026-09-03 08:55:30,12.2389,1,0
2026-09-03 08:56:00,13.0513,1,0
2026-09-03 08:56:30,14.3603,1,0
2026-09-03 08:57:00,17.3216,1,0
2026-09-03 08:57:30,16.8085,1,0
2026-09-03 08:58:00,17.4558,1,0
2026-09-03 08:58:30,21.4524,1,0
2026-09-03 08:59:00,9.1701,1,0
2026-09-03 08:59:30,2.1422,1,0
2026-09-03 09:00:00,8.4133,1,0
2026-09-03 09:00:30,12.1232,1,0
2026-09-03 09:01:00,11.3282,1,0
2026-09-03 09:01:30,11.8681,1,0
2026-09-03 09:02:00,10.9729,1,0
2026-09-03 09:02:30,6.7057,1,0
2026-09-03 09:03:00,10.8873,1,0
2026-09-03 09:03:30,4.4404,1,0
2026-09-03 09:04:00,-0.8927,0,0
2026-09-03 09:04:30,5.8074,1,0
2026-09-03 09:05:00,8.4635,1,0
2026-09-03 09:05:30,-2.7138,0,0
2026-09-03 09:06:00,1.1631,1,0
2026-09-03 09:06:30,1.5763,1,0
2026-09-03 09:07:00,5.7652,1,0
2026-09-03 09:07:30,8.756,1,0
2026-09-03 09:08:00,7.7418,1,0
2026-09-03 09:08:30,7.4895,1,0
2026-09-03 09:09:00,-5.2469,0,0
2026-09-03 09:09:30,-5.0435,0,0
2026-09-03 09:10:00,1.4246,1,0
2026-09-03 09:10:30,4.2855,1,0
2026-09-03 09:11:00,1.2018,1,0
2026-09-03 09:11:30,8.5631,1,0
2026-09-03 09:12:00,13.6439,1,0
2026-09-03 09:12:30,7.2107,1,0
2026-09-03 09:13:00,13.2113,1,0
2026-09-03 09:13:30,13.2989,1,0
2026-09-03 09:14:00,12.9983,1,0
2026-09-03 09:14:30,17.2796,1,0
2026-09-03 09:15:00,9.1825,1,0
2026-09-03 09:15:30,11.7301,1,0
2026-09-03 09:16:00,16.0664,1,0
2026-09-03 09:16:30,13.4179,1,0
2026-09-03 09:17:00,-5.8977,0,0
2026-09-03 09:17:30,13.7015,1,0
2026-09-03 09:18:00,13.2833,1,0
2026-09-03 09:18:30,12.0115,1,0
2026-09-03 09:19:00,5.3632,1,0
2026-09-03 09:19:30,-5.705,0,0
2026-09-03 09:20:00,8.3432,1,0
2026-09-03 09:20:30,6.7074,1,0
2026-09-03 09:21:00,5.6395,1,0
2026-09-03 09:21:30,1.3261,1,0
2026-09-03 09:22:00,9.3282,1,0
2026-09-03 09:22:30,10.1528,1,0
2026-09-03 09:23:00,10.7117,1,0
2026-09-03 09:23:30,5.7393,1,0
2026-09-03 09:24:00,7.9116,1,0
2026-09-03 09:24:30,10.8011,1,0
2026-09-03 09:25:00,12.4814,1,0
2026-09-03 09:25:30,11.8128,1,0
2026-09-03 09:26:00,16.0193,1,0
2026-09-03 09:26:30,12.993,1,0
2026-09-03 09:27:00,15.9191,1,0
2026-09-03 09:27:30,18.3628,1,0
2026-09-03 09:28:00,18.1752,1,0
2026-09-03 09:28:30,15.1485,1,0
2026-09-03 09:29:00,14.597,1,0
2026-09-03 09:29:30,14.8406,1,0
2026-09-03 09:30:00,8.4345,1,0
2026-09-03 09:30:30,11.3205,1,0
2026-09-03 09:31:00,8.1666,1,0
2026-09-03 09:31:30,16.4639,1,0
2026-09-03 09:32:00,13.7013,1,0
2026-09-03 09:32:30,9.9297,1,0
2026-09-03 09:33:00,12.5393,1,0
2026-09-03 09:33:30,15.6228,1,0
2026-09-03 09:34:00,15.3284,1,0
2026-09-03 09:34:30,1.3484,1,0
2026-09-03 09:35:00,12.3333,1,0
2026-09-03 09:35:30,9.7465,1,0
2026-09-03 09:36:00,10.7676,1,0
2026-09-03 09:36:30,17.8026,1,0
2026-09-03 09:37:00,16.3383,1,0
2026-09-03 09:37:30,15.519,1,0
2026-09-03 09:38:00,16.0335,1,0
2026-09-03 09:38:30,12.3425,1,0
2026-09-03 09:39:00,15.6708,1,0
2026-09-03 09:39:30,15.37,1,0
2026-09-03 09:40:00,12.7635,1,0
2026-09-03 09:40:30,-1.086,0,0
2026-09-03 09:41:00,9.2663,1,0
2026-09-03 09:41:30,6.7979,1,0
2026-09-03 09:42:00,6.6409,1,0
2026-09-03 09:42:30,0.4522,1,0
2026-09-03 09:43:00,6.514,1,0
2026-09-03 09:43:30,5.5963,1,0
2026-09-03 09:44:00,7.0308,1,0
2026-09-03 09:44:30,6.6184,1,0
2026-09-03 09:45:00,4.1724,1,0
2026-09-03 09:45:30,4.0914,1,0
2026-09-03 09:46:00,5.3983,1,0
2026-09-03 09:46:30,4.163,1,0
2026-09-03 09:47:00,7.9113,1,0
2026-09-03 09:47:30,7.6129,1,0
2026-09-03 09:48:00,11.3327,1,0
2026-09-03 09:48:30,9.6356,1,0
2026-09-03 09:49:00,0.7377,1,0
2026-09-03 09:49:30,7.0532,1,0
2026-09-03 09:50:00,11.9357,1,0
2026-09-03 09:50:30,8.7294,1,0
2026-09-03 09:51:00,9.4343,1,0
2026-09-03 09:51:30,12.8311,1,0
2026-09-03 09:52:00,13.2647,1,0
2026-09-03 09:52:30,14.1824,1,0
2026-09-03 09:53:00,16.3615,1,0
2026-09-03 09:53:30,15.069,1,0
2026-09-03 09:54:00,7.7279,1,0
2026-09-03 09:54:30,3.9117,1,0
2026-09-03 09:55:00,-0.0001,0,0
2026-09-03 09:55:30,-14.0729,0,0
2026-09-03 09:56:00,-17.5366,0,0
2026-09-03 09:56:30,-20.9967,0,0
2026-09-03 09:57:00,-18.305,0,0
2026-09-03 09:57:30,-15.0297,0,0
2026-09-03 09:58:00,-14.2341,0,0
2026-09-03 09:58:30,-11.1589,0,0
2026-09-03 09:59:00,-7.4154,0,0
2026-09-03 09:59:30,6.9314,1,0
2026-09-03 10:00:00,4.9702,1,0
2026-09-03 10:00:30,13.7834,1,0
2026-09-03 10:01:00,1.2405,1,0
2026-09-03 10:01:30,7.5247,1,0
2026-09-03 10:02:00,15.4738,1,0
2026-09-03 10:02:30,12.3562,1,0
2026-09-03 10:03:00,8.8918,1,0
2026-09-03 10:03:30,12.0504,1,0
2026-09-03 10:04:00,2.8355,1,0
2026-09-03 10:04:30,4.3315,1,0
2026-09-03 10:05:00,4.9418,1,0
2026-09-03 10:05:30,3.7823,1,0
2026-09-03 10:06:00,7.9377,1,0
2026-09-03 10:06:30,6.6852,1,0
2026-09-03 10:07:00,-0.0003,0,0
2026-09-03 10:07:30,2.5963,1,0
2026-09-03 10:08:00,3.5776,1,0
2026-09-03 10:08:30,-1.2962,0,0
2026-09-03 10:09:00,-4.5235,0,0
2026-09-03 10:09:30,-1.152,0,0
2026-09-03 10:10:00,4.2133,1,0
2026-09-03 10:10:30,0.0279,1,0
2026-09-03 10:11:00,5.6526,1,0
2026-09-03 10:11:30,-2.2806,0,0
2026-09-03 10:12:00,5.0069,1,0
2026-09-03 10:12:30,5.4235,1,0
2026-09-03 10:13:00,0.1575,1,0
2026-09-03 10:13:30,1.5262,1,0
2026-09-03 10:14:00,7.6017,1,0
2026-09-03 10:14:30,3.2965,1,0
2026-09-03 10:15:00,5.282,1,0
2026-09-03 10:15:30,1.6738,1,0
2026-09-03 10:16:00,6.3782,1,0
2026-09-03 10:16:30,7.0725,1,0
2026-09-03 10:17:00,8.4019,1,0
2026-09-03 10:17:30,5.0562,1,0
2026-09-03 10:18:00,8.5145,1,0
2026-09-03 10:18:30,10.8272,1,0
2026-09-03 10:19:00,11.9854,1,0
2026-09-03 10:19:30,2.1508,1,0
2026-09-03 10:20:00,10.1269,1,0
2026-09-03 10:20:30,9.2904,1,0
2026-09-03 10:21:00,10.95,1,0
2026-09-03 10:21:30,12.3573,1,0
2026-09-03 10:22:00,12.2059,1,0
2026-09-03 10:22:30,13.9712,1,0
2026-09-03 10:23:00,8.6303,1,0
2026-09-03 10:23:30,2.5669,1,0
2026-09-03 10:24:00,12.2585,1,0
2026-09-03 10:24:30,11.6533,1,0
2026-09-03 10:25:00,7.035,1,0
2026-09-03 10:25:30,5.1947,1,0
2026-09-03 10:26:00,3.1475,1,0
2026-09-03 10:26:30,5.8777,1,0
2026-09-03 10:27:00,6.563,1,0
2026-09-03 10:27:30,6.4335,1,0
2026-09-03 10:28:00,8.3476,1,0
2026-09-03 10:28:30,13.5987,1,0
2026-09-03 10:29:00,11.2778,1,0
2026-09-03 10:29:30,9.4547,1,0
2026-09-03 10:30:00,9.9132,1,0
2026-09-03 10:30:30,10.3256,1,0
2026-09-03 10:31:00,3.824,1,0
2026-09-03 10:31:30,1.4925,1,0
2026-09-03 10:32:00,9.4427,1,0
2026-09-03 10:32:30,6.7563,1,0
2026-09-03 10:33:00,8.3631,1,0
2026-09-03 10:33:30,8.8719,1,0
2026-09-03 10:34:00,3.8679,1,0
2026-09-03 10:34:30,12.4308,1,0
2026-09-03 10:35:00,10.7125,1,0
2026-09-03 10:35:30,9.478,1,0
2026-09-03 10:36:00,11.3916,1,0
2026-09-03 10:36:30,5.422,1,0
2026-09-03 10:37:00,5.4533,1,0
2026-09-03 10:37:30,5.8184,1,0
2026-09-03 10:38:00,11.2551,1,0
2026-09-03 10:38:30,9.0495,1,0
2026-09-03 10:39:00,13.5926,1,0
2026-09-03 10:39:30,12.6654,1,0
2026-09-03 10:40:00,13.1052,1,0
2026-09-03 10:40:30,14.6006,1,0
2026-09-03 10:41:00,12.0413,1,0
2026-09-03 10:41:30,8.7862,1,0
2026-09-03 10:42:00,4.9047,1,0
2026-09-03 10:42:30,0.5636,1,0
2026-09-03 10:43:00,7.1201,1,0
2026-09-03 10:43:30,2.4416,1,0
2026-09-03 10:44:00,5.5172,1,0
2026-09-03 10:44:30,5.2842,1,0
2026-09-03 10:45:00,5.5913,1,0
2026-09-03 10:45:30,-0.0002,0,0
2026-09-03 10:46:00,9.5303,1,0
2026-09-03 10:46:30,7.5087,1,0
2026-09-03 10:47:00,-1.2368,0,0
2026-09-03 10:47:30,-5.9233,0,0
2026-09-03 10:48:00,0.3452,1,0
2026-09-03 10:48:30,-1.0212,0,0
2026-09-03 10:49:00,1.5581,1,0
2026-09-03 10:49:30,2.6428,1,0
2026-09-03 10:50:00,2.5416,1,0
2026-09-03 10:50:30,0.0968,1,0
2026-09-03 10:51:00,2.8609,1,0
2026-09-03 10:51:30,1.8649,1,0
2026-09-03 10:52:00,6.7506,1,0
2026-09-03 10:52:30,7.054,1,0
2026-09-03 10:53:00,10.8606,1,0
2026-09-03 10:53:30,7.7433,1,0
2026-09-03 10:54:00,6.107,1,0
2026-09-03 10:54:30,9.0711,1,0
2026-09-03 10:55:00,-0.0001,0,0
2026-09-03 10:55:30,8.8322,1,0
2026-09-03 10:56:00,8.4283,1,0
2026-09-03 10:56:30,6.436,1,0
2026-09-03 10:57:00,8.1092,1,0
2026-09-03 10:57:30,3.4235,1,0
2026-09-03 10:58:00,11.8173,1,0
2026-09-03 10:58:30,8.8549,1,0
2026-09-03 10:59:00,9.1175,1,0
2026-09-03 10:59:30,-0.0,0,0
2026-09-03 11:00:00,11.0519,1,0
2026-09-03 11:00:30,11.383,1,0
2026-09-03 11:01:00,16.5575,1,0
2026-09-03 11:01:30,16.6422,1,0
2026-09-03 11:02:00,9.5252,1,0
2026-09-03 11:02:30,9.4895,1,0
2026-09-03 11:03:00,9.4604,1,0
2026-09-03 11:03:30,2.0103,1,0
2026-09-03 11:04:00,5.0135,1,0
2026-09-03 11:04:30,6.2799,1,0
2026-09-03 11:05:00,6.9746,1,0
2026-09-03 11:05:30,1.4726,1,0
2026-09-03 11:06:00,11.3165,1,0
2026-09-03 11:06:30,7.6232,1,0
2026-09-03 11:07:00,6.5434,1,0
2026-09-03 11:07:30,5.6574,1,0
2026-09-03 11:08:00,1.6031,1,0
2026-09-03 11:08:30,13.9954,1,0
2026-09-03 11:09:00,12.3473,1,0
2026-09-03 11:09:30,12.3593,1,0
2026-09-03 11:10:00,13.162,1,0
2026-09-03 11:10:30,14.0498,1,0
2026-09-03 11:11:00,10.3776,1,0
2026-09-03 11:11:30,3.4506,1,0
2026-09-03 11:12:00,10.8953,1,0
2026-09-03 11:12:30,8.3625,1,0
2026-09-03 11:13:00,10.8714,1,0
2026-09-03 11:13:30,7.0626,1,0
2026-09-03 11:14:00,-0.9946,0,0
2026-09-03 11:14:30,3.1391,1,0
2026-09-03 11:15:00,-0.8377,0,0
2026-09-03 11:15:30,10.4811,1,0
2026-09-03 11:16:00,10.5958,1,0
2026-09-03 11:16:30,5.9073,1,0
2026-09-03 11:17:00,7.0465,1,0
2026-09-03 11:17:30,9.1299,1,0
2026-09-03 11:18:00,10.0307,1,0
2026-09-03 11:18:30,6.8613,1,0
2026-09-03 11:19:00,9.0741,1,0
2026-09-03 11:19:30,6.5599,1,0
2026-09-03 11:20:00,11.3879,1,0
2026-09-03 11:20:30,11.5761,1,0
2026-09-03 11:21:00,10.7136,1,0
2026-09-03 11:21:30,15.1258,1,0
2026-09-03 11:22:00,10.8449,1,0
2026-09-03 11:22:30,10.3827,1,0
2026-09-03 11:23:00,9.9377,1,0
2026-09-03 11:23:30,13.0602,1,0
2026-09-03 11:24:00,13.0708,1,0
2026-09-03 11:24:30,13.0913,1,0
2026-09-03 11:25:00,1.3439,1,0
2026-09-03 11:25:30,3.8804,1,0
2026-09-03 11:26:00,2.668,1,0
2026-09-03 11:26:30,5.154,1,0
2026-09-03 11:27:00,-1.9926,0,0
2026-09-03 11:27:30,5.8235,1,0
2026-09-03 11:28:00,9.7717,1,0
2026-09-03 11:28:30,8.941,1,0
2026-09-03 11:29:00,-1.4462,0,0
2026-09-03 11:29:30,10.6722,1,0
2026-09-03 11:30:00,9.9259,1,0
2026-09-03 11:30:30,5.7793,1,0
2026-09-03 11:31:00,6.0742,1,0
2026-09-03 11:31:30,8.6671,1,0
2026-09-03 11:32:00,4.976,1,0
2026-09-03 11:32:30,7.432,1,0
2026-09-03 11:33:00,3.9595,1,0
2026-09-03 11:33:30,1.0491,1,0
2026-09-03 11:34:00,2.3859,1,0
2026-09-03 11:34:30,3.9387,1,0
2026-09-03 11:35:00,-4.5701,0,0
2026-09-03 11:35:30,5.6548,1,0
2026-09-03 11:36:00,-1.6382,0,0
2026-09-03 11:36:30,3.1346,1,0
2026-09-03 11:37:00,-4.6838,0,0
2026-09-03 11:37:30,0.7168,1,0
2026-09-03 11:38:00,-2.6323,0,0
2026-09-03 11:38:30,1.5614,1,0
2026-09-03 11:39:00,-0.4636,0,0
2026-09-03 11:39:30,6.8812,1,0
2026-09-03 11:40:00,8.6297,1,0
2026-09-03 11:40:30,9.483,1,0
2026-09-03 11:41:00,8.9748,1,0
2026-09-03 11:41:30,8.5745,1,0
2026-09-03 11:42:00,2.6553,1,0
2026-09-03 11:42:30,6.366,1,0
2026-09-03 11:43:00,0.173,1,0
2026-09-03 11:43:30,1.7568,1,0
2026-09-03 11:44:00,2.9168,1,0
2026-09-03 11:44:30,7.3183,1,0
2026-09-03 11:45:00,15.8837,1,0
2026-09-03 11:45:30,15.844,1,0
2026-09-03 11:46:00,14.8562,1,0
2026-09-03 11:46:30,15.6847,1,0
2026-09-03 11:47:00,7.0579,1,0
2026-09-03 11:47:30,13.7043,1,0
2026-09-03 11:48:00,14.9946,1,0
2026-09-03 11:48:30,13.7989,1,0
2026-09-03 11:49:00,14.4302,1,0
2026-09-03 11:49:30,11.3348,1,0
2026-09-03 11:50:00,10.6265,1,0
2026-09-03 11:50:30,6.4384,1,0
2026-09-03 11:51:00,11.213,1,0
2026-09-03 11:51:30,8.8441,1,0
2026-09-03 11:52:00,6.5154,1,0
2026-09-03 11:52:30,7.0678,1,0
2026-09-03 11:53:00,2.4468,1,0
2026-09-03 11:53:30,1.2534,1,0
2026-09-03 11:54:00,-0.6993,0,0
2026-09-03 11:54:30,5.3003,1,0
2026-09-03 11:55:00,-2.7229,0,0
2026-09-03 11:55:30,2.6816,1,0
2026-09-03 11:56:00,-2.0712,0,0
2026-09-03 11:56:30,3.9376,1,0
2026-09-03 11:57:00,8.1553,1,0
2026-09-03 11:57:30,7.6847,1,0
2026-09-03 11:58:00,9.5293,1,0
2026-09-03 11:58:30,11.1762,1,0
2026-09-03 11:59:00,7.6347,1,0
2026-09-03 11:59:30,8.9771,1,0
